industry_group,naics_code,naics_description,borrower_name,borrower_city,borrower_state,approval_date,approval_fy,loan_amount,loan_count,lender,initial_rate,term_months,jobs_supported,status,sba_express,has_revolver,source_as_of
Financial advisors,523930,Investment Advice,"Measured Wealth Private Client Group, Llc",Portsmouth,NH,2018-01-01,2018,527800,1,Northeast Bank,5.5,120.0,0.0,Paid in full,False,False,2026-06-30
"Accounting, tax & bookkeeping",541211,Offices of Certified Public Accountants,"Jwvc Cpas, A Professional Corporation",San Gabriel,CA,2018-01-05,2018,498500,1,"Bank of America, National Association",5.0,120.0,6.0,Active,False,False,2026-06-30
Insurance agencies,524210,Insurance Agencies and Brokerages,"Evans Stands, Inc.",Cherokee,OK,2018-01-11,2018,212000,1,ACB Bank,6.0,120.0,5.0,Paid in full,True,False,2026-06-30
Architecture & engineering,541330,Engineering Services,"Gm2 Associates, Inc.",Glastonbury,CT,2018-01-11,2018,1045000,1,"TD Bank, National Association",6.0,121.0,50.0,Paid in full,False,False,2026-06-30
"Accounting, tax & bookkeeping",541211,Offices of Certified Public Accountants,Skiba & Company Cpa'S Llc,Deerfield Beach,FL,2018-01-16,2018,950000,1,Seacoast National Bank,7.0,123.0,4.0,Active,False,False,2026-06-30
Financial advisors,523930,Investment Advice,David T. Morris,Clarks Summit,PA,2018-01-17,2018,755000,1,Live Oak Banking Company,6.75,120.0,4.0,Paid in full,False,False,2026-06-30
Financial advisors,523930,Investment Advice,Jason P Brienen,Tallahassee,FL,2018-01-17,2018,3875000,1,Live Oak Banking Company,6.4,120.0,4.0,Paid in full,False,False,2026-06-30
Financial advisors,523930,Investment Advice,Scott Armstrong  Brooks,Edgewood,KY,2018-01-17,2018,1165000,1,Byline Bank,7.25,120.0,0.0,Paid in full,False,False,2026-06-30
"Accounting, tax & bookkeeping",541219,Other Accounting Services,"Honeycpa, Inc.",Chattanooga,TN,2018-01-18,2018,475000,1,Live Oak Banking Company,6.5,120.0,4.0,Paid in full,False,False,2026-06-30
Financial advisors,523930,Investment Advice,Navigen Llc.,Green Bay,WI,2018-01-18,2018,231000,1,IncredibleBank,5.75,120.0,2.0,Paid in full,False,False,2026-06-30
Insurance agencies,524210,Insurance Agencies and Brokerages,Insurancegravy Llc,Appleton,WI,2018-01-19,2018,113500,1,"Bank First, N.A.",6.5,120.0,1.0,Paid in full,False,False,2026-06-30
"Accounting, tax & bookkeeping",541211,Offices of Certified Public Accountants,"Murphy Tax Solutions, Llc",Naples,FL,2018-01-19,2018,260000,1,"SouthState Bank, National Association",7.0,120.0,3.0,Paid in full,False,False,2026-06-30
Insurance agencies,524210,Insurance Agencies and Brokerages,"Qba Benefits, Llc",Cleveland,OH,2018-01-19,2018,2790000,1,Live Oak Banking Company,6.25,120.0,0.0,Paid in full,False,False,2026-06-30
"Accounting, tax & bookkeeping",541219,Other Accounting Services,Bottom Line Corporation,Bryan,TX,2018-01-23,2018,336500,1,American Momentum Bank,6.75,120.0,6.0,Paid in full,False,False,2026-06-30
"Accounting, tax & bookkeeping",541211,Offices of Certified Public Accountants,"Deel Financial, Pllc",Roanoke,VA,2018-01-23,2018,371800,2,Regions Bank,6.5,120.0,3.0,Paid in full,False,True,2026-06-30
Insurance agencies,524210,Insurance Agencies and Brokerages,"Field Insurance Services, Llc",San Diego,CA,2018-01-23,2018,208000,1,Enterprise Bank & Trust,6.75,120.0,4.0,Paid in full,False,False,2026-06-30
"Accounting, tax & bookkeeping",541211,Offices of Certified Public Accountants,"Crisler Cpa, Pllc",Brentwood,TN,2018-01-25,2018,1065400,1,"Bank of America, National Association",5.75,120.0,3.0,Active,False,False,2026-06-30
Insurance agencies,524210,Insurance Agencies and Brokerages,Stallion Insurance Group Inc,Verona,WI,2018-01-25,2018,625000,1,Live Oak Banking Company,6.5,120.0,2.0,Paid in full,False,False,2026-06-30
"Accounting, tax & bookkeeping",541211,Offices of Certified Public Accountants,"Action Tax, Llc",Bettendorf,IA,2018-01-30,2018,208000,1,"First Mid Bank & Trust, National Association",5.5,120.0,13.0,Paid in full,False,False,2026-06-30
Financial advisors,523930,Investment Advice,Dax D. Campbell,Springfield,IL,2018-01-31,2018,1400000,1,Live Oak Banking Company,6.5,120.0,2.0,Paid in full,False,False,2026-06-30
IT & software services,541511,Custom Computer Programming Services,Ata Development Llc,Eden Prairie,MN,2018-02-01,2018,1800000,1,Choice Financial Group,7.0,240.0,1.0,Paid in full,False,False,2026-06-30
"Accounting, tax & bookkeeping",541211,Offices of Certified Public Accountants,Cannon Clarke Cpa Llc,West Palm Beach,FL,2018-02-01,2018,269000,1,Wells Fargo Bank National Association,6.25,120.0,4.0,Paid in full,False,False,2026-06-30
IT & software services,541511,Custom Computer Programming Services,"Storeworks Technologies, Limited",Eden Prairie,MN,2018-02-01,2018,1900000,1,Choice Financial Group,7.25,94.0,23.0,Paid in full,False,False,2026-06-30
IT & software services,541512,Computer Systems Design Services,Association Analytics Inc,Mc Lean,VA,2018-02-02,2018,2835000,1,EagleBank,7.0,120.0,0.0,Paid in full,False,False,2026-06-30
Architecture & engineering,541350,Building Inspection Services,Decatur Homespec Llc,Forsyth,IL,2018-02-02,2018,180000,1,"First Mid Bank & Trust, National Association",6.5,120.0,3.0,Active,False,False,2026-06-30
"Accounting, tax & bookkeeping",541213,Tax Preparation Services,Aar Tax Services Llc,Easton,MD,2018-02-05,2018,152500,1,First Bank,7.0,120.0,2.0,Paid in full,False,False,2026-06-30
"Accounting, tax & bookkeeping",541213,Tax Preparation Services,"Nw Tax Services, Llc",Kent,WA,2018-02-06,2018,1330000,1,First Bank,7.25,49.0,24.0,Active,False,False,2026-06-30
"Accounting, tax & bookkeeping",541213,Tax Preparation Services,"William D. Smith & Associates, P.C.",Southfield,MI,2018-02-06,2018,872500,1,The Huntington National Bank,7.25,120.0,5.0,Paid in full,False,False,2026-06-30
Insurance agencies,524210,Insurance Agencies and Brokerages,Dg Agency Llc,Manahawkin,NJ,2018-02-08,2018,140000,1,Carver State Bank,7.25,62.0,5.0,Charged off,False,False,2026-06-30
"Accounting, tax & bookkeeping",541211,Offices of Certified Public Accountants,"Lb&T Accounting & Tax, Llc",Zionsville,IN,2018-02-08,2018,438300,1,Wells Fargo Bank National Association,7.0,120.0,3.0,Paid in full,False,False,2026-06-30
Advertising & marketing agencies,541810,Advertising Agencies,Jak Schmidt Inc,Rio Rancho,NM,2018-02-09,2018,481000,1,"BankUnited, National Association",7.25,120.0,6.0,Paid in full,False,False,2026-06-30
"Accounting, tax & bookkeeping",541213,Tax Preparation Services,"New Horizons Of Carolinas Ii, Inc.",Long Beach,MS,2018-02-09,2018,662500,1,"BankUnited, National Association",6.75,120.0,82.0,Paid in full,False,False,2026-06-30
"Accounting, tax & bookkeeping",541213,Tax Preparation Services,"New Horizons Of Florida Ii, Inc.",Long Beach,MS,2018-02-09,2018,559800,1,"BankUnited, National Association",6.75,120.0,42.0,Active,False,False,2026-06-30
Management consulting,541620,Environmental Consulting Services,"Get The Lead Out, Llc",Charlotte,NC,2018-02-12,2018,631000,1,First-Citizens Bank & Trust Company,6.55,123.0,9.0,Active,False,False,2026-06-30
"Accounting, tax & bookkeeping",541211,Offices of Certified Public Accountants,"Mark C. Eyring, Cpa, Pllc",Stafford,TX,2018-02-12,2018,825000,1,The MINT National Bank,6.5,120.0,4.0,Active,False,False,2026-06-30
Financial advisors,523930,Investment Advice,Matthew Dennis Wade,Lady Lake,FL,2018-02-12,2018,213000,1,Live Oak Banking Company,8.99,120.0,1.0,Paid in full,True,False,2026-06-30
Financial advisors,523930,Investment Advice,"Ffg Retirement, Inc.",Centennial,CO,2018-02-14,2018,1485000,1,Live Oak Banking Company,6.5,120.0,5.0,Paid in full,False,False,2026-06-30
"Accounting, tax & bookkeeping",541211,Offices of Certified Public Accountants,Roach &Amp; Company Llc,Woodbury,MN,2018-02-14,2018,175000,1,Platinum Bank,5.5,84.0,2.0,Paid in full,False,False,2026-06-30
Insurance agencies,524210,Insurance Agencies and Brokerages,"The Sprecher Agency, Llc",Silverton,OR,2018-02-14,2018,107500,1,Optus Bank,7.25,54.0,3.0,Charged off,False,False,2026-06-30
Architecture & engineering,541320,Landscape Architectural Services,"White Lawn Care, Inc.",Ipswich,MA,2018-02-14,2018,821000,1,Salem Five Cents Savings Bank,5.8,84.0,9.0,Paid in full,False,False,2026-06-30
Law firms,541110,Offices of Lawyers,"Isadeva, Llc",Lansing,MI,2018-02-15,2018,253200,1,"JPMorgan Chase Bank, National Association",6.0,240.0,7.0,Active,True,False,2026-06-30
Insurance agencies,524210,Insurance Agencies and Brokerages,Nm3 Agency Llc,Las Vegas,NV,2018-02-15,2018,1166000,1,Mechanics and Farmers Bank,6.5,120.0,3.0,Paid in full,False,False,2026-06-30
Insurance agencies,524210,Insurance Agencies and Brokerages,C&C Treasure Insurance Solutions Llc,Klamath Falls,OR,2018-02-16,2018,259000,1,Optus Bank,7.25,120.0,4.0,Charged off,False,False,2026-06-30
IT & software services,541512,Computer Systems Design Services,"Telcion East Bay, Llc",Dublin,CA,2018-02-22,2018,521800,1,Wells Fargo Bank National Association,6.4,120.0,23.0,Paid in full,False,False,2026-06-30
IT & software services,541511,Custom Computer Programming Services,Bennett Adelson Professional Services Llc,Cleveland,OH,2018-02-23,2018,3000000,1,"WesBanco Bank, Inc.",5.21,120.0,20.0,Paid in full,False,False,2026-06-30
IT & software services,541512,Computer Systems Design Services,Rev Commerce Llc,Stevensville,MD,2018-02-23,2018,240000,1,First National Bank of Pennsylvania,7.25,114.0,3.0,Paid in full,False,False,2026-06-30
Insurance agencies,524210,Insurance Agencies and Brokerages,Rone And Associates Llc,Ozark,MO,2018-02-23,2018,185000,1,The Huntington National Bank,5.75,120.0,5.0,Paid in full,False,False,2026-06-30
IT & software services,541519,Other Computer Related Services,9To9 Software Solutions Llc,East Berlin,CT,2018-02-27,2018,3868500,2,Happen Bank,7.0,121.0,100.0,Active,False,True,2026-06-30
Architecture & engineering,541370,Surveying and Mapping (except Geophysical) Services,"Emerald Land Design, Inc",Lutz,FL,2018-02-27,2018,253000,1,Valley National Bank,6.75,120.0,4.0,Paid in full,False,False,2026-06-30
Advertising & marketing agencies,541430,Graphic Design Services,Minnesota Design Systems Corporation,Plymouth,MN,2018-02-27,2018,144600,1,Metropolitan Economic Development Association,6.75,120.0,4.0,Active,False,False,2026-06-30
Financial advisors,523930,Investment Advice,The Broadview Group Llc,Chapel Hill,NC,2018-02-27,2018,3425000,1,Live Oak Banking Company,6.0,120.0,7.0,Paid in full,False,False,2026-06-30
Advertising & marketing agencies,541430,Graphic Design Services,Acre Graphics Llc,Kensington,MD,2018-02-28,2018,475000,1,First National Bank of Pennsylvania,7.25,120.0,5.0,Paid in full,False,False,2026-06-30
Financial advisors,523930,Investment Advice,Amsley Insurance Llc,Orlando,FL,2018-03-01,2018,350000,1,Live Oak Banking Company,6.5,120.0,8.0,Paid in full,False,False,2026-06-30
Financial advisors,523930,Investment Advice,"Brian Fox Financial Services, Inc.",Saint Petersburg,FL,2018-03-06,2018,248000,1,Live Oak Banking Company,8.25,120.0,0.0,Paid in full,True,False,2026-06-30
Management consulting,541690,Other Scientific and Technical Consulting Services,B2B Holdings Inc.,Uxbridge,MA,2018-03-09,2018,50000,1,UniBank for Savings,6.5,84.0,4.0,Paid in full,True,True,2026-06-30
Management consulting,541690,Other Scientific and Technical Consulting Services,"Joa North America, Llc",Charlotte,NC,2018-03-12,2018,524300,1,Truist Bank,5.25,120.0,15.0,Paid in full,False,False,2026-06-30
Management consulting,541618,Other Management Consulting Services,Jmf Support Services Llc,Shorewood,IL,2018-03-13,2018,85000,1,"JPMorgan Chase Bank, National Association",6.45,84.0,2.0,Paid in full,True,True,2026-06-30
Architecture & engineering,541350,Building Inspection Services,P & R Holdings Inc   Dba Win Home Inspection Summerlin,Las Vegas,NV,2018-03-13,2018,270000,1,BayFirst National Bank,7.25,120.0,7.0,Paid in full,False,False,2026-06-30
IT & software services,541513,Computer Facilities Management Services,"Gessok, Llc",La Crescenta,CA,2018-03-14,2018,685500,1,Wells Fargo Bank National Association,6.9,120.0,1.0,Paid in full,False,False,2026-06-30
Management consulting,541690,Other Scientific and Technical Consulting Services,"Joa North America, Llc",Charlotte,NC,2018-03-14,2018,350000,1,Truist Bank,5.03,60.0,15.0,Active,True,True,2026-06-30
Insurance agencies,524210,Insurance Agencies and Brokerages,Mg Insurance Inc,Willmar,MN,2018-03-20,2018,375000,1,Kensington Bank,6.45,60.0,0.0,Paid in full,False,False,2026-06-30
IT & software services,541512,Computer Systems Design Services,"Addressable Networks, Inc., A California Corporation",Livermore,CA,2018-03-21,2018,3596800,1,"U.S. Bank, National Association",6.5,120.0,65.0,Paid in full,False,False,2026-06-30
Insurance agencies,524210,Insurance Agencies and Brokerages,"Gdi Insurance Agency, Inc.",Folsom,CA,2018-03-22,2018,1555000,1,United Midwest Savings Bank National Association,7.25,120.0,16.0,Paid in full,False,False,2026-06-30
Law firms,541110,Offices of Lawyers,"Levandowski & Associates, P.L.L.C.",Tacoma,WA,2018-03-26,2018,266000,1,KeyBank National Association,6.5,120.0,1.0,Active,False,False,2026-06-30
Architecture & engineering,541350,Building Inspection Services,C & B Group Inc,Hudson,WI,2018-03-27,2018,150000,1,BankVista,7.25,77.0,1.0,Charged off,False,False,2026-06-30
"Accounting, tax & bookkeeping",541213,Tax Preparation Services,"Expat Tax Services, Inc.",Costa Mesa,CA,2018-03-27,2018,345000,1,Live Oak Banking Company,6.95,120.0,4.0,Active,False,False,2026-06-30
Management consulting,541618,Other Management Consulting Services,"Industrial-Construction & Plant Maintenance Expo, Llc",Sandy,UT,2018-03-27,2018,150000,1,Glacier Bank,6.5,119.0,2.0,Paid in full,False,False,2026-06-30
IT & software services,541519,Other Computer Related Services,"Netlogicdc, Llc",Bethesda,MD,2018-03-28,2018,1270000,1,Atlantic Union Bank,5.66,84.0,18.0,Paid in full,False,False,2026-06-30
IT & software services,541513,Computer Facilities Management Services,Sinep Corporation,Orangeburg,NY,2018-03-28,2018,583000,1,ConnectOne Bank,6.0,120.0,9.0,Active,False,False,2026-06-30
Management consulting,541618,Other Management Consulting Services,Transportation Risk Management Co,Eagle,ID,2018-03-28,2018,480000,1,Washington Trust Bank,7.25,120.0,5.0,Paid in full,False,False,2026-06-30
Financial advisors,523930,Investment Advice,"Capital Logic, Llc",Evansville,IN,2018-03-29,2018,483000,1,Indiana Members CU,5.5,120.0,4.0,Paid in full,False,False,2026-06-30
Management consulting,541690,Other Scientific and Technical Consulting Services,"Wings Of Change Publications, Llc",Saint Louis,MO,2018-03-29,2018,188000,1,Midwest Regional Bank,7.25,120.0,0.0,Paid in full,False,False,2026-06-30
Insurance agencies,524210,Insurance Agencies and Brokerages,"Quality First Insurance, Llc",La Vista,NE,2018-03-30,2018,350000,1,Northwest Bank,6.22,84.0,4.0,Paid in full,True,False,2026-06-30
Insurance agencies,524210,Insurance Agencies and Brokerages,"Rye Agency, Inc.",Rogers City,MI,2018-03-30,2018,484000,1,Live Oak Banking Company,8.15,120.0,5.0,Paid in full,False,False,2026-06-30
IT & software services,541519,Other Computer Related Services,"Beyond It Support, L.L.C.",Fairfield,CT,2018-04-02,2018,450000,1,Webster Bank National Association,5.5,120.0,12.0,Active,False,False,2026-06-30
Insurance agencies,524210,Insurance Agencies and Brokerages,The Cardinal Group Of North Carolina,Denver,NC,2018-04-02,2018,324000,1,Live Oak Banking Company,6.75,121.0,8.0,Paid in full,False,False,2026-06-30
Financial advisors,523930,Investment Advice,Finn Financial Inc,Canton,OH,2018-04-04,2018,3102000,1,Live Oak Banking Company,6.25,120.0,3.0,Paid in full,False,False,2026-06-30
IT & software services,541511,Custom Computer Programming Services,"Mindspan Systems, Inc.",Cary,NC,2018-04-04,2018,1778100,2,Regions Bank,6.35,31.0,15.0,Charged off,False,True,2026-06-30
Insurance agencies,524210,Insurance Agencies and Brokerages,"Allen Insurance & Wealth Management, Inc.",Lorain,OH,2018-04-09,2018,54800,1,The Huntington National Bank,6.9,84.0,7.0,Paid in full,False,False,2026-06-30
Advertising & marketing agencies,541430,Graphic Design Services,"Cartifact, Inc.",Los Angeles,CA,2018-04-09,2018,3137000,1,City National Bank,4.88,120.0,5.0,Paid in full,False,False,2026-06-30
Insurance agencies,524210,Insurance Agencies and Brokerages,"1St Broward Services Agency, Llc",Boca Raton,FL,2018-04-10,2018,360000,1,Live Oak Banking Company,6.75,120.0,0.0,Paid in full,False,False,2026-06-30
Architecture & engineering,541370,Surveying and Mapping (except Geophysical) Services,Althouse Llc,Noblesville,IN,2018-04-12,2018,720000,1,American Bank of Freedom,7.0,300.0,11.0,Active,False,False,2026-06-30
"Accounting, tax & bookkeeping",541213,Tax Preparation Services,"Cohn, Lopez & Associates, Inc.",Winter Park,FL,2018-04-13,2018,83000,1,"Ascendus, Inc.",9.0,120.0,3.0,Paid in full,False,False,2026-06-30
Law firms,541191,Title Abstract and Settlement Offices,"Hunt County Titles, Inc Dba Kincy Abstract & Sabine Title Company",Greenville,TX,2018-04-13,2018,1000000,1,The First Bank of Celeste,5.75,120.0,19.0,Paid in full,False,False,2026-06-30
Architecture & engineering,541330,Engineering Services,Walker Ecs Inc,Fort Valley,GA,2018-04-13,2018,270500,1,Truist Bank,5.64,84.0,0.0,Paid in full,True,False,2026-06-30
Advertising & marketing agencies,541890,Other Services Related to Advertising,Jonasson Marketing Co Llc,Leawood,KS,2018-04-16,2018,396000,1,Citizens Bank,7.0,120.0,16.0,Active,False,False,2026-06-30
Financial advisors,523930,Investment Advice,"The Granville Investment Group, Llc",Granville,OH,2018-04-16,2018,1775000,1,Live Oak Banking Company,6.5,120.0,5.0,Paid in full,False,False,2026-06-30
Management consulting,541611,Administrative Management and General Management Consulting Services,Sustainable Energy Analytics Inc.,Waltham,MA,2018-04-17,2018,559000,1,Customers Bank,7.0,120.0,18.0,Paid in full,False,False,2026-06-30
Management consulting,541611,Administrative Management and General Management Consulting Services,"Leadingstar Events And Media, Inc.",Jacksonville,FL,2018-04-18,2018,724600,1,Wells Fargo Bank National Association,6.0,120.0,24.0,Active,False,False,2026-06-30
Insurance agencies,524210,Insurance Agencies and Brokerages,Tak Group Llc,Frankfort,IL,2018-04-19,2018,277000,1,Optus Bank,7.25,120.0,4.0,Paid in full,False,False,2026-06-30
Law firms,541110,Offices of Lawyers,Wochner Law Firm Llc,Northbrook,IL,2018-04-19,2018,725000,1,Byline Bank,7.5,120.0,4.0,Paid in full,False,False,2026-06-30
IT & software services,541519,Other Computer Related Services,"Keybase, Llc",Strongsville,OH,2018-04-23,2018,194000,1,The Huntington National Bank,7.5,120.0,2.0,Paid in full,False,False,2026-06-30
IT & software services,541519,Other Computer Related Services,"Pacific Internet Group, Llc Dba Netpipe Internet Services And Netpipe Internet",Monterey,CA,2018-04-25,2018,1325000,1,BMO Bank National Association,7.0,120.0,2.0,Paid in full,False,False,2026-06-30
Advertising & marketing agencies,541810,Advertising Agencies,"Arthur Enterprises, Inc.",Saint Joseph,MO,2018-04-26,2018,120000,1,The Nodaway Valley Bank,6.25,60.0,4.0,Paid in full,True,False,2026-06-30
Insurance agencies,524210,Insurance Agencies and Brokerages,"Burgess Insurance Agency, Llc",Monkton,MD,2018-04-26,2018,350000,1,Live Oak Banking Company,6.5,120.0,5.0,Paid in full,False,False,2026-06-30
Law firms,541110,Offices of Lawyers,Kerr Ferguson Law Pllc,Kennewick,WA,2018-04-27,2018,345000,1,First-Citizens Bank & Trust Company,6.3,120.0,11.0,Paid in full,False,False,2026-06-30
Law firms,541199,All Other Legal Services,"United Corporate Services, Inc.",White Plains,NY,2018-04-27,2018,780000,1,Capital One National Association,5.5,120.0,2.0,Paid in full,False,False,2026-06-30
Insurance agencies,524210,Insurance Agencies and Brokerages,Capital Partners Insurance And Financial Services Inc,Ormond Beach,FL,2018-04-30,2018,1600000,1,"SouthState Bank, National Association",6.75,120.0,19.0,Paid in full,False,False,2026-06-30
Insurance agencies,524210,Insurance Agencies and Brokerages,Pbt Insurance Services Llc,Fresno,CA,2018-05-02,2018,980200,1,California Business Bank,6.5,120.0,3.0,Paid in full,False,False,2026-06-30
Architecture & engineering,541320,Landscape Architectural Services,"Lincoln Landscaping, Llc",Middletown,RI,2018-05-03,2018,55000,1,Centreville Bank,5.0,4.0,4.0,Charged off,True,False,2026-06-30
Insurance agencies,524210,Insurance Agencies and Brokerages,"Zoellner Insurance, Inc",Tulsa,OK,2018-05-03,2018,2026200,1,"Triad Bank, National Association",6.25,244.0,6.0,Active,False,False,2026-06-30
IT & software services,541511,Custom Computer Programming Services,"Jba,Inc.",Springfield,VA,2018-05-04,2018,652000,1,Manufacturers and Traders Trust Company,7.25,120.0,15.0,Paid in full,False,False,2026-06-30
Architecture & engineering,541330,Engineering Services,"Poepping, Stone, Bach &Associates, Inc.",Quincy,IL,2018-05-04,2018,3925000,2,Byline Bank,2.75,232.0,50.0,Active,False,True,2026-06-30
Insurance agencies,524210,Insurance Agencies and Brokerages,"Daniel Conville Agency, Llc",Eau Claire,PA,2018-05-07,2018,543000,1,Stone Bank,7.5,120.0,9.0,Active,False,False,2026-06-30
Law firms,541110,Offices of Lawyers,"Markov Law, Ltd",Phoenix,AZ,2018-05-08,2018,591300,2,"BOKF, National Association",6.25,120.0,8.0,Paid in full,False,True,2026-06-30
Law firms,541110,Offices of Lawyers,Rainier Legal Advocates Llc,Seattle,WA,2018-05-09,2018,276200,1,Harborstone CU,7.0,120.0,3.0,Active,False,False,2026-06-30
Management consulting,541618,Other Management Consulting Services,"Shamrock Holdings, Llc",Crescent Springs,KY,2018-05-09,2018,4025000,1,KeyBank National Association,6.75,120.0,12.0,Paid in full,False,False,2026-06-30
Insurance agencies,524210,Insurance Agencies and Brokerages,Dickerson Financial Group Inc,Carrollton,TX,2018-05-11,2018,1124000,1,United Midwest Savings Bank National Association,7.0,120.0,3.0,Active,False,False,2026-06-30
"Accounting, tax & bookkeeping",541211,Offices of Certified Public Accountants,Plw Cpa Pllc,Utica,MI,2018-05-11,2018,700000,1,Credit Union One,7.0,120.0,7.0,Paid in full,False,False,2026-06-30
Insurance agencies,524210,Insurance Agencies and Brokerages,"Gillespie Agency, Llc",Vinton,VA,2018-05-15,2018,715000,1,Atlantic Union Bank,5.85,120.0,10.0,Active,False,False,2026-06-30
Financial advisors,523930,Investment Advice,Williams Investment Network,Englewood,CO,2018-05-15,2018,105000,1,Live Oak Banking Company,8.74,120.0,0.0,Paid in full,True,False,2026-06-30
Architecture & engineering,541370,Surveying and Mapping (except Geophysical) Services,Peace Of Mind Property Services Inc,Bedford,VA,2018-05-16,2018,135000,1,First-Citizens Bank & Trust Company,6.25,239.0,6.0,Active,False,False,2026-06-30
"Accounting, tax & bookkeeping",541211,Offices of Certified Public Accountants,Hall Financial Advisors Pc,Marietta,GA,2018-05-17,2018,372500,1,First Community Bank,7.5,120.0,4.0,Paid in full,False,False,2026-06-30
Advertising & marketing agencies,541810,Advertising Agencies,Trickey Jennus Inc,Tampa,FL,2018-05-21,2018,340000,2,Seacoast National Bank,7.5,120.0,15.0,Paid in full,False,True,2026-06-30
Insurance agencies,524210,Insurance Agencies and Brokerages,"Wealth Builders, Inc.",West Des Moines,IA,2018-05-21,2018,840000,1,Live Oak Banking Company,6.75,120.0,2.0,Paid in full,False,False,2026-06-30
Insurance agencies,524210,Insurance Agencies and Brokerages,Lifemark Advisors Llc,Mount Vernon,MO,2018-05-22,2018,115400,1,OMB Bank,7.5,120.0,3.0,Active,False,False,2026-06-30
Insurance agencies,524210,Insurance Agencies and Brokerages,"Spradlin Financial & Insurance, Llc",Wasilla,AK,2018-05-23,2018,238000,1,Carver State Bank,7.5,60.0,3.0,Active,False,False,2026-06-30
Insurance agencies,524210,Insurance Agencies and Brokerages,O'Haver Securities,Nacogdoches,TX,2018-05-29,2018,1995000,1,United Midwest Savings Bank National Association,7.5,44.0,13.0,Paid in full,False,False,2026-06-30
Insurance agencies,524210,Insurance Agencies and Brokerages,"Oracle Insurance Group, Llc",Tampa,FL,2018-05-29,2018,606000,1,Valley National Bank,6.25,120.0,6.0,Paid in full,False,False,2026-06-30
"Accounting, tax & bookkeeping",541211,Offices of Certified Public Accountants,"Adam M. Robinson, Cpa, P.A.",Jacksonville,FL,2018-05-31,2018,765000,2,Pinnacle Bank,5.75,120.0,6.0,Active,False,True,2026-06-30
Insurance agencies,524210,Insurance Agencies and Brokerages,Financial Foundations Llc,Jacksonville,FL,2018-05-31,2018,1465000,1,Industrial Bank,6.75,120.0,2.0,Paid in full,False,False,2026-06-30
Insurance agencies,524210,Insurance Agencies and Brokerages,"Gabrielle Alexander & Assoc., Inc.",Fort Mill,SC,2018-05-31,2018,1260000,1,Industrial Bank,6.75,120.0,3.0,Paid in full,False,False,2026-06-30
Architecture & engineering,541330,Engineering Services,"Case Engineering, Inc.",Fenton,MO,2018-06-01,2018,3598800,1,"Bank of America, National Association",4.75,120.0,3.0,Paid in full,False,False,2026-06-30
IT & software services,541519,Other Computer Related Services,"Pagedna, Inc.",Seattle,WA,2018-06-01,2018,770000,1,Harborstone CU,6.75,120.0,21.0,Active,False,False,2026-06-30
Insurance agencies,524210,Insurance Agencies and Brokerages,"Gray Insurance Agency, Inc.",Oak Ridge,TN,2018-06-04,2018,1545300,1,Wells Fargo Bank National Association,4.95,120.0,12.0,Active,False,False,2026-06-30
Advertising & marketing agencies,541810,Advertising Agencies,"Moxie Sozo Usa, Llc",Boulder,CO,2018-06-07,2018,4675000,1,Sunflower Bank National Association,4.95,120.0,0.0,Paid in full,False,False,2026-06-30
IT & software services,541519,Other Computer Related Services,Trade Show Automation Inc,Philo,IL,2018-06-07,2018,2088900,1,Customers Bank,7.5,132.0,0.0,Paid in full,False,False,2026-06-30
Management consulting,541611,Administrative Management and General Management Consulting Services,Veear Projects Inc,Pleasanton,CA,2018-06-07,2018,470000,1,BayFirst National Bank,7.5,120.0,11.0,Paid in full,False,False,2026-06-30
Financial advisors,523930,Investment Advice,Cassidy Edward Tepper,Honolulu,HI,2018-06-08,2018,1275000,1,Live Oak Banking Company,6.55,120.0,2.0,Paid in full,False,False,2026-06-30
Architecture & engineering,541380,Testing Laboratories,Des Plaines Clinical Lab Inc,Des Plaines,IL,2018-06-08,2018,887000,1,"CenTrust Bank, A Division of SmartBiz Bank National Association",7.25,120.0,5.0,Paid in full,False,False,2026-06-30
"Accounting, tax & bookkeeping",541211,Offices of Certified Public Accountants,"John S. Fitzgibbons, Cpa, P.C.",Enfield,CT,2018-06-11,2018,130000,1,Live Oak Banking Company,7.0,120.0,2.0,Paid in full,False,False,2026-06-30
Financial advisors,523930,Investment Advice,Glen Erwin Snell,Mcpherson,KS,2018-06-13,2018,2085000,1,Live Oak Banking Company,6.75,120.0,8.0,Paid in full,False,False,2026-06-30
Architecture & engineering,541320,Landscape Architectural Services,"Se Landscape Management, Llc",Kingwood,TX,2018-06-13,2018,1891900,2,Wells Fargo Bank National Association,6.8,148.0,32.0,Active,False,True,2026-06-30
IT & software services,541512,Computer Systems Design Services,"Trueitpros Ii, Llc",Atlanta,GA,2018-06-13,2018,710000,1,"SouthState Bank, National Association",6.75,120.0,3.0,Active,False,False,2026-06-30
Insurance agencies,524210,Insurance Agencies and Brokerages,"Ahles Group, Inc.",Amarillo,TX,2018-06-14,2018,915000,1,The American National Bank of Texas,6.5,123.0,4.0,Paid in full,False,False,2026-06-30
Architecture & engineering,541350,Building Inspection Services,Laporta Inspections Inc.,Exton,PA,2018-06-14,2018,236700,1,First Resource Bank,6.75,120.0,3.0,Active,False,False,2026-06-30
Advertising & marketing agencies,541810,Advertising Agencies,Order Media Solutions Llc,Miami,FL,2018-06-15,2018,3548000,1,Happen Bank,7.25,121.0,6.0,Paid in full,False,False,2026-06-30
Advertising & marketing agencies,541870,Advertising Material Distribution Services,Archbell & Co. Llc,Norfolk,VA,2018-06-18,2018,225000,1,Truist Bank,6.59,83.0,2.0,Paid in full,True,False,2026-06-30
Advertising & marketing agencies,541430,Graphic Design Services,"Miles Design, Llc",Indianapolis,IN,2018-06-18,2018,644500,1,Wells Fargo Bank National Association,6.1,119.0,16.0,Active,False,False,2026-06-30
Insurance agencies,524210,Insurance Agencies and Brokerages,"Kwrw, Inc.",Las Vegas,NV,2018-06-19,2018,720000,1,Live Oak Banking Company,6.7,120.0,9.0,Paid in full,False,False,2026-06-30
"Accounting, tax & bookkeeping",541211,Offices of Certified Public Accountants,"John S. Fitzgibbons, Cpa, P.C.",Enfield,CT,2018-06-20,2018,45000,1,Live Oak Banking Company,7.0,300.0,2.0,Paid in full,False,False,2026-06-30
Advertising & marketing agencies,541860,Direct Mail Advertising,Rishi Inc,Victorville,CA,2018-06-20,2018,186000,1,Stearns Bank National Association,7.5,120.0,6.0,Paid in full,False,False,2026-06-30
Architecture & engineering,541310,Architectural Services,Roth Sheppard Architects Llp,Denver,CO,2018-06-20,2018,621000,1,"PNC Bank, National Association",5.5,120.0,18.0,Paid in full,False,False,2026-06-30
"Accounting, tax & bookkeeping",541211,Offices of Certified Public Accountants,"Guinn, Smith &Amp; Co., Inc.",Irving,TX,2018-06-21,2018,2277600,1,"Bank of America, National Association",5.37,180.0,20.0,Active,False,False,2026-06-30
Financial advisors,523930,Investment Advice,Robert E Saunders Iii & Associates,Annapolis,MD,2018-06-21,2018,408000,1,Live Oak Banking Company,7.5,120.0,2.0,Paid in full,False,False,2026-06-30
Insurance agencies,524210,Insurance Agencies and Brokerages,"110 Sp, Llc",Telluride,CO,2018-06-22,2018,176400,1,Banc of California,6.5,120.0,0.0,Paid in full,False,False,2026-06-30
"Accounting, tax & bookkeeping",541211,Offices of Certified Public Accountants,"Boulder Accounting, Llc",Boulder,CO,2018-06-22,2018,1025000,1,Live Oak Banking Company,6.5,120.0,9.0,Paid in full,False,False,2026-06-30
Architecture & engineering,541330,Engineering Services,"Meyer, Meyer, Lacroix & Hixson, Inc.",Alexandria,LA,2018-06-22,2018,4698300,1,Regions Bank,7.24,120.0,42.0,Paid in full,False,False,2026-06-30
IT & software services,541512,Computer Systems Design Services,"G.I.S., Inc.",Miami,FL,2018-06-25,2018,605900,1,Wells Fargo Bank National Association,6.65,120.0,18.0,Active,False,False,2026-06-30
Advertising & marketing agencies,541860,Direct Mail Advertising,"Lesix Direct Marketing, Inc.",Marietta,GA,2018-06-27,2018,1236400,1,The Bancorp Bank National Association,7.5,156.0,9.0,Paid in full,False,False,2026-06-30
"Accounting, tax & bookkeeping",541219,Other Accounting Services,Stewart Financial Services Llc,Bloomington,IL,2018-06-28,2018,182500,1,"First Financial Bank, National Association",5.75,84.0,3.0,Paid in full,True,False,2026-06-30
"Accounting, tax & bookkeeping",541219,Other Accounting Services,"Trinity &Amp; Associates Cpa, Llc",Austin,TX,2018-06-29,2018,183500,1,Midwest Regional Bank,7.5,120.0,10.0,Paid in full,False,False,2026-06-30
"Accounting, tax & bookkeeping",541211,Offices of Certified Public Accountants,"Ft. Collins Accounting Ii, Llc",Fort Collins,CO,2018-07-03,2018,880000,1,Live Oak Banking Company,6.75,120.0,9.0,Paid in full,False,False,2026-06-30
Financial advisors,523930,Investment Advice,Capital Resources And Insurance Inc,Huntington Beach,CA,2018-07-05,2018,1250000,1,Live Oak Banking Company,7.25,120.0,4.0,Active,False,False,2026-06-30
Advertising & marketing agencies,541613,Marketing Consulting Services,Dot The I Creative Llc,Dublin,OH,2018-07-06,2018,108900,1,The Huntington National Bank,6.3,83.0,0.0,Paid in full,False,False,2026-06-30
Management consulting,541614,"Process, Physical Distribution, and Logistics Consulting Services","Integrated Protection Services, Inc.",Oceanside,CA,2018-07-06,2018,1080000,1,Columbia Bank,7.5,120.0,8.0,Paid in full,False,False,2026-06-30
Architecture & engineering,541330,Engineering Services,"Lentech, Inc.",Albuquerque,NM,2018-07-06,2018,1132400,1,BMO Bank National Association,2.5,120.0,114.0,Paid in full,False,False,2026-06-30
Advertising & marketing agencies,541890,Other Services Related to Advertising,"Nsn, Inc",Jacksonville,FL,2018-07-09,2018,637000,1,Ameris Bank,7.75,120.0,6.0,Paid in full,False,False,2026-06-30
Financial advisors,523930,Investment Advice,David Charles Kirk,Saint Petersburg,FL,2018-07-10,2018,1075000,1,Live Oak Banking Company,7.0,120.0,2.0,Active,False,False,2026-06-30
"Accounting, tax & bookkeeping",541211,Offices of Certified Public Accountants,Bilsky Financial Group Inc,Richardson,TX,2018-07-13,2018,119000,1,"BOKF, National Association",7.0,60.0,1.0,Paid in full,True,False,2026-06-30
"Accounting, tax & bookkeeping",541211,Offices of Certified Public Accountants,"Nibley Tax And Accounting, Llc",Provo,UT,2018-07-16,2018,163000,1,Live Oak Banking Company,7.75,120.0,1.0,Active,False,False,2026-06-30
Advertising & marketing agencies,541613,Marketing Consulting Services,"The Profero Group, Llc",Newtown,PA,2018-07-16,2018,4963500,1,"Fulton Bank, National Association",7.0,120.0,21.0,Paid in full,False,False,2026-06-30
"Accounting, tax & bookkeeping",541211,Offices of Certified Public Accountants,Susan Bowman Cpa Llc,Fargo,ND,2018-07-19,2018,225000,1,Choice Financial Group,6.0,85.0,3.0,Paid in full,False,False,2026-06-30
Insurance agencies,524210,Insurance Agencies and Brokerages,"Laurie Insurance Group, Llc.",Charlotte,NC,2018-07-20,2018,898000,1,Live Oak Banking Company,6.75,144.0,8.0,Paid in full,False,False,2026-06-30
Law firms,541191,Title Abstract and Settlement Offices,"Liberty Title Company Of America, Inc.",Port Saint Lucie,FL,2018-07-20,2018,2145000,1,Byline Bank,7.75,120.0,8.0,Paid in full,False,False,2026-06-30
"Accounting, tax & bookkeeping",541213,Tax Preparation Services,"Mason & Mason Enterprises, Inc.",Carlsbad,CA,2018-07-23,2018,551700,1,BMO Bank National Association,7.5,120.0,6.0,Paid in full,False,False,2026-06-30
Insurance agencies,524210,Insurance Agencies and Brokerages,"Mcconnell & Company Agency, Llc",Harrisburg,NC,2018-07-23,2018,130000,1,Carver State Bank,7.75,120.0,4.0,Active,False,False,2026-06-30
Law firms,541199,All Other Legal Services,Unisource Discovery Llc,Orange,CA,2018-07-24,2018,900000,1,Fifth Third Bank,6.75,120.0,4.0,Paid in full,False,False,2026-06-30
Advertising & marketing agencies,541613,Marketing Consulting Services,"Amarc, Inc.",Johnstown,PA,2018-07-25,2018,1427000,1,Wells Fargo Bank National Association,5.75,117.0,9.0,Paid in full,False,False,2026-06-30
Advertising & marketing agencies,541613,Marketing Consulting Services,Westminster Promotions,San Jose,CA,2018-07-25,2018,376600,1,First Bank,7.75,49.0,7.0,Paid in full,False,False,2026-06-30
"Accounting, tax & bookkeeping",541213,Tax Preparation Services,"Carawan Financial Group, Llc",Toano,VA,2018-07-26,2018,264000,1,Live Oak Banking Company,8.75,120.0,2.0,Active,False,False,2026-06-30
Architecture & engineering,541330,Engineering Services,"Vector Resources, Inc.",Erie,PA,2018-07-26,2018,5000000,1,Live Oak Banking Company,7.75,120.0,51.0,Paid in full,False,False,2026-06-30
"Accounting, tax & bookkeeping",541211,Offices of Certified Public Accountants,Jack Levy Cpa Pa,North Port,FL,2018-07-27,2018,483300,1,Citizens Bank,7.25,120.0,2.0,Active,False,False,2026-06-30
Architecture & engineering,541370,Surveying and Mapping (except Geophysical) Services,Jesse M. Magrath,Earlville,NY,2018-07-27,2018,40000,1,"NBT Bank, National Association",7.25,85.0,3.0,Paid in full,True,False,2026-06-30
IT & software services,541519,Other Computer Related Services,Surge Technology Group Llc,Manhattan Beach,CA,2018-07-27,2018,1218000,1,Wells Fargo Bank National Association,5.85,118.0,15.0,Active,False,False,2026-06-30
Architecture & engineering,541330,Engineering Services,Demarte Companies Inc.,Spencerport,NY,2018-07-30,2018,750000,1,Genesee Regional Bank,6.25,120.0,50.0,Active,False,False,2026-06-30
"Accounting, tax & bookkeeping",541219,Other Accounting Services,Endsource Consulting Llc,Austin,TX,2018-07-30,2018,450000,1,American Bank of Commerce,6.0,120.0,7.0,Active,False,False,2026-06-30
Architecture & engineering,541310,Architectural Services,Zephyr Arch,Redwood City,CA,2018-07-30,2018,150000,1,Independence Bank,7.75,87.0,2.0,Charged off,False,False,2026-06-30
Financial advisors,523930,Investment Advice,"Astute Management, Llc",Colorado Springs,CO,2018-08-01,2018,1440000,1,United Business Bank,7.5,120.0,2.0,Paid in full,False,False,2026-06-30
"Accounting, tax & bookkeeping",541211,Offices of Certified Public Accountants,Itxre Llc,Roswell,GA,2018-08-01,2018,481800,1,Renasant Bank,7.0,120.0,6.0,Paid in full,False,False,2026-06-30
"Accounting, tax & bookkeeping",541211,Offices of Certified Public Accountants,"Krause, Shelledy & Co., Cpas",Port Richey,FL,2018-08-01,2018,363600,1,DFCU Financial,7.25,120.0,2.0,Paid in full,False,False,2026-06-30
"Accounting, tax & bookkeeping",541211,Offices of Certified Public Accountants,"Roback Financial Services Cpa,Llc",Bradenton,FL,2018-08-01,2018,239000,1,First Commonwealth Bank,7.75,120.0,5.0,Active,False,False,2026-06-30
"Accounting, tax & bookkeeping",541211,Offices of Certified Public Accountants,Snead Solutions Llc,Addison,TX,2018-08-01,2018,691000,1,Wells Fargo Bank National Association,6.35,120.0,2.0,Active,False,False,2026-06-30
Architecture & engineering,541380,Testing Laboratories,4C'S Resources Llc,Farmington,NM,2018-08-02,2018,291000,1,"Zions Bank, A Division of",6.75,120.0,7.0,Paid in full,False,False,2026-06-30
Insurance agencies,524210,Insurance Agencies and Brokerages,Rice & Fowler Insurance Agency Llc,St Johns,MI,2018-08-03,2018,110000,1,The Huntington National Bank,7.75,120.0,2.0,Active,False,False,2026-06-30
Architecture & engineering,541330,Engineering Services,"R & G Engineering, Llc Dba Reach Grow Exceed Engineering",Oakbrook Terrace,IL,2018-08-06,2018,1080000,1,Midland States Bank,7.25,120.0,18.0,Paid in full,False,False,2026-06-30
Management consulting,541611,Administrative Management and General Management Consulting Services,"Mid-America Safety & Environmental, Llc",Nixa,MO,2018-08-07,2018,324900,1,The Huntington National Bank,5.75,120.0,5.0,Active,False,False,2026-06-30
"Accounting, tax & bookkeeping",541211,Offices of Certified Public Accountants,Vincent Passarella Cpa Mba Llc,Glendora,NJ,2018-08-08,2018,182000,2,"TD Bank, National Association",6.75,120.0,2.0,Active,False,False,2026-06-30
Insurance agencies,524210,Insurance Agencies and Brokerages,James Pennington Llc,Rayne,LA,2018-08-10,2018,146000,1,Carver State Bank,7.75,64.0,4.0,Active,False,False,2026-06-30
Advertising & marketing agencies,541870,Advertising Material Distribution Services,"Seo Werkz, Llc",Riverton,UT,2018-08-10,2018,1992000,1,Gulf Coast Bank and Trust Company,7.75,120.0,15.0,Paid in full,False,False,2026-06-30
Financial advisors,523930,Investment Advice,"Schaefer Financial Planning, Inc",Spokane,WA,2018-08-13,2018,339500,1,Washington Trust Bank,6.0,120.0,2.0,Paid in full,False,False,2026-06-30
Management consulting,541611,Administrative Management and General Management Consulting Services,280 Group Llc,Los Gatos,CA,2018-08-14,2018,3380000,1,Texas Capital Bank,7.75,120.0,7.0,Active,False,False,2026-06-30
"Accounting, tax & bookkeeping",541211,Offices of Certified Public Accountants,Macias Consulting Inc,Cape Coral,FL,2018-08-14,2018,237000,1,The Huntington National Bank,7.5,120.0,3.0,Paid in full,False,False,2026-06-30
Financial advisors,523930,Investment Advice,Rink And Rolf Inc,Lincoln,NE,2018-08-14,2018,679500,1,First State Bank Nebraska,7.25,120.0,0.0,Active,False,False,2026-06-30
Insurance agencies,524210,Insurance Agencies and Brokerages,"Chesson & Lee Associates Of Greenville, Inc.",Greenville,NC,2018-08-15,2018,1125000,2,Live Oak Banking Company,7.1,120.0,3.0,Paid in full,False,False,2026-06-30
Advertising & marketing agencies,541870,Advertising Material Distribution Services,Vector & Ink Co.,Wisconsin Dells,WI,2018-08-16,2018,5000000,1,Bank of Mauston,5.3,138.0,5.0,Active,False,False,2026-06-30
Advertising & marketing agencies,541870,Advertising Material Distribution Services,"Endurance Square, Llc",Rocklin,CA,2018-08-17,2018,4465500,1,CIBC Bank USA,6.0,67.0,50.0,Charged off,False,False,2026-06-30
Architecture & engineering,541320,Landscape Architectural Services,"Kaip Group, Inc.",Pompano Beach,FL,2018-08-17,2018,510000,1,"BankUnited, National Association",7.5,120.0,5.0,Paid in full,False,False,2026-06-30
Advertising & marketing agencies,541890,Other Services Related to Advertising,English Apparel And Promotional Materials,Springfield,MO,2018-08-20,2018,182500,1,Legacy Bank & Trust Company,6.0,120.0,5.0,Paid in full,False,False,2026-06-30
Insurance agencies,524210,Insurance Agencies and Brokerages,"Beacon Insurance Group, Inc.",Mount Vernon,IL,2018-08-21,2018,967200,1,Banc of California,6.75,120.0,0.0,Paid in full,False,False,2026-06-30
"Accounting, tax & bookkeeping",541211,Offices of Certified Public Accountants,"Hamed Hoshyarsar Cpa, An Accountancy Corporation",Encino,CA,2018-08-21,2018,150000,1,Plumas Bank,7.5,120.0,1.0,Active,False,False,2026-06-30
Advertising & marketing agencies,541810,Advertising Agencies,Mountain Free Llc,Boulder,CO,2018-08-21,2018,2608000,1,First Commonwealth Bank,6.5,120.0,27.0,Paid in full,False,False,2026-06-30
Architecture & engineering,541320,Landscape Architectural Services,"Overley Enterprise, Llc",Longmont,CO,2018-08-21,2018,590000,1,"UMB Bank, National Association",6.0,120.0,8.0,Active,False,False,2026-06-30
Architecture & engineering,541370,Surveying and Mapping (except Geophysical) Services,"Principal Meridian Surveying, Inc",West Palm Beach,FL,2018-08-22,2018,726100,1,"BankUnited, National Association",7.5,120.0,10.0,Active,False,False,2026-06-30
"Accounting, tax & bookkeeping",541211,Offices of Certified Public Accountants,"Kalifeh Bedsole Adams, Pc",Mobile,AL,2018-08-23,2018,1529000,1,First Horizon Bank,7.0,180.0,14.0,Active,False,False,2026-06-30
"Accounting, tax & bookkeeping",541211,Offices of Certified Public Accountants,"Stahl Re, Llc",South Hill,VA,2018-08-26,2018,748000,1,CIBC Bank USA,7.75,110.0,6.0,Charged off,False,False,2026-06-30
"Accounting, tax & bookkeeping",541211,Offices of Certified Public Accountants,"Millner Woodruff, P.C.",Flower Mound,TX,2018-08-27,2018,847200,1,Wells Fargo Bank National Association,7.5,120.0,7.0,Paid in full,False,False,2026-06-30
"Accounting, tax & bookkeeping",541211,Offices of Certified Public Accountants,Kpc Cpa & Advisors Limited,Cincinnati,OH,2018-08-28,2018,301000,1,The Huntington National Bank,7.25,37.0,0.0,Active,False,False,2026-06-30
"Accounting, tax & bookkeeping",541211,Offices of Certified Public Accountants,Christopher And Associates Llc,North Liberty,IA,2018-08-29,2018,291000,1,"First Mid Bank & Trust, National Association",6.0,120.0,9.0,Paid in full,False,False,2026-06-30
Advertising & marketing agencies,541890,Other Services Related to Advertising,"Bmp Partners, Inc.",Houston,TX,2018-08-30,2018,943000,1,Fifth Third Bank,6.0,120.0,34.0,Active,False,False,2026-06-30
Architecture & engineering,541310,Architectural Services,Jmdg Architecture Inc,Naples,FL,2018-08-30,2018,1025000,1,The Huntington National Bank,7.5,120.0,0.0,Paid in full,False,False,2026-06-30
"Accounting, tax & bookkeeping",541211,Offices of Certified Public Accountants,"Aspire Cpas, Pc",Indianapolis,IN,2018-08-31,2018,288000,1,KeyBank National Association,7.0,120.0,6.0,Paid in full,False,False,2026-06-30
Financial advisors,523930,Investment Advice,Kakhaber Chkheidze,Walnut Creek,CA,2018-09-06,2018,1185000,1,Byline Bank,7.5,120.0,2.0,Paid in full,False,False,2026-06-30
Insurance agencies,524210,Insurance Agencies and Brokerages,"Bell Agency, Llc",Buford,GA,2018-09-07,2018,290000,1,Carver State Bank,7.75,120.0,4.0,Paid in full,False,False,2026-06-30
Architecture & engineering,541330,Engineering Services,"Geomat, Inc.",Farmington,NM,2018-09-07,2018,1385000,1,First Southwest Bank,6.0,114.0,19.0,Paid in full,False,False,2026-06-30
Insurance agencies,524210,Insurance Agencies and Brokerages,"Glick Insurance Agency, Inc.",Beachwood,OH,2018-09-07,2018,96400,1,The Huntington National Bank,6.4,84.0,0.0,Paid in full,False,False,2026-06-30
Architecture & engineering,541380,Testing Laboratories,"Lada Enterprises, Llc",Union,OH,2018-09-07,2018,88500,1,The Huntington National Bank,7.75,120.0,3.0,Active,False,False,2026-06-30
"Accounting, tax & bookkeeping",541213,Tax Preparation Services,"Spelgatti Tax, Inc.",South Hill,VA,2018-09-07,2018,1585000,1,Byline Bank,7.75,120.0,152.0,Paid in full,False,False,2026-06-30
"Accounting, tax & bookkeeping",541211,Offices of Certified Public Accountants,"Private Consulting & Cpa Group, Llc",Pendleton,IN,2018-09-10,2018,292000,1,American Bank of Freedom,6.5,120.0,2.0,Paid in full,False,False,2026-06-30
Insurance agencies,524210,Insurance Agencies and Brokerages,"Altura Partners, Llc",Draper,UT,2018-09-11,2018,1185000,1,Live Oak Banking Company,7.0,120.0,5.0,Active,False,False,2026-06-30
"Accounting, tax & bookkeeping",541211,Offices of Certified Public Accountants,"Eagle Ridge Cpa Group, Pc",Fort Wayne,IN,2018-09-12,2018,621000,1,First Federal Savings Bank,7.5,120.0,10.0,Active,False,False,2026-06-30
"Accounting, tax & bookkeeping",541219,Other Accounting Services,Krause & Co Inc,Rensselaer,IN,2018-09-12,2018,687100,1,KeyBank National Association,7.0,120.0,8.0,Paid in full,False,False,2026-06-30
Management consulting,541620,Environmental Consulting Services,"Eees Energy Solutions, Llc.",Robstown,TX,2018-09-13,2018,3680000,1,Plains State Bank,7.5,180.0,0.0,Paid in full,False,False,2026-06-30
Architecture & engineering,541330,Engineering Services,"Exb Solutions, Inc.",Minneapolis,MN,2018-09-13,2018,2250000,1,Choice Financial Group,7.5,120.0,50.0,Paid in full,False,False,2026-06-30
Insurance agencies,524210,Insurance Agencies and Brokerages,Mac Famly Insurance Llc,Gresham,OR,2018-09-13,2018,191000,1,Optus Bank,7.75,82.0,3.0,Charged off,False,False,2026-06-30
IT & software services,541511,Custom Computer Programming Services,Data Controllers Inc,Pleasant Hill,MO,2018-09-18,2018,912000,1,Landmark National Bank,6.25,180.0,29.0,Paid in full,False,False,2026-06-30
Financial advisors,523930,Investment Advice,"Jacob Young Financial Services, Inc",Watsonville,CA,2018-09-18,2018,427500,1,West Coast Community Bank,7.75,120.0,1.0,Active,False,False,2026-06-30
Management consulting,541611,Administrative Management and General Management Consulting Services,"Health Capital Consultants, L.L.C.",St. Louis,MO,2018-09-19,2018,450000,1,Simmons Bank,7.0,120.0,14.0,Active,False,False,2026-06-30
Insurance agencies,524210,Insurance Agencies and Brokerages,"Jk Closing Attorneys, Pllc",Coconut Creek,FL,2018-09-19,2018,1396000,1,Happen Bank,7.75,121.0,10.0,Paid in full,False,False,2026-06-30
IT & software services,541511,Custom Computer Programming Services,"Sunway-Network Company, Inc.",Pleasant Hill,MO,2018-09-19,2018,234000,1,Landmark National Bank,7.0,120.0,6.0,Paid in full,False,False,2026-06-30
Management consulting,541690,Other Scientific and Technical Consulting Services,"Causelabs, Pbc",Fort Worth,TX,2018-09-20,2018,160000,1,"CRF Small Business Loan Company, LLC",7.75,120.0,7.0,Paid in full,False,False,2026-06-30
Architecture & engineering,541330,Engineering Services,"Project Engineering Consultants, Ltd",West Jordan,UT,2018-09-20,2018,1344000,1,"PNC Bank, National Association",5.65,120.0,75.0,Paid in full,False,False,2026-06-30
"Accounting, tax & bookkeeping",541211,Offices of Certified Public Accountants,Schilhab Bezner Pllc,Dallas,TX,2018-09-20,2018,618000,1,Wells Fargo Bank National Association,7.5,120.0,5.0,Paid in full,False,False,2026-06-30
Financial advisors,523930,Investment Advice,Cain & Defilippo Accounting And Tax Group,Kent,OH,2018-09-21,2018,325000,1,Live Oak Banking Company,7.25,120.0,4.0,Active,False,False,2026-06-30
IT & software services,541511,Custom Computer Programming Services,"Ctg, Inc.",Oakton,VA,2018-09-21,2018,3770000,1,Beacon Bank and Trust,7.75,120.0,45.0,Paid in full,False,False,2026-06-30
Insurance agencies,524210,Insurance Agencies and Brokerages,"Cwi Underwriters Fla, Llc",Fort Lauderdale,FL,2018-09-21,2018,1833000,1,Bankwell Bank,7.0,120.0,10.0,Paid in full,False,False,2026-06-30
Financial advisors,523930,Investment Advice,"David Moran, Cfp",La Mesa,CA,2018-09-21,2018,345000,1,"Capital Bank, National Association",7.75,120.0,0.0,Paid in full,False,False,2026-06-30
Architecture & engineering,541350,Building Inspection Services,Prime Property Inspectors Llc,Walkersville,MD,2018-09-21,2018,580000,1,Atlantic Union Bank,5.76,84.0,7.0,Paid in full,False,False,2026-06-30
Law firms,541110,Offices of Lawyers,"Robinson & Hadeed, P.S.",Gig Harbor,WA,2018-09-21,2018,945000,1,KeyBank National Association,7.0,120.0,3.0,Active,False,False,2026-06-30
Advertising & marketing agencies,541430,Graphic Design Services,"Skidmore Studio, Llc",Detroit,MI,2018-09-21,2018,851200,1,The Huntington National Bank,7.0,120.0,0.0,Active,False,False,2026-06-30
Architecture & engineering,541320,Landscape Architectural Services,"Mcmonies Holdings, Llc",Argyle,TX,2018-09-23,2018,1550000,1,"SouthState Bank, National Association",7.25,120.0,2.0,Active,False,False,2026-06-30
Advertising & marketing agencies,541810,Advertising Agencies,"Jam Media Solutions, Llc",East Orange,NJ,2018-09-26,2018,3586400,1,"Newtek Small Business Finance, Inc.",7.75,70.0,9.0,Active,False,False,2026-06-30
"Accounting, tax & bookkeeping",541219,Other Accounting Services,"401K Safe 316, Llc",Birmingham,AL,2018-09-27,2018,761000,1,Valley National Bank,7.25,120.0,2.0,Paid in full,False,False,2026-06-30
Architecture & engineering,541330,Engineering Services,Innovative Automation Inc,Danville,IL,2018-09-27,2018,573000,1,"PNC Bank, National Association",5.96,120.0,32.0,Active,False,False,2026-06-30
Insurance agencies,524210,Insurance Agencies and Brokerages,"Mk Acquisitions, Inc.",Northfield,IL,2018-09-27,2018,1477700,1,The Huntington National Bank,7.75,120.0,4.0,Paid in full,False,False,2026-06-30
"Accounting, tax & bookkeeping",541213,Tax Preparation Services,"Roberts & Company, Inc.",Placerville,CA,2018-09-27,2018,660300,2,"U.S. Bank, National Association",6.71,120.0,9.0,Paid in full,False,True,2026-06-30
Insurance agencies,524210,Insurance Agencies and Brokerages,"Wittman Insurance Agency, Llc",Monroe,MI,2018-09-27,2018,1322500,1,First Merchants Bank,7.25,120.0,7.0,Active,False,False,2026-06-30
"Accounting, tax & bookkeeping",541211,Offices of Certified Public Accountants,"Kramer & Associates, Llc",Sioux City,IA,2018-10-01,2019,608400,1,F & M Bank,6.0,120.0,13.0,Active,False,False,2026-06-30
IT & software services,541519,Other Computer Related Services,Lrhc L.L.C.,Huntsville,AL,2018-10-03,2019,1150000,1,Byline Bank,8.0,119.0,38.0,Active,False,False,2026-06-30
"Accounting, tax & bookkeeping",541219,Other Accounting Services,Ww Holdings Elyria Llc,Avon,OH,2018-10-04,2019,240000,1,First Federal Savings and Loan Association of Lakewood,7.5,84.0,8.0,Paid in full,True,False,2026-06-30
"Accounting, tax & bookkeeping",541211,Offices of Certified Public Accountants,"Andrew Harris, Cpa, Pllc",Farmville,NC,2018-10-05,2019,270000,1,Live Oak Banking Company,7.5,120.0,2.0,Active,False,False,2026-06-30
Insurance agencies,524210,Insurance Agencies and Brokerages,Mahaffey Insurance Agency Llc,Royse City,TX,2018-10-05,2019,330000,1,Live Oak Banking Company,7.25,120.0,3.0,Paid in full,False,False,2026-06-30
Insurance agencies,524210,Insurance Agencies and Brokerages,Ce Barnes Agency Group Llc,Mesquite,TX,2018-10-11,2019,1220000,1,Industrial Bank,7.0,240.0,1.0,Active,False,False,2026-06-30
"Accounting, tax & bookkeeping",541213,Tax Preparation Services,Fox Tax Service Inc,Fountain Valley,CA,2018-10-11,2019,350000,1,"VelocitySBA, LLC",8.0,120.0,2.0,Paid in full,False,False,2026-06-30
Architecture & engineering,541330,Engineering Services,"Sierra Consulting Group, Inc.",Manhasset,NY,2018-10-11,2019,2929000,1,"Bank of America, National Association",6.75,120.0,0.0,Paid in full,False,False,2026-06-30
IT & software services,541511,Custom Computer Programming Services,Sundance Capital Llc,Cincinnati,OH,2018-10-12,2019,4114000,1,"PNC Bank, National Association",5.6,120.0,1.0,Paid in full,False,False,2026-06-30
IT & software services,541512,Computer Systems Design Services,"Techworks Consulting, Inc.",Bohemia,NY,2018-10-12,2019,1000000,1,Dime Commercial Bank,8.0,120.0,18.0,Paid in full,False,False,2026-06-30
"Accounting, tax & bookkeeping",541219,Other Accounting Services,"Strategic Accounting Services, Inc.",Alexandria,VA,2018-10-15,2019,176000,1,Manufacturers and Traders Trust Company,7.25,120.0,1.0,Active,True,False,2026-06-30
"Accounting, tax & bookkeeping",541219,Other Accounting Services,Cornerstone Accounting & Tax Service Llc,Elizabethtown,PA,2018-10-17,2019,120600,1,Wells Fargo Bank National Association,6.75,120.0,8.0,Paid in full,False,False,2026-06-30
Insurance agencies,524210,Insurance Agencies and Brokerages,"Capretta Insurance Agency, Inc.",Cleveland,OH,2018-10-19,2019,300000,1,Live Oak Banking Company,7.35,120.0,2.0,Paid in full,False,False,2026-06-30
"Accounting, tax & bookkeeping",541211,Offices of Certified Public Accountants,"Mann Financial And Real Estate Services, Inc.",Lihue,HI,2018-10-19,2019,890000,1,Live Oak Banking Company,7.0,120.0,3.0,Active,False,False,2026-06-30
"Accounting, tax & bookkeeping",541213,Tax Preparation Services,Tamra Perdomo,Fullerton,CA,2018-10-22,2019,349900,1,BMO Bank National Association,7.75,120.0,1.0,Active,False,False,2026-06-30
IT & software services,541511,Custom Computer Programming Services,"Atilus, Llc.",Bonita Springs,FL,2018-10-23,2019,350000,1,American Momentum Bank,8.0,120.0,7.0,Active,False,False,2026-06-30
"Accounting, tax & bookkeeping",541211,Offices of Certified Public Accountants,Lichtenstein Briefman Sabella Pllc,Sarasota,FL,2018-10-23,2019,1021700,1,The Bancorp Bank National Association,7.5,120.0,16.0,Paid in full,False,False,2026-06-30
IT & software services,541512,Computer Systems Design Services,Benchmark Network Solutions,Cary,NC,2018-10-24,2019,700000,1,Byline Bank,8.0,120.0,0.0,Paid in full,False,False,2026-06-30
Architecture & engineering,541330,Engineering Services,"Allegient Defense, Inc.",Arlington,VA,2018-10-25,2019,5000000,1,Live Oak Banking Company,8.0,120.0,101.0,Paid in full,False,False,2026-06-30
"Accounting, tax & bookkeeping",541211,Offices of Certified Public Accountants,L & H Cpas And Advisors Llc,Dallas,TX,2018-10-25,2019,2400000,1,Live Oak Banking Company,6.75,120.0,10.0,Paid in full,False,False,2026-06-30
"Accounting, tax & bookkeeping",541211,Offices of Certified Public Accountants,"The Charles Cpa Firm, Llc",Myrtle Beach,SC,2018-10-25,2019,280100,1,Citizens Bank,8.0,112.0,5.0,Charged off,False,False,2026-06-30
IT & software services,541511,Custom Computer Programming Services,3D Corporation,Kent,WA,2018-10-26,2019,890000,1,Live Oak Banking Company,7.5,120.0,0.0,Paid in full,False,False,2026-06-30
Law firms,541110,Offices of Lawyers,Cole Huber Llp,Roseville,CA,2018-10-26,2019,928000,1,Plumas Bank,7.25,120.0,32.0,Paid in full,False,False,2026-06-30
Architecture & engineering,541350,Building Inspection Services,"Swfl Home Inspection Holdings, Inc.",Marco Island,FL,2018-10-29,2019,203500,1,The Huntington National Bank,7.75,120.0,1.0,Paid in full,False,False,2026-06-30
"Accounting, tax & bookkeeping",541213,Tax Preparation Services,Aurora Accounting Solutions,Charlotte,NC,2018-10-30,2019,285000,1,Pinnacle Bank,7.5,120.0,4.0,Active,False,False,2026-06-30
Advertising & marketing agencies,541890,Other Services Related to Advertising,Luna Eva Co,Lawrence,KS,2018-10-30,2019,157900,1,Great American Bank,6.5,120.0,2.0,Active,False,False,2026-06-30
Architecture & engineering,541330,Engineering Services,Wh Llc,Casper,WY,2018-10-30,2019,475000,1,KeyBank National Association,7.25,75.0,0.0,Paid in full,False,False,2026-06-30
Insurance agencies,524210,Insurance Agencies and Brokerages,"Kt Enterprirses, Llc Dba Brookhurst Insurance Services",Encino,CA,2018-11-01,2019,1769000,1,Banc of California,6.75,120.0,0.0,Paid in full,False,False,2026-06-30
Architecture & engineering,541320,Landscape Architectural Services,Firefighters Landscape & Design Llc,Mckinney,TX,2018-11-02,2019,1080000,1,Commercial Bank of Texas N.A.,6.5,120.0,14.0,Paid in full,False,False,2026-06-30
Advertising & marketing agencies,541810,Advertising Agencies,"Aams, Llc",Irving,TX,2018-11-05,2019,923000,1,Wells Fargo Bank National Association,7.5,120.0,8.0,Paid in full,False,False,2026-06-30
"Accounting, tax & bookkeeping",541211,Offices of Certified Public Accountants,Chicagoland Financial Accounting Inc,Schaumburg,IL,2018-11-05,2019,248000,1,Customers Bank,8.0,120.0,0.0,Active,False,False,2026-06-30
Management consulting,541614,"Process, Physical Distribution, and Logistics Consulting Services","Jj Business Consulting, Llc",Atlanta,GA,2018-11-05,2019,510700,1,The Huntington National Bank,7.25,120.0,2.0,Paid in full,False,False,2026-06-30
Insurance agencies,524210,Insurance Agencies and Brokerages,Lisa M Parker Insurance Inc,Sarasota,FL,2018-11-06,2019,217500,1,Truist Bank,6.39,120.0,2.0,Active,True,False,2026-06-30
Advertising & marketing agencies,541810,Advertising Agencies,"Aams, Llc",League City,TX,2018-11-07,2019,100000,1,Wells Fargo Bank National Association,2.0,62.0,8.0,Paid in full,False,False,2026-06-30
"Accounting, tax & bookkeeping",541211,Offices of Certified Public Accountants,Mra Tax Services Llc,Parsippany,NJ,2018-11-07,2019,288000,1,First Commerce Bank,6.5,120.0,2.0,Active,False,False,2026-06-30
Financial advisors,523930,Investment Advice,"Richard J Vogler, Independent Advisor",East Hartford,CT,2018-11-08,2019,210000,1,Live Oak Banking Company,8.5,120.0,0.0,Paid in full,True,False,2026-06-30
"Accounting, tax & bookkeeping",541211,Offices of Certified Public Accountants,"Daniel E. Passmore, Attorney At Law",Vista,CA,2018-11-09,2019,550000,1,First Bank,7.75,120.0,3.0,Paid in full,False,False,2026-06-30
Insurance agencies,524210,Insurance Agencies and Brokerages,Jeff Clark Insurance Agency Llc,Boiling Springs,SC,2018-11-09,2019,268000,1,Live Oak Banking Company,7.0,120.0,4.0,Paid in full,False,False,2026-06-30
Law firms,541110,Offices of Lawyers,"Sunset Family Law, P.S.",Port Orchard,WA,2018-11-09,2019,216000,1,KeyBank National Association,7.75,120.0,2.0,Active,False,False,2026-06-30
"Accounting, tax & bookkeeping",541213,Tax Preparation Services,Hiepler'S Tax Service Llc,Millersville,PA,2018-11-14,2019,75200,1,Wells Fargo Bank National Association,6.75,120.0,5.0,Paid in full,False,False,2026-06-30
IT & software services,541511,Custom Computer Programming Services,"Facility Wizard Software, Inc.",Chicago,IL,2018-11-15,2019,1057800,1,The Huntington National Bank,7.25,120.0,20.0,Paid in full,False,False,2026-06-30
"Accounting, tax & bookkeeping",541214,Payroll Services,"Jhkw Holdings, Llc",Lubbock,TX,2018-11-15,2019,1085100,1,Amarillo National Bank,6.44,120.0,20.0,Paid in full,False,False,2026-06-30
"Accounting, tax & bookkeeping",541213,Tax Preparation Services,"Gilbert Properties, Llc",Tampa,FL,2018-11-16,2019,579000,1,Stone Bank,7.5,300.0,6.0,Paid in full,False,False,2026-06-30
Management consulting,541618,Other Management Consulting Services,"Leading Now, Llc",Holliston,MA,2018-11-16,2019,500000,1,Webster Bank National Association,7.16,120.0,4.0,Paid in full,False,False,2026-06-30
"Accounting, tax & bookkeeping",541211,Offices of Certified Public Accountants,"Crabtree, Tissot, Felber &Amp; Co",Cuyahoga Falls,OH,2018-11-19,2019,325500,1,Fifth Third Bank,6.65,120.0,6.0,Active,True,False,2026-06-30
"Accounting, tax & bookkeeping",541211,Offices of Certified Public Accountants,"John Reilly And Associates, Llc",Cockeysville,MD,2018-11-19,2019,440000,1,Live Oak Banking Company,8.75,88.0,3.0,Charged off,False,False,2026-06-30
"Accounting, tax & bookkeeping",541213,Tax Preparation Services,"New Horizons Of Missala, Inc.",Montgomery,AL,2018-11-19,2019,1922000,1,"BankUnited, National Association",7.5,120.0,160.0,Paid in full,False,False,2026-06-30
"Accounting, tax & bookkeeping",541219,Other Accounting Services,Savvy Tax Chick Llc,Portland,OR,2018-11-19,2019,10000,1,Columbia Bank,7.5,120.0,4.0,Active,True,False,2026-06-30
Insurance agencies,524210,Insurance Agencies and Brokerages,"Goggins Insurance Company, Llc",Smyrna,TN,2018-11-20,2019,153000,1,Optus Bank,8.0,120.0,3.0,Paid in full,False,False,2026-06-30
"Accounting, tax & bookkeeping",541213,Tax Preparation Services,"The Fox Alliance Tax Advisors, Llc",Austin,TX,2018-11-20,2019,320500,1,University FCU,7.25,84.0,6.0,Paid in full,False,False,2026-06-30
IT & software services,541512,Computer Systems Design Services,"Csb Services, Llc",Vienna,VA,2018-11-21,2019,5000000,1,Live Oak Banking Company,8.0,120.0,85.0,Paid in full,False,False,2026-06-30
Architecture & engineering,541350,Building Inspection Services,"Swfl Home Inspection Holdings, Inc.",Marco Island,FL,2018-11-21,2019,95000,1,The Huntington National Bank,7.75,120.0,1.0,Paid in full,False,False,2026-06-30
"Accounting, tax & bookkeeping",541213,Tax Preparation Services,John E Nichols Pllc,Wilmington,NC,2018-11-26,2019,415000,1,Live Oak Banking Company,7.75,120.0,3.0,Active,False,False,2026-06-30
"Accounting, tax & bookkeeping",541219,Other Accounting Services,"Neilson And Associates, Llc",Colorado Springs,CO,2018-11-26,2019,370800,1,BMO Bank National Association,7.75,120.0,0.0,Active,False,False,2026-06-30
Financial advisors,523930,Investment Advice,Beyond Wealth Advisors Llc,Lees Summit,MO,2018-11-27,2019,375000,1,Byline Bank,8.0,120.0,1.0,Paid in full,False,False,2026-06-30
"Accounting, tax & bookkeeping",541211,Offices of Certified Public Accountants,"Huma And Company, Cpa Pllc",Cedar Park,TX,2018-11-27,2019,417000,1,Customers Bank,7.5,120.0,2.0,Paid in full,False,False,2026-06-30
Insurance agencies,524210,Insurance Agencies and Brokerages,Greves Agency Llc,Springfield,MO,2018-11-28,2019,645000,1,United Midwest Savings Bank National Association,8.0,54.0,2.0,Paid in full,False,False,2026-06-30
"Accounting, tax & bookkeeping",541213,Tax Preparation Services,Max Tax Holdings Ga Inc,Roswell,GA,2018-11-29,2019,625000,1,Byline Bank,8.0,40.0,40.0,Active,False,False,2026-06-30
Architecture & engineering,541350,Building Inspection Services,Tnergy Services Llc,Cookeville,TN,2018-11-29,2019,149000,1,"U.S. Bank, National Association",7.99,120.0,2.0,Paid in full,False,False,2026-06-30
Insurance agencies,524210,Insurance Agencies and Brokerages,Fleming Agency Inc,Anoka,MN,2018-11-30,2019,1637000,1,Live Oak Banking Company,6.85,120.0,4.0,Paid in full,False,False,2026-06-30
"Accounting, tax & bookkeeping",541211,Offices of Certified Public Accountants,"Gbk  Peabody, Pllc",Mooresville,NC,2018-11-30,2019,686000,1,Pinnacle Bank,6.75,192.0,4.0,Paid in full,False,False,2026-06-30
"Accounting, tax & bookkeeping",541211,Offices of Certified Public Accountants,Mark Green Cpa Ac,Martinsburg,WV,2018-11-30,2019,270000,1,Live Oak Banking Company,7.75,120.0,1.0,Active,False,False,2026-06-30
"Accounting, tax & bookkeeping",541219,Other Accounting Services,"Sam White Cpa & Associates, Professional Limited Liability Company",Greensburg,PA,2018-11-30,2019,662300,1,The Huntington National Bank,8.0,120.0,6.0,Paid in full,False,False,2026-06-30
Insurance agencies,524210,Insurance Agencies and Brokerages,Gilmore Insurance Agency Llc,Chesapeake,VA,2018-12-03,2019,247000,1,Optus Bank,8.0,120.0,0.0,Active,False,False,2026-06-30
Advertising & marketing agencies,541810,Advertising Agencies,Direct Results Marketing Llc,Dickinson,TX,2018-12-04,2019,167000,1,"Zions Bank, A Division of",7.5,120.0,7.0,Paid in full,False,False,2026-06-30
IT & software services,541519,Other Computer Related Services,Intuitive Technology Partners Inc,Edison,NJ,2018-12-04,2019,2000000,1,"Santander Bank, National Association",5.25,120.0,0.0,Paid in full,False,False,2026-06-30
Insurance agencies,524210,Insurance Agencies and Brokerages,"Hoyng Insurance Group, Llc",Clive,IA,2018-12-05,2019,460800,1,BMO Bank National Association,7.75,120.0,0.0,Paid in full,False,False,2026-06-30
Advertising & marketing agencies,541430,Graphic Design Services,"Unique Synergies, Llc",Newark,OH,2018-12-05,2019,100800,1,Fifth Third Bank,4.91,120.0,5.0,Active,True,False,2026-06-30
Insurance agencies,524210,Insurance Agencies and Brokerages,"Carolina Financial & Insurance Services, Inc",Waxhaw,NC,2018-12-06,2019,845000,1,Industrial Bank,8.0,89.0,4.0,Charged off,False,False,2026-06-30
"Accounting, tax & bookkeeping",541213,Tax Preparation Services,Crossroads Tax Planning Llc,Orarnge,CA,2018-12-06,2019,411700,1,BMO Bank National Association,7.75,120.0,1.0,Active,False,False,2026-06-30
"Accounting, tax & bookkeeping",541213,Tax Preparation Services,Denning & Company Inc,Burlingame,CA,2018-12-06,2019,433200,1,BMO Bank National Association,7.5,120.0,0.0,Paid in full,False,False,2026-06-30
"Accounting, tax & bookkeeping",541213,Tax Preparation Services,Triumph Advisors Llc,New Canaan,CT,2018-12-06,2019,195100,1,Citizens Bank,7.75,120.0,0.0,Active,False,False,2026-06-30
Architecture & engineering,541330,Engineering Services,"Vsce, Inc.",Oakland,CA,2018-12-06,2019,1170000,1,BMO Bank National Association,7.75,120.0,0.0,Active,False,False,2026-06-30
Financial advisors,523930,Investment Advice,"Werth Wealth Planning, Llc",Baldwinsville,NY,2018-12-06,2019,1000000,1,Live Oak Banking Company,7.6,120.0,2.0,Active,False,False,2026-06-30
Law firms,541110,Offices of Lawyers,"Winick & Gallaher, P.C.",Naperville,IL,2018-12-06,2019,750000,1,Byline Bank,8.0,70.0,6.0,Active,False,False,2026-06-30
Insurance agencies,524210,Insurance Agencies and Brokerages,Wilson Insurance Solutions Llc,Tulsa,OK,2018-12-12,2019,402000,1,SpiritBank,7.25,49.0,9.0,Active,False,False,2026-06-30
"Accounting, tax & bookkeeping",541211,Offices of Certified Public Accountants,Lakeside Cpa'S Llc,Portland,OR,2018-12-13,2019,217500,1,Wells Fargo Bank National Association,6.9,120.0,4.0,Active,False,False,2026-06-30
Financial advisors,523930,Investment Advice,"Dmsz, Inc.",Port Jefferson,NY,2018-12-14,2019,285000,1,Live Oak Banking Company,8.0,120.0,2.0,Paid in full,False,False,2026-06-30
"Accounting, tax & bookkeeping",541211,Offices of Certified Public Accountants,Odoni Partners Llc,Chicago,IL,2018-12-14,2019,1014100,1,BMO Bank National Association,6.75,120.0,7.0,Active,False,False,2026-06-30
"Accounting, tax & bookkeeping",541211,Offices of Certified Public Accountants,"Parlade Schaefer Schortz, Cpas Pa",Punta Gorda,FL,2018-12-14,2019,1100000,1,United Community Bank,6.75,120.0,19.0,Paid in full,False,False,2026-06-30
"Accounting, tax & bookkeeping",541213,Tax Preparation Services,Income Tax Specialists Inc,Houston,TX,2018-12-17,2019,649900,1,Texas Capital Bank,7.75,120.0,5.0,Active,False,False,2026-06-30
"Accounting, tax & bookkeeping",541211,Offices of Certified Public Accountants,"The Forde Firm, Llc",Jacksonville,FL,2018-12-17,2019,632000,1,"SouthState Bank, National Association",7.25,120.0,7.0,Paid in full,False,False,2026-06-30
Advertising & marketing agencies,541890,Other Services Related to Advertising,"Yellow Dog Creative, Inc.",Marquette,MI,2018-12-17,2019,646600,1,The Huntington National Bank,7.0,120.0,10.0,Paid in full,False,False,2026-06-30
Financial advisors,523930,Investment Advice,Bcs Partners Llc,Muskegon,MI,2018-12-18,2019,760000,1,Live Oak Banking Company,7.5,120.0,6.0,Paid in full,False,False,2026-06-30
Architecture & engineering,541310,Architectural Services,Erickson Mcgovern Pllc,Tacoma,WA,2018-12-18,2019,3349000,1,Heritage Bank,7.25,120.0,1.0,Paid in full,False,False,2026-06-30
"Accounting, tax & bookkeeping",541211,Offices of Certified Public Accountants,"Jes Professional Services Of Michigan, Pllc",Saranac,MI,2018-12-18,2019,380000,1,Customers Bank,8.0,120.0,2.0,Paid in full,False,False,2026-06-30
"Accounting, tax & bookkeeping",541211,Offices of Certified Public Accountants,"Canady & Canady, Llc",Akron,OH,2018-12-19,2019,2225000,2,The Huntington National Bank,7.25,120.0,12.0,Active,False,False,2026-06-30
Insurance agencies,524210,Insurance Agencies and Brokerages,Mcginty Gordon & Associates,Saint Simons Island,GA,2018-12-19,2019,5000000,1,Live Oak Banking Company,7.25,144.0,7.0,Paid in full,False,False,2026-06-30
Law firms,541110,Offices of Lawyers,"Campbell, Clark & Vienneau, A Professional Corporation",Redding,CA,2018-12-20,2019,185000,1,Plumas Bank,6.25,120.0,6.0,Active,False,False,2026-06-30
"Accounting, tax & bookkeeping",541219,Other Accounting Services,Emerge Financial Group Houston Inc,Houston,TX,2018-12-20,2019,152300,1,Wells Fargo Bank National Association,7.55,120.0,1.0,Active,False,False,2026-06-30
Management consulting,541611,Administrative Management and General Management Consulting Services,"Intrinxec Management, Inc",Minneapolis,MN,2018-12-20,2019,600000,1,Granite Bank,6.5,120.0,31.0,Active,False,False,2026-06-30
Architecture & engineering,541310,Architectural Services,"La Canada Design Group, Inc.",Pasadena,CA,2018-12-20,2019,434800,1,"Bank of America, National Association",5.94,120.0,15.0,Paid in full,False,False,2026-06-30
IT & software services,541519,Other Computer Related Services,School Management And Record Tracking,Phoenix,AZ,2018-12-20,2019,1295100,1,Wells Fargo Bank National Association,7.0,120.0,3.0,Paid in full,False,False,2026-06-30
Management consulting,541611,Administrative Management and General Management Consulting Services,"Accent On Management, Inc.",Columbus,OH,2018-12-21,2019,1727000,1,The Huntington National Bank,7.5,120.0,14.0,Paid in full,False,False,2026-06-30
Architecture & engineering,541320,Landscape Architectural Services,"Blue Sky Enterprises, Llc Dba Bluebird Design & Landscape Llc",Littleton,CO,2018-12-21,2019,147000,1,Wells Fargo Bank National Association,6.9,120.0,2.0,Active,False,False,2026-06-30
Insurance agencies,524210,Insurance Agencies and Brokerages,"C.C.A.R., Inc.",Wheat Ridge,CO,2018-12-21,2019,1125000,2,Live Oak Banking Company,7.35,120.0,3.0,Paid in full,False,False,2026-06-30
Advertising & marketing agencies,541810,Advertising Agencies,Edgewater Ventures Inc,Miami,FL,2018-12-21,2019,1148900,1,BayFirst National Bank,8.0,120.0,15.0,Paid in full,False,False,2026-06-30
Insurance agencies,524210,Insurance Agencies and Brokerages,Grimes Insurance Agency Inc.,Lubbock,TX,2018-12-21,2019,5000000,1,Pathward National Association,7.25,120.0,23.0,Paid in full,False,False,2026-06-30
Insurance agencies,524210,Insurance Agencies and Brokerages,Jasparro Corporation,Westport,MA,2018-12-21,2019,247500,1,Fall River Five Cents Savings Bank d/b/a BankFive,5.0,84.0,4.0,Paid in full,True,False,2026-06-30
IT & software services,541511,Custom Computer Programming Services,"Macgregor Partners, Llc",Raleigh,NC,2018-12-21,2019,1042000,1,Truist Bank,7.7,120.0,0.0,Paid in full,False,False,2026-06-30
IT & software services,541511,Custom Computer Programming Services,Southeast Regional Technology Group,Macon,GA,2018-12-21,2019,3030000,1,Paragon Bank,6.75,120.0,20.0,Paid in full,False,False,2026-06-30
Architecture & engineering,541330,Engineering Services,"Stanton Engineering Services, Llc",Columbia,MD,2018-12-21,2019,852000,1,Manufacturers and Traders Trust Company,7.25,126.0,4.0,Active,False,False,2026-06-30
"Accounting, tax & bookkeeping",541211,Offices of Certified Public Accountants,"Cb Smith & Associates, P.C.",Macon,GA,2019-01-28,2019,790000,1,United Community Bank,8.25,120.0,20.0,Active,False,False,2026-06-30
"Accounting, tax & bookkeeping",541211,Offices of Certified Public Accountants,"Debra Bell & Associates, Cpas, Inc",Corona,CA,2019-01-28,2019,212000,1,Plumas Bank,7.5,120.0,10.0,Paid in full,False,False,2026-06-30
Architecture & engineering,541330,Engineering Services,"Greenslade & Company, Inc.",Fort Worth,TX,2019-01-28,2019,225000,1,Frost Bank,7.5,120.0,15.0,Paid in full,False,False,2026-06-30
Advertising & marketing agencies,541860,Direct Mail Advertising,"Maad Creative, Llc",Columbia,MO,2019-01-28,2019,1004000,1,Wells Fargo Bank National Association,7.8,41.0,2.0,Charged off,False,False,2026-06-30
Management consulting,541611,Administrative Management and General Management Consulting Services,"Watermark Risk Management International, Llc",Fairfax,VA,2019-01-28,2019,2779000,1,Atlantic Union Bank,7.42,120.0,35.0,Active,False,False,2026-06-30
"Accounting, tax & bookkeeping",541219,Other Accounting Services,Bookkeeping Plus Llc,Pacifica,CA,2019-01-30,2019,400000,1,Live Oak Banking Company,7.75,120.0,0.0,Paid in full,False,False,2026-06-30
Advertising & marketing agencies,541890,Other Services Related to Advertising,"Kr Enterprises Signs, Llc",Tyler,TX,2019-01-30,2019,348000,1,Byline Bank,8.25,120.0,8.0,Paid in full,False,False,2026-06-30
"Accounting, tax & bookkeeping",541213,Tax Preparation Services,Connie J.Sullivan,Georgetown,OH,2019-01-31,2019,30000,1,Peoples Bank,8.0,84.0,7.0,Paid in full,True,True,2026-06-30
Architecture & engineering,541340,Drafting Services,Studio Rendering Inc.,Chicago,IL,2019-01-31,2019,1195300,1,Stearns Bank National Association,8.25,120.0,0.0,Paid in full,False,False,2026-06-30
"Accounting, tax & bookkeeping",541211,Offices of Certified Public Accountants,"Thompson, Price, Scott, Adams & Co., P.A.",Shallotte,NC,2019-01-31,2019,655000,2,Live Oak Banking Company,7.25,120.0,3.0,Paid in full,False,False,2026-06-30
Management consulting,541611,Administrative Management and General Management Consulting Services,"Vrge Strategies, Llc",Washington,DC,2019-01-31,2019,600000,1,"Newtek Small Business Finance, Inc.",8.25,121.0,20.0,Paid in full,False,False,2026-06-30
"Accounting, tax & bookkeeping",541211,Offices of Certified Public Accountants,"Cornerstone Cpa, Llc",Schererville,IN,2019-02-01,2019,390500,1,Customers Bank,8.25,120.0,5.0,Paid in full,False,False,2026-06-30
Architecture & engineering,541320,Landscape Architectural Services,"Swt Design, Inc.",Saint Louis,MO,2019-02-04,2019,666100,1,"Bank of America, National Association",1.99,120.0,4.0,Paid in full,False,False,2026-06-30
Insurance agencies,524210,Insurance Agencies and Brokerages,Vandross Insurance Agency Llc,Chesapeake,VA,2019-02-04,2019,249000,1,Mechanics and Farmers Bank,8.0,120.0,4.0,Active,False,False,2026-06-30
Advertising & marketing agencies,541613,Marketing Consulting Services,"Sms Business Entities, Inc.",Monument,CO,2019-02-07,2019,872000,1,Midwest Regional Bank,8.25,99.0,5.0,Charged off,False,False,2026-06-30
Insurance agencies,524210,Insurance Agencies and Brokerages,"Sumter Agencies, Llc",Livingston,AL,2019-02-08,2019,707000,1,Live Oak Banking Company,7.6,141.0,1.0,Paid in full,False,False,2026-06-30
Financial advisors,523930,Investment Advice,Matthew Stegman,Spring Hill,FL,2019-02-11,2019,655000,1,Live Oak Banking Company,7.5,120.0,4.0,Paid in full,False,False,2026-06-30
Financial advisors,523930,Investment Advice,Brian E Leinbach,Ellensburg,WA,2019-02-12,2019,175000,1,Live Oak Banking Company,8.75,120.0,0.0,Paid in full,True,False,2026-06-30
Advertising & marketing agencies,541430,Graphic Design Services,"Faceout Studio, Llc",Bend,OR,2019-02-12,2019,225000,1,First Interstate Bank,7.75,120.0,12.0,Paid in full,False,False,2026-06-30
"Accounting, tax & bookkeeping",541213,Tax Preparation Services,Mark Bakker Llc,Urbandale,IA,2019-02-12,2019,90300,1,Wells Fargo Bank National Association,7.05,120.0,6.0,Active,False,False,2026-06-30
Advertising & marketing agencies,541810,Advertising Agencies,"Palmetto Mountain, Inc.",Denver,CO,2019-02-12,2019,1639000,1,CIBC Bank USA,7.0,123.0,28.0,Active,False,False,2026-06-30
IT & software services,541511,Custom Computer Programming Services,"Avio Consulting, Llc",Addison,TX,2019-02-13,2019,900000,1,Bank OZK,7.25,120.0,0.0,Paid in full,False,False,2026-06-30
"Accounting, tax & bookkeeping",541211,Offices of Certified Public Accountants,C3 Consolidated Llc,Memphis,TN,2019-02-13,2019,600000,1,Simmons Bank,7.5,120.0,10.0,Paid in full,False,False,2026-06-30
"Accounting, tax & bookkeeping",541219,Other Accounting Services,Caldwell Renee Llc,Glenshaw,PA,2019-02-13,2019,528200,1,"PNC Bank, National Association",5.74,120.0,5.0,Active,False,False,2026-06-30
Insurance agencies,524210,Insurance Agencies and Brokerages,"East Coast Insurance Services, Llc",Fayetteville,NC,2019-02-13,2019,515000,1,Pathward National Association,8.25,120.0,2.0,Paid in full,False,False,2026-06-30
IT & software services,541519,Other Computer Related Services,"Kristian Andersen, Inc.",Indianapolis,IN,2019-02-14,2019,4120900,1,Old National Bank,6.1,120.0,10.0,Paid in full,False,False,2026-06-30
Financial advisors,523930,Investment Advice,Maestro Global,Sante Fe,NM,2019-02-14,2019,1464000,1,First State Bank Nebraska,7.5,120.0,0.0,Paid in full,False,False,2026-06-30
Financial advisors,523930,Investment Advice,Oliver Lagore Vanvalin Investment Group,Flint,MI,2019-02-14,2019,216000,1,"BankUnited, National Association",2.0,119.0,16.0,Paid in full,False,False,2026-06-30
Financial advisors,523930,Investment Advice,"Pacific Coast Investment Advisors, Llc",Lake Oswego,OR,2019-02-14,2019,395000,1,Live Oak Banking Company,7.75,120.0,1.0,Active,False,False,2026-06-30
Insurance agencies,524210,Insurance Agencies and Brokerages,Partners Insurance Inc,Atlantic,IA,2019-02-14,2019,396000,1,United Midwest Savings Bank National Association,8.25,120.0,0.0,Active,False,False,2026-06-30
Architecture & engineering,541330,Engineering Services,8-Koi Inc.,Melbourne,FL,2019-02-15,2019,2500000,1,Seacoast National Bank,2.25,120.0,10.0,Active,False,False,2026-06-30
Insurance agencies,524210,Insurance Agencies and Brokerages,Bob White Insurance Agency Llc,Houston,TX,2019-02-15,2019,750000,1,Bankwell Bank,7.5,120.0,4.0,Paid in full,False,False,2026-06-30
Management consulting,541612,Human Resources Consulting Services,"Dental Works, Llc",Germantown,NY,2019-02-15,2019,720000,1,Webster Bank National Association,6.5,120.0,8.0,Active,False,False,2026-06-30
IT & software services,541511,Custom Computer Programming Services,Mt3 Marketing Llc,Austin,TX,2019-02-15,2019,467600,1,"Bank of America, National Association",1.99,120.0,1.0,Active,False,False,2026-06-30
Advertising & marketing agencies,541860,Direct Mail Advertising,Aa Newc Llc,Geneva,IL,2019-02-20,2019,300600,1,Union National Bank,7.25,120.0,3.0,Paid in full,False,False,2026-06-30
"Accounting, tax & bookkeeping",541213,Tax Preparation Services,2 Palms Oasis Tax Llc,Puyallup,WA,2019-02-21,2019,171000,1,KeyBank National Association,8.0,120.0,2.0,Active,False,False,2026-06-30
Law firms,541110,Offices of Lawyers,Agnant & Lambdin Llc,Fort Lauderdale,FL,2019-02-22,2019,545200,1,"PNC Bank, National Association",5.98,120.0,8.0,Active,False,False,2026-06-30
"Accounting, tax & bookkeeping",541213,Tax Preparation Services,Applegate Tax & Accounting Llc,Winterset,IA,2019-02-22,2019,162000,1,Farmers and Merchants State Bank,7.5,123.0,5.0,Active,False,False,2026-06-30
Advertising & marketing agencies,541613,Marketing Consulting Services,"Consumer Marketing Services Group, Llc",Delevan,NY,2019-02-22,2019,296000,1,Manufacturers and Traders Trust Company,7.5,120.0,1.0,Active,True,False,2026-06-30
Architecture & engineering,541380,Testing Laboratories,Biolyze Llc,West Warwick,RI,2019-02-25,2019,347000,1,Centreville Bank,5.71,60.0,9.0,Paid in full,True,False,2026-06-30
Financial advisors,523930,Investment Advice,Anthony Zitella,Chicago,IL,2019-02-26,2019,118000,1,Live Oak Banking Company,8.0,120.0,0.0,Active,False,False,2026-06-30
"Accounting, tax & bookkeeping",541219,Other Accounting Services,Shannon Rudicel Cpa Llc,Columbus,IN,2019-02-26,2019,655000,1,German American Bank,5.5,121.0,7.0,Active,False,False,2026-06-30
Financial advisors,523930,Investment Advice,"Global Wealth Partners, Inc.",Naperville,IL,2019-02-27,2019,350000,1,Live Oak Banking Company,7.75,120.0,0.0,Paid in full,False,False,2026-06-30
Architecture & engineering,541330,Engineering Services,"K&M Engineering And Design, Corp.",Tujunga,CA,2019-02-27,2019,160000,1,"Centerstone SBA Lending, Inc.",8.25,120.0,3.0,Paid in full,False,False,2026-06-30
Architecture & engineering,541370,Surveying and Mapping (except Geophysical) Services,Tmi Land Surveying Inc,Seattle,WA,2019-02-28,2019,141000,1,Harborstone CU,8.25,43.0,7.0,Charged off,False,False,2026-06-30
Advertising & marketing agencies,541810,Advertising Agencies,"Promoted Frederick, Md Llc",Frederick,MD,2019-03-01,2019,135000,1,Manufacturers and Traders Trust Company,8.0,90.0,2.0,Charged off,True,False,2026-06-30
IT & software services,541512,Computer Systems Design Services,"Avedon, Inc.",Clearwater,FL,2019-03-04,2019,350000,1,BayFirst National Bank,8.25,120.0,1.0,Paid in full,False,False,2026-06-30
Architecture & engineering,541350,Building Inspection Services,"A Precise Home Inspection, Inc.",Colorado Springs,CO,2019-03-05,2019,261000,1,"UMB Bank, National Association",6.25,120.0,2.0,Paid in full,False,False,2026-06-30
"Accounting, tax & bookkeeping",541211,Offices of Certified Public Accountants,"David R. Dingus Cpa, Llc",Bluffton,SC,2019-03-05,2019,931500,1,Community Bank of Georgia,6.75,120.0,9.0,Active,False,False,2026-06-30
"Accounting, tax & bookkeeping",541213,Tax Preparation Services,"Calahan & Associates, Llc",Colorado Springs,CO,2019-03-13,2019,283300,1,BMO Bank National Association,8.0,120.0,0.0,Active,False,False,2026-06-30
Architecture & engineering,541330,Engineering Services,"Nieman Engineering, Llc",Lubbock,TX,2019-03-14,2019,459100,1,Cornerstone Capital Bank SSB,6.75,84.0,5.0,Paid in full,False,False,2026-06-30
Architecture & engineering,541330,Engineering Services,8-Koi Inc.,Melbourne,FL,2019-03-17,2019,350000,1,Seacoast National Bank,8.0,120.0,10.0,Paid in full,True,True,2026-06-30
Insurance agencies,524210,Insurance Agencies and Brokerages,"Garr Investments, Llc",Norristown,PA,2019-03-18,2019,75000,1,"TD Bank, National Association",9.04,48.0,4.0,Paid in full,True,False,2026-06-30
Architecture & engineering,541310,Architectural Services,"Integra Architecture, Pllc",Charlotte,NC,2019-03-18,2019,378000,1,Pinnacle Bank,8.0,120.0,8.0,Paid in full,False,False,2026-06-30
Advertising & marketing agencies,541430,Graphic Design Services,"G Gerard Enterprises, Inc.",Holland,MI,2019-03-19,2019,235000,1,ChoiceOne Bank,7.75,120.0,8.0,Active,False,False,2026-06-30
Advertising & marketing agencies,541430,Graphic Design Services,"G Gerard Enterprises, Inc.",Holland,MI,2019-03-21,2019,50000,1,ChoiceOne Bank,7.75,72.0,8.0,Paid in full,True,True,2026-06-30
Insurance agencies,524210,Insurance Agencies and Brokerages,"Gardner Agency Of Texas, Llc",Spring,TX,2019-03-21,2019,2400000,2,Bankwell Bank,7.5,72.0,2.0,Paid in full,False,False,2026-06-30
"Accounting, tax & bookkeeping",541211,Offices of Certified Public Accountants,"Mcmanamon & Co., Llc",Westlake,OH,2019-03-21,2019,675000,1,KeyBank National Association,8.0,120.0,12.0,Paid in full,False,False,2026-06-30
"Accounting, tax & bookkeeping",541211,Offices of Certified Public Accountants,"Alex Hill, Cpa, Pc",Pampa,TX,2019-03-22,2019,685000,1,Live Oak Banking Company,7.5,120.0,7.0,Paid in full,False,False,2026-06-30
"Accounting, tax & bookkeeping",541219,Other Accounting Services,Dolmed Physician Services Llc,Oil City,PA,2019-03-25,2019,30000,1,Northwest Bank,8.0,84.0,4.0,Paid in full,True,False,2026-06-30
"Accounting, tax & bookkeeping",541211,Offices of Certified Public Accountants,"Jenkins & Company, P.C.",Southfield,MI,2019-03-26,2019,735000,1,Bank of Ann Arbor,7.0,120.0,10.0,Active,False,False,2026-06-30
"Accounting, tax & bookkeeping",541219,Other Accounting Services,Archer National Holdings Inc,Seattle,WA,2019-03-27,2019,888500,1,Columbia Bank,7.5,120.0,13.0,Paid in full,False,False,2026-06-30
Insurance agencies,524210,Insurance Agencies and Brokerages,Manna Insurance Group Llc,Lynden,WA,2019-03-27,2019,626500,1,Bank of the Pacific,7.0,120.0,1.0,Paid in full,False,False,2026-06-30
Architecture & engineering,541320,Landscape Architectural Services,"Tnt Enterprises, Inc",Ankeny,IA,2019-03-29,2019,1916000,2,Wells Fargo Bank National Association,5.9,168.0,46.0,Active,False,True,2026-06-30
Advertising & marketing agencies,541820,Public Relations Agencies,"Uproar Pr, Llc",Annapolis,MD,2019-03-29,2019,3445000,1,"Fulton Bank, National Association",8.25,66.0,53.0,Active,False,False,2026-06-30
Insurance agencies,524210,Insurance Agencies and Brokerages,"The Walker Agency, Llc",Duluth,GA,2019-03-31,2019,150000,1,Pathward National Association,8.25,55.0,0.0,Active,False,False,2026-06-30
Management consulting,541620,Environmental Consulting Services,"Environmental Safety Solutions, Inc",Bakersfield,CA,2019-04-02,2019,608000,1,Tri Counties Bank,8.0,120.0,25.0,Paid in full,False,False,2026-06-30
Architecture & engineering,541370,Surveying and Mapping (except Geophysical) Services,Jahnke &Amp; Jahnke Assoc. Llc,Waukesha,WI,2019-04-02,2019,168000,1,Fifth Third Bank,9.32,119.0,10.0,Active,True,False,2026-06-30
"Accounting, tax & bookkeeping",541213,Tax Preparation Services,"Central Florida Tax And Accounting Services, Inc",Orlando,FL,2019-04-03,2019,838000,1,Lake Michigan CU,7.5,120.0,19.0,Active,False,False,2026-06-30
Insurance agencies,524210,Insurance Agencies and Brokerages,Four Points Agency Llc,Medley,FL,2019-04-04,2019,1620000,1,Bankwell Bank,7.5,120.0,4.0,Paid in full,False,False,2026-06-30
Insurance agencies,524210,Insurance Agencies and Brokerages,Lance Rogers Agency Llc,O'Fallon,MO,2019-04-04,2019,140000,1,Stearns Bank National Association,8.25,120.0,5.0,Paid in full,False,False,2026-06-30
Insurance agencies,524210,Insurance Agencies and Brokerages,Jbek Insurance Agency,Los Angeles,CA,2019-04-10,2019,2950000,1,Bankwell Bank,7.5,120.0,3.0,Active,False,False,2026-06-30
Architecture & engineering,541320,Landscape Architectural Services,"Sylvan Peak Investments, Llc",Valley,NE,2019-04-10,2019,2640500,1,CIBC Bank USA,8.0,123.0,50.0,Active,False,False,2026-06-30
Architecture & engineering,541320,Landscape Architectural Services,"Diversified Landscape Services, L.L.C.",Phoenix,AZ,2019-04-12,2019,822000,1,Wells Fargo Bank National Association,7.6,120.0,17.0,Paid in full,False,False,2026-06-30
IT & software services,541511,Custom Computer Programming Services,"Utilly, Llc",Madison,WI,2019-04-12,2019,97000,2,Lake Ridge Bank,5.46,84.0,3.0,Paid in full,False,True,2026-06-30
IT & software services,541519,Other Computer Related Services,Webtyde Digital Marketing Llc,New Orleans,LA,2019-04-15,2019,150000,1,FinWise Bank,8.25,120.0,2.0,Paid in full,False,False,2026-06-30
Insurance agencies,524210,Insurance Agencies and Brokerages,"Alyssa Holloway State Farm, Llc",Birmingham,AL,2019-04-16,2019,232000,1,United Community Bank,7.5,300.0,10.0,Paid in full,False,False,2026-06-30
Insurance agencies,524210,Insurance Agencies and Brokerages,Community And Family Affinity Services,Colorado Springs,CO,2019-04-16,2019,1130000,1,Live Oak Banking Company,7.2,120.0,5.0,Paid in full,False,False,2026-06-30
Financial advisors,523930,Investment Advice,"Amg Group, Llc",Delaware,OH,2019-04-17,2019,600000,1,Live Oak Banking Company,7.5,120.0,2.0,Paid in full,False,False,2026-06-30
Financial advisors,523930,Investment Advice,"Infocus Financial Strategies, Llc",Ozark,MO,2019-04-19,2019,525000,1,Guaranty Bank,8.25,120.0,3.0,Paid in full,False,False,2026-06-30
Financial advisors,523930,Investment Advice,"Ffp Wealth Acquisition, Llc",Minneapolis,MN,2019-04-22,2019,2700000,1,Live Oak Banking Company,7.25,120.0,4.0,Active,False,False,2026-06-30
Advertising & marketing agencies,541810,Advertising Agencies,"Brandhive, Inc.",Fairfax,VA,2019-04-23,2019,940000,1,Banc of California,8.25,69.0,18.0,Active,False,False,2026-06-30
Advertising & marketing agencies,541613,Marketing Consulting Services,Breakout Consulting Llc,Omaha,NE,2019-04-23,2019,1222000,1,Wells Fargo Bank National Association,6.7,120.0,11.0,Paid in full,False,False,2026-06-30
Financial advisors,523930,Investment Advice,"Financial Architects, Inc.",Farmington,MI,2019-04-23,2019,4745000,1,Live Oak Banking Company,7.0,120.0,8.0,Paid in full,False,False,2026-06-30
IT & software services,541519,Other Computer Related Services,Fortitek Corp.,Crown Point,IN,2019-04-23,2019,350000,1,1st Source Bank,6.25,59.0,2.0,Paid in full,True,True,2026-06-30
Financial advisors,523930,Investment Advice,Litton Financial Services,La Jolla,CA,2019-04-23,2019,4175000,1,Live Oak Banking Company,6.96,120.0,4.0,Paid in full,False,False,2026-06-30
IT & software services,541511,Custom Computer Programming Services,"Enesta, Inc.",Rockville,MD,2019-04-24,2019,1664400,1,"Bank of America, National Association",1.99,120.0,6.0,Paid in full,False,False,2026-06-30
Management consulting,541611,Administrative Management and General Management Consulting Services,"Tmsolution, Inc.",Auburn,MA,2019-04-24,2019,326400,1,"Bank of America, National Association",1.99,120.0,7.0,Paid in full,False,False,2026-06-30
IT & software services,541512,Computer Systems Design Services,"Coast Networx, Inc",Santa Maria,CA,2019-04-25,2019,250000,1,Mechanics Bank,7.5,120.0,2.0,Paid in full,False,False,2026-06-30
Advertising & marketing agencies,541613,Marketing Consulting Services,The Write Place Inc,Pella,IA,2019-04-26,2019,126100,1,Old National Bank,8.0,120.0,4.0,Active,False,False,2026-06-30
Law firms,541199,All Other Legal Services,"The Axiom Group, Inc.",Lansing,MI,2019-04-29,2019,1305000,1,The Huntington National Bank,7.75,120.0,4.0,Paid in full,False,False,2026-06-30
Architecture & engineering,541320,Landscape Architectural Services,South River Llc,Savage,MN,2019-05-01,2019,1257700,1,"U.S. Bank, National Association",5.75,156.0,20.0,Paid in full,False,False,2026-06-30
Law firms,541110,Offices of Lawyers,"West Wing Properties, Llc",Taylorsville,UT,2019-05-03,2019,345700,1,"U.S. Bank, National Association",6.5,120.0,1.0,Paid in full,False,False,2026-06-30
Management consulting,541620,Environmental Consulting Services,"Integrity Environmental Services, Inc.",Hinsdale,IL,2019-05-08,2019,391600,1,CIBC Bank USA,7.85,120.0,9.0,Active,False,False,2026-06-30
"Accounting, tax & bookkeeping",541214,Payroll Services,"Payroll Partners, Inc.",Ft Mitchell,KY,2019-05-08,2019,2280000,1,CFBank National Association,8.25,120.0,18.0,Active,False,False,2026-06-30
"Accounting, tax & bookkeeping",541211,Offices of Certified Public Accountants,"10Xempowerment, Llc.",Centennial,CO,2019-05-09,2019,1700000,1,Live Oak Banking Company,7.0,65.0,15.0,Charged off,False,False,2026-06-30
IT & software services,541519,Other Computer Related Services,"Blackpoint It Services, Inc.",Kent,WA,2019-05-14,2019,1386000,1,KeyBank National Association,7.25,120.0,40.0,Paid in full,False,False,2026-06-30
Law firms,541110,Offices of Lawyers,"Indiana Estate & Elder Law, P.C.",Fishers,IN,2019-05-14,2019,776000,1,Citizens State Bank of New Castle,7.25,121.0,9.0,Active,False,False,2026-06-30
"Accounting, tax & bookkeeping",541211,Offices of Certified Public Accountants,"Nbt Associates, P.C.",Spring,TX,2019-05-15,2019,690000,2,Live Oak Banking Company,7.25,120.0,2.0,Active,False,False,2026-06-30
Financial advisors,523930,Investment Advice,Steven L. Sparks,Hickory,NC,2019-05-16,2019,579000,1,The Bancorp Bank National Association,7.5,120.0,0.0,Paid in full,False,False,2026-06-30
Insurance agencies,524210,Insurance Agencies and Brokerages,"Quantum Agency Group, Llc",Monrovia,CA,2019-05-17,2019,1000000,1,Pathward National Association,8.0,120.0,4.0,Paid in full,False,False,2026-06-30
Insurance agencies,524210,Insurance Agencies and Brokerages,Silva Insurance Agency Llc,Pinecrest,FL,2019-05-17,2019,1485000,1,Bankwell Bank,7.75,120.0,3.0,Paid in full,False,False,2026-06-30
Architecture & engineering,541370,Surveying and Mapping (except Geophysical) Services,"Zeke-Trice, Llc",Mobile,AL,2019-05-17,2019,495000,1,"SouthState Bank, National Association",7.5,120.0,14.0,Paid in full,False,False,2026-06-30
Law firms,541110,Offices of Lawyers,"Indiana Estate & Elder Law, P.C.",Fishers,IN,2019-05-20,2019,50000,1,Citizens State Bank of New Castle,8.25,120.0,18.0,Paid in full,True,True,2026-06-30
Insurance agencies,524210,Insurance Agencies and Brokerages,"Amity Insurance Agency, Inc.",Quincy,MA,2019-05-22,2019,3263000,1,Live Oak Banking Company,7.1,120.0,23.0,Paid in full,False,False,2026-06-30
Architecture & engineering,541320,Landscape Architectural Services,"New England Geodesign, Pllc",Yarmouth,ME,2019-05-22,2019,55000,1,Bath Savings Institution,6.0,60.0,9.0,Paid in full,True,False,2026-06-30
Management consulting,541690,Other Scientific and Technical Consulting Services,"Trenchant Analytics, Llc",Chantilly,VA,2019-05-22,2019,575000,1,Locus Bank Inc,7.25,120.0,8.0,Paid in full,False,False,2026-06-30
Insurance agencies,524210,Insurance Agencies and Brokerages,Joe Peterson Insurance Agency Llc,Kennewick,WA,2019-05-23,2019,795000,1,Pathward National Association,8.25,120.0,3.0,Paid in full,False,False,2026-06-30
Financial advisors,523930,Investment Advice,Cravens Insurance Group Llc,Silsbee,TX,2019-05-24,2019,1500000,1,Live Oak Banking Company,7.95,144.0,6.0,Paid in full,False,False,2026-06-30
Management consulting,541611,Administrative Management and General Management Consulting Services,Dc Legacy Llc,Scarborough,ME,2019-05-29,2019,257500,2,Bangor Savings Bank,5.15,84.0,7.0,Active,False,True,2026-06-30
Insurance agencies,524210,Insurance Agencies and Brokerages,"All Lines Insurance, Llc",Spokane,WA,2019-05-30,2019,2125000,1,Bankwell Bank,8.0,120.0,6.0,Paid in full,False,False,2026-06-30
Advertising & marketing agencies,541890,Other Services Related to Advertising,"Second Chance Fashions, Llc",Tulsa,OK,2019-05-30,2019,149500,1,First State Bank,6.95,120.0,5.0,Active,False,False,2026-06-30
Insurance agencies,524210,Insurance Agencies and Brokerages,"Stromsoe Insurance Agency, Inc",Murrieta,CA,2019-05-30,2019,930000,1,Live Oak Banking Company,6.95,120.0,4.0,Paid in full,False,False,2026-06-30
IT & software services,541512,Computer Systems Design Services,Penrod Llc,Milwaukee,WI,2019-05-31,2019,500000,1,Summit CU,5.5,120.0,47.0,Paid in full,False,False,2026-06-30
"Accounting, tax & bookkeeping",541211,Offices of Certified Public Accountants,Estes And Associates Llc,Jefferson City,MO,2019-06-05,2019,270000,1,The Central Trust Bank,7.5,120.0,13.0,Paid in full,False,False,2026-06-30
Advertising & marketing agencies,541810,Advertising Agencies,3-P Solutions Group Inc.,Saint Paul,MN,2019-06-06,2019,1190000,1,"BankUnited, National Association",7.5,120.0,12.0,Active,False,False,2026-06-30
Insurance agencies,524210,Insurance Agencies and Brokerages,"Kevin J. Crook Agency, Inc.",Lafayette,IN,2019-06-06,2019,187000,1,Mechanics and Farmers Bank,8.25,120.0,6.0,Active,False,False,2026-06-30
Financial advisors,523930,Investment Advice,"Kirkland & King Financial, Llc",Columbia,SC,2019-06-07,2019,500000,1,Live Oak Banking Company,8.25,120.0,4.0,Active,False,False,2026-06-30
IT & software services,541519,Other Computer Related Services,Protech System Group Inc,Memphis,TN,2019-06-13,2019,5000000,1,First Horizon Bank,8.0,120.0,143.0,Paid in full,False,False,2026-06-30
"Accounting, tax & bookkeeping",541211,Offices of Certified Public Accountants,"Silver Accounting Group, Llc",Humble,TX,2019-06-13,2019,675000,1,Live Oak Banking Company,7.25,120.0,0.0,Paid in full,False,False,2026-06-30
"Accounting, tax & bookkeeping",541219,Other Accounting Services,"Integrative Business, Inc.",El Cajon,CA,2019-06-14,2019,695700,1,Wells Fargo Bank National Association,5.0,120.0,1.0,Active,False,False,2026-06-30
"Accounting, tax & bookkeeping",541219,Other Accounting Services,"Forsyth, Holtzman And Associates Llc",Kennesaw,GA,2019-06-17,2019,765000,1,The Bancorp Bank National Association,7.0,120.0,0.0,Active,False,False,2026-06-30
Insurance agencies,524210,Insurance Agencies and Brokerages,Anain And Associates Inc,Coeur D Alene,ID,2019-06-18,2019,171000,1,United Bank of Philadelphia,8.25,120.0,4.0,Paid in full,False,False,2026-06-30
IT & software services,541511,Custom Computer Programming Services,"Netsoft, Inc.",Snellville,GA,2019-06-18,2019,350000,1,Truist Bank,7.94,84.0,4.0,Paid in full,False,False,2026-06-30
IT & software services,541511,Custom Computer Programming Services,"Tht Programming, Lcc",Addison,TX,2019-06-18,2019,430000,1,Celtic Bank Corporation,8.25,120.0,1.0,Paid in full,False,False,2026-06-30
Architecture & engineering,541380,Testing Laboratories,"Southwestern Construction Materials Testing, Inc.",Westlake,LA,2019-06-19,2019,292000,1,First Horizon Bank,7.5,120.0,9.0,Paid in full,False,False,2026-06-30
Law firms,541110,Offices of Lawyers,Virtus Law Pllc,Minneapolis,MN,2019-06-21,2019,564500,2,"U.S. Bank, National Association",7.85,120.0,7.0,Active,False,True,2026-06-30
"Accounting, tax & bookkeeping",541219,Other Accounting Services,"J. Trainer & Company, Llc",Stoneham,MA,2019-06-24,2019,250000,1,Salem Five Cents Savings Bank,5.02,120.0,5.0,Paid in full,True,False,2026-06-30
Architecture & engineering,541330,Engineering Services,"Reuben Clarson Consulting, Inc.",St. Petersburg,FL,2019-06-24,2019,670000,1,First Horizon Bank,7.75,120.0,3.0,Active,False,False,2026-06-30
IT & software services,541519,Other Computer Related Services,"Simbionte Investment Group, Inc.",Bel Air,MD,2019-06-24,2019,800000,1,Tioga-Franklin Savings Bank,8.0,96.0,6.0,Active,False,False,2026-06-30
Architecture & engineering,541320,Landscape Architectural Services,"Dtsp Johnson Enterprises, Llc",Largo,FL,2019-06-27,2019,210000,1,Stearns Bank National Association,8.25,239.0,8.0,Paid in full,False,False,2026-06-30
Insurance agencies,524210,Insurance Agencies and Brokerages,Tims Agency Inc,Mobile,AL,2019-06-27,2019,287000,1,Stearns Bank National Association,8.25,123.0,5.0,Paid in full,False,False,2026-06-30
Insurance agencies,524210,Insurance Agencies and Brokerages,"901 Consulting Group, Inc",Atlanta,GA,2019-06-28,2019,1028500,1,Optus Bank,8.25,120.0,4.0,Active,False,False,2026-06-30
IT & software services,541511,Custom Computer Programming Services,"Acture Solutions, Inc.",Schenectady,NY,2019-06-28,2019,1550000,1,Stearns Bank National Association,8.25,120.0,18.0,Paid in full,False,False,2026-06-30
Financial advisors,523930,Investment Advice,Charles C. Lee,Richardson,TX,2019-07-02,2019,3235000,1,Live Oak Banking Company,7.15,120.0,6.0,Active,False,False,2026-06-30
"Accounting, tax & bookkeeping",541211,Offices of Certified Public Accountants,"Roberge And Company, P.C.",Belmont,NH,2019-07-02,2019,150000,1,Camden National Bank,5.75,84.0,3.0,Paid in full,True,False,2026-06-30
Insurance agencies,524210,Insurance Agencies and Brokerages,Schmidt Insurance Group Llc,Lake Oswego,OR,2019-07-02,2019,235000,1,Optus Bank,8.25,120.0,4.0,Active,False,False,2026-06-30
Advertising & marketing agencies,541890,Other Services Related to Advertising,"Gearshift, Inc.",Costa Mesa,CA,2019-07-03,2019,646000,1,BMO Bank National Association,8.0,120.0,13.0,Paid in full,False,False,2026-06-30
Insurance agencies,524210,Insurance Agencies and Brokerages,K Mccoy Inc,Hamilton,NJ,2019-07-03,2019,1300000,1,"PNC Bank, National Association",5.59,120.0,19.0,Paid in full,False,False,2026-06-30
"Accounting, tax & bookkeeping",541211,Offices of Certified Public Accountants,Ravan And Company Lllp,Miami,FL,2019-07-03,2019,1525000,2,Live Oak Banking Company,7.0,120.0,7.0,Active,False,True,2026-06-30
Financial advisors,523930,Investment Advice,Kaye Capital Management,El Segundo,CA,2019-07-05,2019,2400500,1,American Business Bank,6.0,120.0,7.0,Paid in full,False,False,2026-06-30
Insurance agencies,524210,Insurance Agencies and Brokerages,Terri Scoggins Insurance Group Llc,West Linn,OR,2019-07-05,2019,154000,1,Mechanics and Farmers Bank,8.25,120.0,4.0,Paid in full,False,False,2026-06-30
Financial advisors,523930,Investment Advice,"Practice Solutions, Inc.",Orlando,FL,2019-07-08,2019,5000000,1,Live Oak Banking Company,7.0,96.0,17.0,Paid in full,False,False,2026-06-30
Advertising & marketing agencies,541860,Direct Mail Advertising,Jtotten Llc,Fort Myers,FL,2019-07-09,2019,250000,1,Pathward National Association,8.25,110.0,4.0,Charged off,False,False,2026-06-30
IT & software services,541512,Computer Systems Design Services,Arcm Communications Llc,Albuquerque,NM,2019-07-10,2019,1385000,2,Live Oak Banking Company,7.65,120.0,20.0,Active,False,True,2026-06-30
Law firms,541110,Offices of Lawyers,Global Law Advocates Pllc,Seattle,WA,2019-07-10,2019,440000,2,Heritage Bank,7.75,120.0,0.0,Paid in full,False,True,2026-06-30
Insurance agencies,524210,Insurance Agencies and Brokerages,"Perkins Insurance Agencies, Llc",Abilene,TX,2019-07-12,2019,450000,1,Live Oak Banking Company,7.0,120.0,9.0,Paid in full,False,False,2026-06-30
Insurance agencies,524210,Insurance Agencies and Brokerages,"Et&T Holdings, Llc",Dalton,GA,2019-07-15,2019,386900,1,Builtwell Bank,7.0,144.0,3.0,Paid in full,False,False,2026-06-30
Insurance agencies,524210,Insurance Agencies and Brokerages,"John Wanderscheid Insurance, Llc",Portland,OR,2019-07-15,2019,165000,1,Mechanics and Farmers Bank,2.75,120.0,6.0,Paid in full,False,False,2026-06-30
Insurance agencies,524210,Insurance Agencies and Brokerages,The Brad Jones All Star Agency Llc,Greenwood,IN,2019-07-15,2019,203000,1,Optus Bank,8.25,120.0,5.0,Active,False,False,2026-06-30
Insurance agencies,524210,Insurance Agencies and Brokerages,Vincent Family Insurance Llc,Stow,OH,2019-07-16,2019,264500,1,Mechanics and Farmers Bank,8.25,120.0,6.0,Paid in full,False,False,2026-06-30
IT & software services,541519,Other Computer Related Services,National Integrated Healthcare Group Llc,Fort Worth,TX,2019-07-17,2019,609000,1,b1BANK,7.0,120.0,9.0,Paid in full,False,False,2026-06-30
Insurance agencies,524210,Insurance Agencies and Brokerages,Addison Azuelo Insurance Agency Llc,Peoria,AZ,2019-07-19,2019,368000,1,Optus Bank,8.25,120.0,8.0,Paid in full,False,False,2026-06-30
Insurance agencies,524210,Insurance Agencies and Brokerages,Khiet Tchau,Live Oak,TX,2019-07-25,2019,84000,1,Stearns Bank National Association,8.25,120.0,12.0,Paid in full,False,False,2026-06-30
Insurance agencies,524210,Insurance Agencies and Brokerages,"Sunray Insurance Services, Inc.",Calabasas,CA,2019-07-25,2019,615000,1,Live Oak Banking Company,7.15,120.0,5.0,Paid in full,False,False,2026-06-30
"Accounting, tax & bookkeeping",541211,Offices of Certified Public Accountants,"Timothy F. Mcbride, P.C.",Keller,TX,2019-07-25,2019,266400,1,Truist Bank,6.54,120.0,10.0,Paid in full,True,False,2026-06-30
Insurance agencies,524210,Insurance Agencies and Brokerages,Mansfield Ywi Agency Llc,Mansfield,TX,2019-07-26,2019,1840000,1,Bankwell Bank,7.75,120.0,1.0,Active,False,False,2026-06-30
"Accounting, tax & bookkeeping",541213,Tax Preparation Services,Global Tax & Accounting Inc.,White Pigeon,MI,2019-07-29,2019,244000,1,Centier Bank,8.25,120.0,7.0,Active,False,False,2026-06-30
Law firms,541191,Title Abstract and Settlement Offices,Kbw Title Inc,Stuart,FL,2019-07-30,2019,296100,1,Truist Bank,8.25,120.0,2.0,Paid in full,False,False,2026-06-30
Insurance agencies,524210,Insurance Agencies and Brokerages,Whitcomb Financial Group Llc,Lees Summit,MO,2019-08-01,2019,297000,1,Core Bank,8.25,120.0,2.0,Active,False,False,2026-06-30
Financial advisors,523930,Investment Advice,Amy Pearson Centanni,Baton Rouge,LA,2019-08-02,2019,950000,1,Live Oak Banking Company,7.25,120.0,0.0,Paid in full,False,False,2026-06-30
"Accounting, tax & bookkeeping",541219,Other Accounting Services,Mba Medical Billing Associates Llc.,Wyoming,PA,2019-08-02,2019,325000,1,"Community Bank, National Association",6.0,84.0,6.0,Paid in full,False,False,2026-06-30
Law firms,541199,All Other Legal Services,Rush Tax Solutions Inc.,Woodland Hills,CA,2019-08-05,2019,1500000,1,Stearns Bank National Association,8.0,240.0,5.0,Active,False,False,2026-06-30
IT & software services,541511,Custom Computer Programming Services,Bigbrassband Llc,Leesburg,VA,2019-08-07,2019,3616800,1,Truist Bank,6.0,120.0,6.0,Paid in full,False,False,2026-06-30
IT & software services,541519,Other Computer Related Services,C & H Pc,Medina,NY,2019-08-08,2019,109000,2,Tompkins Community Bank,6.5,84.0,4.0,Paid in full,True,True,2026-06-30
Insurance agencies,524210,Insurance Agencies and Brokerages,Cole Johnson Group Llc,Bowling Green,OH,2019-08-08,2019,319500,1,Optus Bank,8.0,120.0,6.0,Active,False,False,2026-06-30
Insurance agencies,524210,Insurance Agencies and Brokerages,Lasandra M Young Agency,Memphis,TN,2019-08-08,2019,350000,1,Optus Bank,8.0,120.0,4.0,Paid in full,False,False,2026-06-30
Insurance agencies,524210,Insurance Agencies and Brokerages,"Miramar Agency Group, Llc",Paramus,NJ,2019-08-12,2019,2150000,1,Bankwell Bank,7.75,120.0,6.0,Paid in full,False,False,2026-06-30
IT & software services,541519,Other Computer Related Services,"Cjaws, Inc.",Ebensburg,PA,2019-08-13,2019,1152000,1,First National Bank of Pennsylvania,8.25,175.0,12.0,Paid in full,False,False,2026-06-30
Advertising & marketing agencies,541810,Advertising Agencies,"Redpepper, Llc",Nashville,TN,2019-08-13,2019,2589900,1,ServisFirst Bank,7.0,120.0,45.0,Active,False,False,2026-06-30
Architecture & engineering,541350,Building Inspection Services,"Jgl Group, Llc",Chicago,IL,2019-08-15,2019,200000,1,Byline Bank,8.0,120.0,5.0,Paid in full,False,False,2026-06-30
"Accounting, tax & bookkeeping",541219,Other Accounting Services,"J. Trainer & Company, Llc",Stoneham,MA,2019-08-16,2019,100000,1,Salem Five Cents Savings Bank,7.25,120.0,10.0,Paid in full,True,True,2026-06-30
Architecture & engineering,541380,Testing Laboratories,Acculabs Environmental Llc,Arcadia,CA,2019-08-17,2019,1016700,1,"Bank of America, National Association",4.61,120.0,2.0,Active,False,False,2026-06-30
"Accounting, tax & bookkeeping",541211,Offices of Certified Public Accountants,"Disiena Cpas, Llp",New York,NY,2019-08-19,2019,110000,1,Live Oak Banking Company,7.75,120.0,1.0,Active,False,False,2026-06-30
"Accounting, tax & bookkeeping",541211,Offices of Certified Public Accountants,R.B. Hawkins Cpas Llc,Lilburn,GA,2019-08-19,2019,739500,1,The Bancorp Bank National Association,6.75,120.0,0.0,Active,False,False,2026-06-30
Insurance agencies,524210,Insurance Agencies and Brokerages,Yanina A. Cutsail,Frederick,MD,2019-08-19,2019,295000,1,Mechanics and Farmers Bank,8.25,120.0,4.0,Active,False,False,2026-06-30
Advertising & marketing agencies,541890,Other Services Related to Advertising,Graitlin Digital Group Llc,Atlanta,GA,2019-08-20,2019,168000,1,The Bancorp Bank National Association,8.25,120.0,0.0,Paid in full,False,False,2026-06-30
Insurance agencies,524210,Insurance Agencies and Brokerages,Jc Prime & Financial Group,Columbus,OH,2019-08-20,2019,366000,1,Optus Bank,8.0,120.0,11.0,Paid in full,False,False,2026-06-30
Insurance agencies,524210,Insurance Agencies and Brokerages,Kph Group Alabama  Llc,Tuscumbia,AL,2019-08-20,2019,985000,1,Live Oak Banking Company,7.35,120.0,19.0,Paid in full,False,False,2026-06-30
Insurance agencies,524210,Insurance Agencies and Brokerages,"Lbk Insurance Agency, Inc.",Comanche,TX,2019-08-20,2019,1537200,1,Simmons Bank,6.25,120.0,4.0,Paid in full,False,False,2026-06-30
Architecture & engineering,541350,Building Inspection Services,Bogdar Llc,Voorhees,NJ,2019-08-21,2019,85000,1,Stearns Bank National Association,8.0,50.0,1.0,Charged off,False,False,2026-06-30
Insurance agencies,524210,Insurance Agencies and Brokerages,Premier Partners Insurance Corp.,Independence,KY,2019-08-21,2019,363000,1,United Midwest Savings Bank National Association,8.0,120.0,3.0,Active,False,False,2026-06-30
"Accounting, tax & bookkeeping",541213,Tax Preparation Services,Prime Tax And Accounting Services Llc,Peachtree City,GA,2019-08-21,2019,218700,1,Truist Bank,6.99,120.0,2.0,Paid in full,False,False,2026-06-30
"Accounting, tax & bookkeeping",541211,Offices of Certified Public Accountants,"Stone & Company, Llc",Lexington,MA,2019-08-21,2019,605000,2,Live Oak Banking Company,7.25,120.0,1.0,Paid in full,False,True,2026-06-30
Insurance agencies,524210,Insurance Agencies and Brokerages,"National Heritage Insurance Services, Inc.",Woodstock,GA,2019-08-22,2019,316000,1,Banc of California,6.5,180.0,2.0,Paid in full,False,False,2026-06-30
"Accounting, tax & bookkeeping",541211,Offices of Certified Public Accountants,"Toohey & Diez, Cpa'S, Llc",Myrtle Beach,SC,2019-08-22,2019,195000,1,"Capital Bank, National Association",8.0,120.0,1.0,Active,False,False,2026-06-30
Architecture & engineering,541370,Surveying and Mapping (except Geophysical) Services,Vandelay Industries Llc,Reno,NV,2019-08-23,2019,1050000,1,Plumas Bank,6.75,120.0,11.0,Paid in full,False,False,2026-06-30
Insurance agencies,524210,Insurance Agencies and Brokerages,"Trump Insurance, Inc.",Largo,FL,2019-08-26,2019,679800,1,"Bank of America, National Association",3.53,120.0,4.0,Active,False,False,2026-06-30
IT & software services,541511,Custom Computer Programming Services,"Qsc Holdings, Inc.",Petersburg,IL,2019-08-27,2019,1394000,1,Heartland Bank and Trust Company,5.5,168.0,14.0,Active,False,False,2026-06-30
Management consulting,541611,Administrative Management and General Management Consulting Services,"Us Drug And Device Register, Inc.",Scottsdale,AZ,2019-08-27,2019,1039000,1,First Merchants Bank,7.75,120.0,0.0,Active,False,False,2026-06-30
Insurance agencies,524210,Insurance Agencies and Brokerages,Damita L.King,Arlington,TX,2019-08-28,2019,331500,1,Stearns Bank National Association,8.0,120.0,2.0,Active,False,False,2026-06-30
Architecture & engineering,541310,Architectural Services,Distilled Llc,Milwaukee,WI,2019-08-28,2019,1625000,1,Byline Bank,7.5,300.0,21.0,Paid in full,False,False,2026-06-30
Management consulting,541611,Administrative Management and General Management Consulting Services,"Infinavate Consultancy Services, Llc",Leander,TX,2019-08-28,2019,1099300,1,Wells Fargo Bank National Association,6.6,120.0,27.0,Active,False,False,2026-06-30
Management consulting,541611,Administrative Management and General Management Consulting Services,Greencastle Associates Consulting Llc,Malvern,PA,2019-08-29,2019,2075000,1,Beacon Bank and Trust,7.5,120.0,46.0,Paid in full,False,False,2026-06-30
Architecture & engineering,541330,Engineering Services,"Daryel Ann, Llc Dba Dh Glabe & Associates",Wheat Ridge,CO,2019-08-30,2019,1578000,1,Beacon Bank and Trust,7.75,120.0,10.0,Active,False,False,2026-06-30
Management consulting,541690,Other Scientific and Technical Consulting Services,Kneafsey Investment Group Llc,San Francisco,CA,2019-09-03,2019,1539900,1,Celtic Bank Corporation,7.25,120.0,2.0,Paid in full,False,False,2026-06-30
IT & software services,541519,Other Computer Related Services,"Nse, Inc",Spring Park,MN,2019-09-03,2019,1174000,1,21st Century Bank,6.99,76.0,1.0,Charged off,False,False,2026-06-30
Insurance agencies,524210,Insurance Agencies and Brokerages,"Weer Insurance And Financial Services, Inc",Spring Grove,IL,2019-09-03,2019,350000,1,Pathward National Association,7.25,120.0,10.0,Active,False,False,2026-06-30
Architecture & engineering,541330,Engineering Services,"Garing, Taylor And Associates",Arroyo Grande,CA,2019-09-10,2019,705600,1,Columbia Bank,8.0,122.0,11.0,Paid in full,False,False,2026-06-30
Architecture & engineering,541350,Building Inspection Services,S. J. & E. Investments Llc,Burlington,WA,2019-09-11,2019,215000,1,Stearns Bank National Association,8.0,120.0,16.0,Paid in full,False,False,2026-06-30
"Accounting, tax & bookkeeping",541211,Offices of Certified Public Accountants,Wiechec & Associates Pllc,Davison,MI,2019-09-11,2019,443000,1,The Huntington National Bank,7.25,120.0,5.0,Active,False,False,2026-06-30
Insurance agencies,524210,Insurance Agencies and Brokerages,Natalie Della Agency Llc,Kissimmee,FL,2019-09-13,2019,250000,1,"Capital Bank, National Association",8.0,120.0,5.0,Paid in full,False,False,2026-06-30
Insurance agencies,524210,Insurance Agencies and Brokerages,Covenant Insurance Agency,Dallas,TX,2019-09-16,2019,782100,1,The American National Bank of Texas,7.25,123.0,5.0,Active,False,False,2026-06-30
Architecture & engineering,541330,Engineering Services,"Daryel Ann, Llc Dba Dh Glabe & Associates",Wheat Ridge,CO,2019-09-16,2019,350000,1,Beacon Bank and Trust,7.75,81.0,10.0,Paid in full,True,True,2026-06-30
Law firms,541110,Offices of Lawyers,"Matthew L. Tuck & Associates, Pllc",Lansing,MI,2019-09-16,2019,956500,1,KeyBank National Association,7.5,69.0,3.0,Active,False,False,2026-06-30
Insurance agencies,524210,Insurance Agencies and Brokerages,Ornelas Enterprises Llc,Albuquerque,NM,2019-09-16,2019,2525000,1,United Midwest Savings Bank National Association,8.0,120.0,1.0,Active,False,False,2026-06-30
Insurance agencies,524210,Insurance Agencies and Brokerages,Equity Insurance Group,Wood River,IL,2019-09-17,2019,375000,1,Live Oak Banking Company,6.7,162.0,8.0,Paid in full,False,False,2026-06-30
Insurance agencies,524210,Insurance Agencies and Brokerages,"Partner Insurance Advisors, Inc.",Fairfax,VA,2019-09-17,2019,1535000,1,Live Oak Banking Company,7.25,120.0,4.0,Paid in full,False,False,2026-06-30
"Accounting, tax & bookkeeping",541211,Offices of Certified Public Accountants,Sjs Tax &Amp; Consulting Inc.,Woodmere,NY,2019-09-19,2019,338000,1,City National Bank,5.11,84.0,6.0,Active,True,False,2026-06-30
"Accounting, tax & bookkeeping",541219,Other Accounting Services,"Dawn & Steven Enterprises, Llc",Spokane,WA,2019-09-20,2019,175000,1,Banner Bank,6.5,120.0,2.0,Active,True,False,2026-06-30
Insurance agencies,524210,Insurance Agencies and Brokerages,"Gumtree Wholesale Insurance Brokers, Inc.",Jackson,MS,2019-09-20,2019,350000,1,Live Oak Banking Company,7.55,120.0,6.0,Paid in full,False,False,2026-06-30
Management consulting,541618,Other Management Consulting Services,Nem Group Inc.,Brooklyn,NY,2019-09-20,2019,1677100,1,"Bank of America, National Association",2.99,120.0,4.0,Paid in full,False,False,2026-06-30
Management consulting,541620,Environmental Consulting Services,Frog Env. Incorporated,Carson,CA,2019-09-23,2019,2000000,1,America First Federal Credit Union,7.75,120.0,42.0,Paid in full,False,False,2026-06-30
"Accounting, tax & bookkeeping",541211,Offices of Certified Public Accountants,"Genesis Accounting And Management Services, Llc",Lorain,OH,2019-09-23,2019,291600,1,The Huntington National Bank,6.75,120.0,4.0,Paid in full,False,False,2026-06-30
Insurance agencies,524210,Insurance Agencies and Brokerages,"Livas & Co. Insurance, L.L.C.",Salt Lake City,UT,2019-09-23,2019,243000,1,KeyBank National Association,7.25,120.0,6.0,Active,False,False,2026-06-30
"Accounting, tax & bookkeeping",541213,Tax Preparation Services,Mjm Investments Inc,Rosemount,MN,2019-09-23,2019,857300,2,Old National Bank,5.45,120.0,35.0,Active,False,True,2026-06-30
Insurance agencies,524210,Insurance Agencies and Brokerages,"Ahles Group, Inc.",Brentwood,TN,2019-09-24,2019,1300000,1,Pathward National Association,8.0,120.0,4.0,Paid in full,False,False,2026-06-30
Management consulting,541618,Other Management Consulting Services,"Clifton Weiss & Associates, Inc.",Gwynedd Valley,PA,2019-09-24,2019,3163500,1,Wilmington Savings Fund Society FSB,7.5,90.0,10.0,Active,False,False,2026-06-30
IT & software services,541512,Computer Systems Design Services,Spencer Road Llc,Brookfield,CT,2019-09-24,2019,3195000,1,Webster Bank National Association,4.45,120.0,24.0,Active,False,False,2026-06-30
Insurance agencies,524210,Insurance Agencies and Brokerages,"Levay Mack Irg, Llc",Boca Raton,FL,2019-09-25,2019,1560000,1,Bankwell Bank,7.25,120.0,3.0,Paid in full,False,False,2026-06-30
Management consulting,541611,Administrative Management and General Management Consulting Services,"Money Line Holding, Llc",West Bloomfield,MI,2019-09-25,2019,1248800,1,Bank of Ann Arbor,7.25,67.0,0.0,Active,False,False,2026-06-30
Insurance agencies,524210,Insurance Agencies and Brokerages,Terrell Insurance Group Llc,Prague,OK,2019-09-25,2019,240000,1,BancFirst,6.0,120.0,3.0,Active,False,False,2026-06-30
Insurance agencies,524210,Insurance Agencies and Brokerages,"Agency Associates, Inc.",Cleveland,OH,2019-09-26,2019,153000,1,United Midwest Savings Bank National Association,8.25,120.0,0.0,Active,False,False,2026-06-30
Insurance agencies,524210,Insurance Agencies and Brokerages,"The Levin Insurance Group, Llc",Boca Raton,FL,2019-09-26,2019,155000,1,Live Oak Banking Company,7.74,120.0,1.0,Paid in full,False,False,2026-06-30
Management consulting,541618,Other Management Consulting Services,"Ontrack It Partners, Inc",Carmel,IN,2019-09-27,2019,383100,1,Busey Bank,8.0,120.0,5.0,Active,False,False,2026-06-30
Management consulting,541620,Environmental Consulting Services,Dickinson Environmental Consulting Llc,Romulus,NY,2019-09-30,2019,560000,2,Manufacturers and Traders Trust Company,7.0,126.0,2.0,Active,False,True,2026-06-30
"Accounting, tax & bookkeeping",541214,Payroll Services,On-Time Payroll Services Llc,Waltham,MA,2019-09-30,2019,1557000,1,Rockland Trust Company,6.25,120.0,5.0,Paid in full,False,False,2026-06-30
Management consulting,541618,Other Management Consulting Services,"Ontrack It Partners, Inc",Carmel,IN,2019-09-30,2019,100000,1,Busey Bank,8.0,117.0,5.0,Paid in full,True,True,2026-06-30
Architecture & engineering,541320,Landscape Architectural Services,"Pinnacle Designs, Llc",Crestwood,KY,2019-09-30,2019,1616400,1,Republic Bank & Trust Company,5.5,91.0,14.0,Active,False,False,2026-06-30
Architecture & engineering,541330,Engineering Services,"Ads Steel Detailing, Llc",Albuquerque,NM,2019-10-01,2020,1185000,1,First Bank,7.25,120.0,7.0,Active,False,False,2026-06-30
Architecture & engineering,541370,Surveying and Mapping (except Geophysical) Services,"J&B Coastal Ventures, Inc.",Gulf Breeze,FL,2019-10-01,2020,296000,1,"CRF Small Business Loan Company, LLC",7.75,120.0,12.0,Active,False,False,2026-06-30
"Accounting, tax & bookkeeping",541219,Other Accounting Services,Shri Shah Corporation,Waller,TX,2019-10-01,2020,308000,1,The American National Bank of Texas,4.99,120.0,3.0,Active,False,False,2026-06-30
"Accounting, tax & bookkeeping",541219,Other Accounting Services,Alpha Accounting Llc,Indianapolis,IN,2019-10-02,2020,462000,1,Lake City Bank,5.75,87.0,7.0,Paid in full,False,False,2026-06-30
"Accounting, tax & bookkeeping",541219,Other Accounting Services,"Cotton Mather Accounting Group, Llc",Pittsburgh,PA,2019-10-08,2020,975000,2,First National Bank of Pennsylvania,6.25,120.0,9.0,Paid in full,False,True,2026-06-30
IT & software services,541519,Other Computer Related Services,Happy Computer Inc.,Plano,TX,2019-10-09,2020,310400,1,"Florida Capital Bank, National Association",7.25,120.0,10.0,Paid in full,False,False,2026-06-30
Advertising & marketing agencies,541820,Public Relations Agencies,"Solomon Mccown & Company, Inc.",Boston,MA,2019-10-09,2020,3698700,1,Salem Five Cents Savings Bank,4.75,120.0,35.0,Active,False,False,2026-06-30
Insurance agencies,524210,Insurance Agencies and Brokerages,Lai Llc,Lacey,WA,2019-10-10,2020,246000,1,United Bank of Philadelphia,8.0,120.0,7.0,Active,False,False,2026-06-30
Advertising & marketing agencies,541890,Other Services Related to Advertising,Gemini Marketing Inc.,Minneapolis,MN,2019-10-11,2020,1854000,1,BankVista,7.0,120.0,22.0,Paid in full,False,False,2026-06-30
Advertising & marketing agencies,541890,Other Services Related to Advertising,"Gruen Marketing Services, Inc.",Minneapolis,MN,2019-10-11,2020,100000,1,BankVista,7.0,120.0,22.0,Paid in full,True,True,2026-06-30
"Accounting, tax & bookkeeping",541211,Offices of Certified Public Accountants,Daniels Cpa Group P.C.,Michigan City,IN,2019-10-15,2020,340000,1,Live Oak Banking Company,7.5,120.0,3.0,Active,False,False,2026-06-30
Insurance agencies,524210,Insurance Agencies and Brokerages,Pennington Insurances Services,Saint Augustine,FL,2019-10-15,2020,224000,1,Valley National Bank,7.75,120.0,6.0,Paid in full,False,False,2026-06-30
"Accounting, tax & bookkeeping",541211,Offices of Certified Public Accountants,Koleda Tax Llc,Blackwood,NJ,2019-10-21,2020,490000,2,Live Oak Banking Company,7.0,120.0,8.0,Active,False,True,2026-06-30
Architecture & engineering,541310,Architectural Services,Arcline Studio L.L.C.,Roswell,GA,2019-10-22,2020,1593000,1,Truist Bank,5.65,120.0,7.0,Active,False,False,2026-06-30
"Accounting, tax & bookkeeping",541211,Offices of Certified Public Accountants,Dwco Properties Llc,West Chester,OH,2019-10-22,2020,1472000,1,Customers Bank,7.0,180.0,3.0,Active,False,False,2026-06-30
Architecture & engineering,541380,Testing Laboratories,Blackwater Technical Services Inc,West Palm Beach,FL,2019-10-23,2020,1368300,1,Happen Bank,7.0,121.0,0.0,Active,False,False,2026-06-30
Architecture & engineering,541330,Engineering Services,"Linwood Engineering, Inc.",Irvine,CA,2019-10-23,2020,1410500,1,"U.S. Bank, National Association",5.75,120.0,16.0,Active,False,False,2026-06-30
IT & software services,541519,Other Computer Related Services,Networx Broadband Inc,Elk River,MN,2019-10-23,2020,393000,1,Sherburne State Bank,8.0,120.0,2.0,Paid in full,False,False,2026-06-30
Advertising & marketing agencies,541820,Public Relations Agencies,Cipr Acquisitions Llc,Boston,MA,2019-10-25,2020,532600,1,"Bank of America, National Association",2.99,120.0,3.0,Active,False,False,2026-06-30
IT & software services,541519,Other Computer Related Services,"Opie Choice, Llc",Gainesville,FL,2019-10-25,2020,2000000,1,Truist Bank,6.5,120.0,0.0,Active,False,False,2026-06-30
"Accounting, tax & bookkeeping",541211,Offices of Certified Public Accountants,Rik J Vandejen Cpa Pllc,Lake Worth,FL,2019-10-28,2020,275000,1,"SouthState Bank, National Association",7.5,120.0,1.0,Paid in full,False,False,2026-06-30
"Accounting, tax & bookkeeping",541211,Offices of Certified Public Accountants,"Scl Ii Cpa, P.C.",Arlington Heights,IL,2019-10-28,2020,760500,1,"Bank of America, National Association",2.99,84.0,10.0,Paid in full,False,False,2026-06-30
IT & software services,541513,Computer Facilities Management Services,Digital Edge Ventures Inc.,Staten Island,NY,2019-10-29,2020,1000000,1,Peapack Private Bank and Trust,7.25,120.0,20.0,Active,False,False,2026-06-30
IT & software services,541512,Computer Systems Design Services,Nxturn Llc,Pompano Beach,FL,2019-10-29,2020,2900000,1,Dime Commercial Bank,7.5,120.0,4.0,Paid in full,False,False,2026-06-30
Management consulting,541612,Human Resources Consulting Services,People Workplaces Llc,Missouri City,TX,2019-10-29,2020,705500,1,First Commonwealth Bank,7.75,126.0,5.0,Active,False,False,2026-06-30
"Accounting, tax & bookkeeping",541211,Offices of Certified Public Accountants,Steven Mercadante Cpa,Warwick,RI,2019-10-29,2020,474400,1,"SouthState Bank, National Association",7.25,178.0,1.0,Active,False,False,2026-06-30
Insurance agencies,524210,Insurance Agencies and Brokerages,"Altany, Loynd & Lindquist, Llc",Tarentum,PA,2019-10-31,2020,530000,1,Live Oak Banking Company,7.0,120.0,4.0,Paid in full,False,False,2026-06-30
"Accounting, tax & bookkeeping",541211,Offices of Certified Public Accountants,"Djc Tax & Accounting, Llc",Jefferson,WI,2019-11-04,2020,887400,1,PremierBank,5.75,120.0,5.0,Active,False,False,2026-06-30
"Accounting, tax & bookkeeping",541211,Offices of Certified Public Accountants,"Scl Ii Cpa, P.C.",Arlington Heights,IL,2019-11-05,2020,298600,1,"Bank of America, National Association",2.99,84.0,10.0,Paid in full,False,False,2026-06-30
"Accounting, tax & bookkeeping",541213,Tax Preparation Services,Tax Advantage,Jacksonville Beach,FL,2019-11-05,2020,1635000,1,"SouthState Bank, National Association",6.5,180.0,7.0,Active,False,False,2026-06-30
"Accounting, tax & bookkeeping",541213,Tax Preparation Services,"Cj Thomas Financial Services, Llc",Wichita Falls,TX,2019-11-06,2020,1156700,1,Union Bank and Trust Company,5.5,84.0,45.0,Paid in full,False,False,2026-06-30
"Accounting, tax & bookkeeping",541211,Offices of Certified Public Accountants,"Chris J Scoggin, Cpa, Pllc",Maricopa,AZ,2019-11-07,2020,500000,2,Live Oak Banking Company,6.85,120.0,7.0,Paid in full,False,True,2026-06-30
"Accounting, tax & bookkeeping",541211,Offices of Certified Public Accountants,"Deborah C. Eddins, Cpa, Llc",Dallas,TX,2019-11-07,2020,550000,1,Live Oak Banking Company,6.75,120.0,1.0,Paid in full,False,False,2026-06-30
Management consulting,541620,Environmental Consulting Services,"The Sorrels Group, Inc.",Flagler Beach,FL,2019-11-07,2020,376300,1,Customers Bank,7.25,120.0,5.0,Active,False,False,2026-06-30
"Accounting, tax & bookkeeping",541211,Offices of Certified Public Accountants,Ashley M Fillips Cpa Llc,Beaumont,TX,2019-11-08,2020,335000,1,First-Citizens Bank & Trust Company,6.0,120.0,4.0,Active,False,False,2026-06-30
"Accounting, tax & bookkeeping",541211,Offices of Certified Public Accountants,"Elizabeth A. Lopez C.P.A., P.C.",Tucson,AZ,2019-11-12,2020,103600,1,Arizona Financial Credit Union,7.5,120.0,3.0,Paid in full,False,False,2026-06-30
"Accounting, tax & bookkeeping",541213,Tax Preparation Services,Frontier Taxworks Llc,Rincon,GA,2019-11-12,2020,448000,1,"TD Bank, National Association",5.25,120.0,12.0,Paid in full,False,False,2026-06-30
"Accounting, tax & bookkeeping",541211,Offices of Certified Public Accountants,"Joseph K Norris Cpa, Llc",Columbus,OH,2019-11-13,2020,173100,1,The Park National Bank,5.25,119.0,4.0,Paid in full,False,False,2026-06-30
"Accounting, tax & bookkeeping",541213,Tax Preparation Services,"Mpkd, Inc.",Springfield,OH,2019-11-14,2020,402000,1,German American Bank,6.75,120.0,12.0,Active,False,False,2026-06-30
Management consulting,541690,Other Scientific and Technical Consulting Services,North American Weather,Sandy,UT,2019-11-14,2020,1041400,1,Wells Fargo Bank National Association,6.0,120.0,8.0,Paid in full,False,False,2026-06-30
Management consulting,541618,Other Management Consulting Services,"William Caruso & Partners, Llc",Denver,CO,2019-11-14,2020,1032000,1,Wells Fargo Bank National Association,6.25,120.0,15.0,Active,False,False,2026-06-30
Law firms,541110,Offices of Lawyers,Meredith Immigration Law Offices Pc,Culver City,CA,2019-11-15,2020,250000,1,"Lendistry SBLC, LLC",10.75,71.0,12.0,Charged off,False,False,2026-06-30
Management consulting,541611,Administrative Management and General Management Consulting Services,Brytebridge Consulting Llc,Orlando,FL,2019-11-18,2020,1228500,1,BayFirst National Bank,7.5,120.0,19.0,Paid in full,False,False,2026-06-30
Insurance agencies,524210,Insurance Agencies and Brokerages,Bogle & Co Llc,Gold Beach,OR,2019-11-19,2020,400000,1,United Midwest Savings Bank National Association,7.75,120.0,4.0,Active,False,False,2026-06-30
Insurance agencies,524210,Insurance Agencies and Brokerages,Drew Stallings,Arlington,TX,2019-11-19,2020,293000,1,"Connecticut Community Bank, National Association",6.0,120.0,3.0,Paid in full,False,False,2026-06-30
Insurance agencies,524210,Insurance Agencies and Brokerages,Huynh Agency Insurance Professionals Llc,Dallas,TX,2019-11-19,2020,284000,1,Mechanics and Farmers Bank,7.5,120.0,5.0,Paid in full,False,False,2026-06-30
Management consulting,541618,Other Management Consulting Services,"William Caruso & Partners, Llc",Denver,CO,2019-11-19,2020,200000,1,Wells Fargo Bank National Association,6.0,38.0,0.0,Paid in full,True,True,2026-06-30
Insurance agencies,524210,Insurance Agencies and Brokerages,Georgia Pines Agency Llc,Jensen Beach,FL,2019-11-20,2020,3400000,1,Bankwell Bank,7.0,120.0,10.0,Paid in full,False,False,2026-06-30
"Accounting, tax & bookkeeping",541211,Offices of Certified Public Accountants,Magnum Financial Services Llc,Aberdeen,MD,2019-11-20,2020,461600,1,First National Bank of Pennsylvania,6.6,120.0,2.0,Active,False,False,2026-06-30
Management consulting,541690,Other Scientific and Technical Consulting Services,"Precision Lubrication Services, Inc",Franklin,TN,2019-11-20,2020,809000,1,Pinnacle Bank,7.25,120.0,8.0,Paid in full,False,False,2026-06-30
Insurance agencies,524210,Insurance Agencies and Brokerages,"Tr King Insurance Marketing, Llc",Roanoke,VA,2019-11-20,2020,372000,1,United Midwest Savings Bank National Association,7.5,120.0,2.0,Active,False,False,2026-06-30
IT & software services,541511,Custom Computer Programming Services,"Simphonics, Inc.",Tampa,FL,2019-11-21,2020,1920000,1,"SouthState Bank, National Association",6.75,120.0,6.0,Paid in full,False,False,2026-06-30
Insurance agencies,524210,Insurance Agencies and Brokerages,Fackler Insurance Group Llc,Louisville,KY,2019-11-22,2020,282000,1,Mechanics and Farmers Bank,7.5,120.0,5.0,Active,False,False,2026-06-30
"Accounting, tax & bookkeeping",541211,Offices of Certified Public Accountants,"Krm Accounting, Llc",Buffalo,WY,2019-11-22,2020,875000,1,Buffalo Federal Bank,6.0,119.0,8.0,Active,False,False,2026-06-30
"Accounting, tax & bookkeeping",541213,Tax Preparation Services,Lunceford Enterprises Llc,Scottsdale,AZ,2019-11-22,2020,2585000,1,Byline Bank,7.5,120.0,100.0,Paid in full,False,False,2026-06-30
Architecture & engineering,541350,Building Inspection Services,Gis Field Services Inc.,Dallas,TX,2019-11-25,2020,1710000,1,b1BANK,6.0,120.0,7.0,Paid in full,False,False,2026-06-30
"Accounting, tax & bookkeeping",541211,Offices of Certified Public Accountants,"The Johnson Group, P.C.",Nashua,NH,2019-11-25,2020,161300,1,"NBT Bank, National Association",5.11,96.0,3.0,Active,True,False,2026-06-30
"Accounting, tax & bookkeeping",541213,Tax Preparation Services,"Kevin Wise, Llp",Pleasanton,CA,2019-11-26,2020,750000,1,Live Oak Banking Company,6.5,120.0,8.0,Active,False,False,2026-06-30
Insurance agencies,524210,Insurance Agencies and Brokerages,The Kelley Group Co.,Hull,IA,2019-11-26,2020,1113000,1,Live Oak Banking Company,6.54,120.0,7.0,Active,False,False,2026-06-30
Advertising & marketing agencies,541890,Other Services Related to Advertising,"Nie Solutions, Lp",San Antonio,TX,2019-12-03,2020,424000,1,Celtic Bank Corporation,7.0,120.0,0.0,Active,False,False,2026-06-30
Financial advisors,523930,Investment Advice,"Hlc Acquisitions, Inc",Fort Wayne,IN,2019-12-05,2020,3100000,1,Live Oak Banking Company,6.0,120.0,0.0,Active,False,False,2026-06-30
Architecture & engineering,541330,Engineering Services,Precision Design Engineering Corporation,Wareham,MA,2019-12-05,2020,964800,1,Webster Bank National Association,5.0,120.0,5.0,Active,False,False,2026-06-30
"Accounting, tax & bookkeeping",541211,Offices of Certified Public Accountants,"Janelle M Pedulla, Llc",Longwood,FL,2019-12-06,2020,551000,1,"PNC Bank, National Association",4.79,120.0,4.0,Paid in full,False,False,2026-06-30
"Accounting, tax & bookkeeping",541213,Tax Preparation Services,Puli Consulting Llc,Herndon,VA,2019-12-06,2020,490000,1,Live Oak Banking Company,6.75,120.0,2.0,Paid in full,False,False,2026-06-30
Advertising & marketing agencies,541890,Other Services Related to Advertising,"Regal Midwest Enterprises, Llc",Saint Louis,MO,2019-12-09,2020,459000,1,American Bank of Freedom,7.0,120.0,1.0,Paid in full,False,False,2026-06-30
Insurance agencies,524210,Insurance Agencies and Brokerages,"Ephlin Insurance Group, Inc",Memphis,TN,2019-12-10,2020,2330000,1,Live Oak Banking Company,6.49,120.0,10.0,Paid in full,False,False,2026-06-30
IT & software services,541511,Custom Computer Programming Services,"Common Media, Inc.",Greenfield,MA,2019-12-11,2020,150000,1,Greenfield Savings Bank,6.25,60.0,10.0,Paid in full,True,True,2026-06-30
Insurance agencies,524210,Insurance Agencies and Brokerages,"Insurance Over Texas Agency, Llc",Houston,TX,2019-12-11,2020,300000,1,Live Oak Banking Company,7.5,120.0,2.0,Active,False,False,2026-06-30
Insurance agencies,524210,Insurance Agencies and Brokerages,"Jvan Financial Group, Pllc",Peoria,AZ,2019-12-11,2020,158000,1,Banc of California,5.75,120.0,0.0,Active,False,False,2026-06-30
IT & software services,541519,Other Computer Related Services,Isis Security Information Services Corp,Catonsville,MD,2019-12-12,2020,205000,1,Manufacturers and Traders Trust Company,9.25,84.0,0.0,Paid in full,True,False,2026-06-30
IT & software services,541519,Other Computer Related Services,"Rose Rock Technologies, Llc",San Antonio,TX,2019-12-12,2020,2450000,2,Live Oak Banking Company,7.25,120.0,10.0,Paid in full,False,True,2026-06-30
Management consulting,541611,Administrative Management and General Management Consulting Services,"Linear 1 Technologies, Llc",Marysville,OH,2019-12-13,2020,1223200,1,The Huntington National Bank,7.5,120.0,11.0,Active,False,False,2026-06-30
Architecture & engineering,541380,Testing Laboratories,"Envirotest Acquisition, Llc",Newburgh,NY,2019-12-16,2020,2266700,1,Firstrust Savings Bank,6.25,120.0,11.0,Paid in full,False,False,2026-06-30
Insurance agencies,524210,Insurance Agencies and Brokerages,Pappazi Insurance Agency Llc,San Diego,CA,2019-12-16,2020,293000,1,United Midwest Savings Bank National Association,7.5,120.0,1.0,Paid in full,False,False,2026-06-30
"Accounting, tax & bookkeeping",541211,Offices of Certified Public Accountants,"Anita L. Eisthen, Cpa, Llc",Cincinnati,OH,2019-12-17,2020,322000,1,The Huntington National Bank,7.25,120.0,9.0,Paid in full,False,False,2026-06-30
IT & software services,541511,Custom Computer Programming Services,"Medullus Systems, Inc.",Cary,NC,2019-12-17,2020,1450000,1,First Business Bank,7.5,120.0,4.0,Active,False,False,2026-06-30
Insurance agencies,524210,Insurance Agencies and Brokerages,Prestige Agency L.L.C.,Moorhead,MN,2019-12-17,2020,484600,1,Falcon National Bank,7.0,120.0,6.0,Paid in full,False,False,2026-06-30
Insurance agencies,524210,Insurance Agencies and Brokerages,"Prj Insurance And Wealth Management, Inc.",Dixon,CA,2019-12-17,2020,955000,1,Live Oak Banking Company,6.8,120.0,0.0,Paid in full,False,False,2026-06-30
Financial advisors,523930,Investment Advice,"Riverbend Financial Group, Llc",Jeffersonville,IN,2019-12-18,2020,580000,1,Live Oak Banking Company,7.25,120.0,4.0,Paid in full,False,False,2026-06-30
Advertising & marketing agencies,541810,Advertising Agencies,"Angelfish Enterprises, Inc.",San Diego,CA,2019-12-19,2020,180000,1,CDC Small Business Finance Corp.,8.75,120.0,0.0,Active,False,False,2026-06-30
"Accounting, tax & bookkeeping",541213,Tax Preparation Services,Precision Tax Solutions Llc,Green Bay,WI,2019-12-19,2020,335000,1,Waukesha State Bank,7.5,120.0,13.0,Paid in full,False,False,2026-06-30
"Accounting, tax & bookkeeping",541211,Offices of Certified Public Accountants,"Gary Hlavaty, Pllc",Houston,TX,2019-12-20,2020,751500,1,Stellar Bank,5.5,120.0,1.0,Paid in full,False,False,2026-06-30
Insurance agencies,524210,Insurance Agencies and Brokerages,Guillory-August Agency Llc,Lake Charles,LA,2019-12-20,2020,280000,1,Optus Bank,7.5,120.0,7.0,Active,False,False,2026-06-30
"Accounting, tax & bookkeeping",541213,Tax Preparation Services,Obregon & Associates Llc,Springfield,MO,2019-12-20,2020,430000,1,Guaranty Bank,7.5,120.0,4.0,Paid in full,False,False,2026-06-30
Architecture & engineering,541380,Testing Laboratories,S & T Engineering Inc,Brea,CA,2019-12-20,2020,216000,1,CDC Small Business Finance Corp.,9.75,68.0,3.0,Charged off,False,False,2026-06-30
Insurance agencies,524210,Insurance Agencies and Brokerages,"Sagen & Associates Insurance Agency, Inc.",Brodhead,WI,2019-12-20,2020,645000,1,Live Oak Banking Company,6.85,120.0,2.0,Active,False,False,2026-06-30
Insurance agencies,524210,Insurance Agencies and Brokerages,"Scrawny Bird Insurance, Llc",Bozeman,MT,2019-12-23,2020,1410000,1,United Midwest Savings Bank National Association,7.75,120.0,3.0,Active,False,False,2026-06-30
Advertising & marketing agencies,541810,Advertising Agencies,Firehouse Ltd Dba Firehouse,Dallas,TX,2019-12-26,2020,500000,1,Texas Capital Bank,7.0,120.0,33.0,Active,False,False,2026-06-30
"Accounting, tax & bookkeeping",541211,Offices of Certified Public Accountants,"Lambert Lanza Cpas, P.A.",Pensacola,FL,2019-12-26,2020,1000000,1,Live Oak Banking Company,6.95,120.0,7.0,Active,False,False,2026-06-30
Advertising & marketing agencies,541430,Graphic Design Services,"Mulkey Design, Llc",Wilsonville,OR,2019-12-26,2020,305000,1,The Huntington National Bank,7.5,120.0,3.0,Paid in full,False,False,2026-06-30
"Accounting, tax & bookkeeping",541211,Offices of Certified Public Accountants,"The Fox Alliance Tax Advisors, Llc",Austin,TX,2019-12-26,2020,464000,1,University FCU,6.5,84.0,4.0,Paid in full,False,False,2026-06-30
"Accounting, tax & bookkeeping",541211,Offices of Certified Public Accountants,Tax Defense Ohio Llc,Columbus,OH,2019-12-27,2020,685900,1,The Huntington National Bank,7.25,120.0,0.0,Active,False,False,2026-06-30
Architecture & engineering,541320,Landscape Architectural Services,"Empark Properties Solutions, Llc",Dauphin,PA,2019-12-30,2020,665000,1,Mid Penn Bank,6.75,159.0,1.0,Active,False,False,2026-06-30
Insurance agencies,524210,Insurance Agencies and Brokerages,Newland-Heydinger Insurance Agency,Kenton,OH,2019-12-30,2020,650000,1,Live Oak Banking Company,7.1,120.0,0.0,Active,False,False,2026-06-30
Law firms,541110,Offices of Lawyers,"O'Reilly & Preston, Llc",Springfield,MO,2019-12-30,2020,200000,1,Guaranty Bank,6.75,96.0,2.0,Active,False,False,2026-06-30
"Accounting, tax & bookkeeping",541211,Offices of Certified Public Accountants,"Hb Morgan, Inc.",Cary,NC,2020-01-02,2020,1420000,1,First Horizon Bank,5.5,120.0,13.0,Paid in full,False,False,2026-06-30
Advertising & marketing agencies,541910,Marketing Research and Public Opinion Polling,Marketing Options Llc,Washington Township,OH,2020-01-02,2020,124000,1,The Huntington National Bank,7.5,120.0,2.0,Active,False,False,2026-06-30
Architecture & engineering,541380,Testing Laboratories,"Laboratorio Clinico Toa Alta, Inc.",Toa Alta,PR,2020-01-03,2020,225000,1,Economic Development Bank for Puerto Rico,7.5,84.0,5.0,Active,False,False,2026-06-30
"Accounting, tax & bookkeeping",541213,Tax Preparation Services,"V-Tech Merchants, Ps",Gig Harbor,WA,2020-01-03,2020,245600,1,Commencement Bank,6.25,84.0,5.0,Paid in full,False,False,2026-06-30
Advertising & marketing agencies,541840,Media Representatives,"Digitalmouth, Llc",Charlotte,NC,2020-01-06,2020,850000,1,United Community Bank,6.75,120.0,8.0,Active,False,False,2026-06-30
IT & software services,541519,Other Computer Related Services,App Dynatics Llc,Houston,TX,2020-01-08,2020,990100,1,Columbia Bank,7.5,57.0,4.0,Charged off,False,False,2026-06-30
Insurance agencies,524210,Insurance Agencies and Brokerages,"Mba Surety, Llc",Avon,CT,2020-01-08,2020,1600000,1,Northwest Community Bank,3.0,120.0,3.0,Active,False,False,2026-06-30
IT & software services,541512,Computer Systems Design Services,"Quartz Labs, Inc.",Boston,MA,2020-01-08,2020,1500000,1,"Citizens Bank, National Association",7.25,120.0,0.0,Active,False,False,2026-06-30
Architecture & engineering,541320,Landscape Architectural Services,"C & G 4 Season Maintenance, Inc.",Farmington Hills,MI,2020-01-09,2020,297000,1,The Huntington National Bank,4.92,83.0,22.0,Active,True,False,2026-06-30
Architecture & engineering,541370,Surveying and Mapping (except Geophysical) Services,Saint & Sons Inc.,Smithfield,RI,2020-01-13,2020,1404000,1,"Citizens Bank, National Association",6.5,120.0,2.0,Active,False,False,2026-06-30
Law firms,541191,Title Abstract and Settlement Offices,"Title Security And Escrow Of Central Florida, Inc.",Satellite Beach,FL,2020-01-13,2020,322300,1,"JPMorgan Chase Bank, National Association",6.0,121.0,5.0,Active,False,False,2026-06-30
"Accounting, tax & bookkeeping",541211,Offices of Certified Public Accountants,Accounted For Llc,Seymour,IN,2020-01-14,2020,505300,1,"Bank of America, National Association",2.99,120.0,3.0,Paid in full,False,False,2026-06-30
Architecture & engineering,541330,Engineering Services,Force Support Services Inc.,Hayward,CA,2020-01-14,2020,305000,2,Redwood CU,7.25,72.0,10.0,Paid in full,False,True,2026-06-30
Insurance agencies,524210,Insurance Agencies and Brokerages,Full Circle Insurance Inc.,Orlando,FL,2020-01-14,2020,3160000,1,Pathward National Association,6.0,120.0,5.0,Active,False,False,2026-06-30
Insurance agencies,524210,Insurance Agencies and Brokerages,"Yield, Inc.",Jacksonville,FL,2020-01-14,2020,2806000,1,Touchmark National Bank,7.5,120.0,0.0,Paid in full,False,False,2026-06-30
"Accounting, tax & bookkeeping",541211,Offices of Certified Public Accountants,Hamilton And Associates Cpa  Llc,Brandon,FL,2020-01-16,2020,1152700,1,"PNC Bank, National Association",4.0,120.0,0.0,Active,False,False,2026-06-30
Financial advisors,523930,Investment Advice,Robert Woodend,Germantown,TN,2020-01-16,2020,1070000,1,Byline Bank,7.5,120.0,1.0,Paid in full,False,False,2026-06-30
Insurance agencies,524210,Insurance Agencies and Brokerages,Sand Springs Agency Llc,Sand Springs,OK,2020-01-17,2020,965000,1,Live Oak Banking Company,6.85,120.0,5.0,Active,False,False,2026-06-30
Advertising & marketing agencies,541613,Marketing Consulting Services,"Target Resource Group, Llc",Colorado Springs,CO,2020-01-17,2020,617000,1,Wells Fargo Bank National Association,5.95,117.0,38.0,Paid in full,False,False,2026-06-30
"Accounting, tax & bookkeeping",541211,Offices of Certified Public Accountants,Anthony Azavedo,Irvine,CA,2020-01-21,2020,527300,1,First Bank,6.75,120.0,5.0,Paid in full,False,False,2026-06-30
"Accounting, tax & bookkeeping",541211,Offices of Certified Public Accountants,"Crowl, Cameron & Associates, Pllc",Conroe,TX,2020-01-22,2020,650000,1,Live Oak Banking Company,6.95,120.0,11.0,Paid in full,False,False,2026-06-30
Financial advisors,523930,Investment Advice,Devaron Maurius Yates,Houston,TX,2020-01-22,2020,720000,1,Live Oak Banking Company,6.73,120.0,5.0,Active,False,False,2026-06-30
Insurance agencies,524210,Insurance Agencies and Brokerages,"Goffle Insurance Agency, Llc",Hawthorne,NJ,2020-01-22,2020,1350000,1,Pathward National Association,7.0,120.0,4.0,Paid in full,False,False,2026-06-30
IT & software services,541519,Other Computer Related Services,Infinitusxiii Inc,Oakland,CA,2020-01-22,2020,312000,1,"U.S. Bank, National Association",6.0,120.0,2.0,Paid in full,False,False,2026-06-30
IT & software services,541511,Custom Computer Programming Services,"Bmk Solutions, Llc",Romulus,MI,2020-01-23,2020,5000000,1,Bank of Ann Arbor,6.3,120.0,47.0,Active,False,False,2026-06-30
"Accounting, tax & bookkeeping",541211,Offices of Certified Public Accountants,"Crowl, Cameron & Associates, Pllc",Conroe,TX,2020-01-23,2020,75000,1,Live Oak Banking Company,6.95,120.0,11.0,Paid in full,True,True,2026-06-30
Financial advisors,523930,Investment Advice,"Flynn, Ingham And Turner Financial, Inc",Troy,MI,2020-01-23,2020,655000,1,Live Oak Banking Company,6.75,120.0,0.0,Paid in full,False,False,2026-06-30
Law firms,541199,All Other Legal Services,"Tali, Inc.",Colorado Springs,CO,2020-01-23,2020,101700,1,The Bancorp Bank National Association,7.5,120.0,1.0,Paid in full,False,False,2026-06-30
Law firms,541199,All Other Legal Services,"Fairchild Record Search, Ltd.",Tumwater,WA,2020-01-24,2020,1140000,2,Live Oak Banking Company,7.5,120.0,10.0,Paid in full,False,True,2026-06-30
Law firms,541110,Offices of Lawyers,Mcws Law Pllc,Black Diamiond,WA,2020-01-24,2020,330000,1,KeyBank National Association,7.0,55.0,3.0,Active,False,False,2026-06-30
IT & software services,541511,Custom Computer Programming Services,"Altum, Incorporated",Reston,VA,2020-01-28,2020,1800000,1,EagleBank,6.75,120.0,20.0,Active,False,False,2026-06-30
Architecture & engineering,541330,Engineering Services,"Brown Consulting Engineers, P.C.",Saint George,UT,2020-01-29,2020,91800,1,State Bank of Southern Utah,6.75,60.0,9.0,Paid in full,False,False,2026-06-30
IT & software services,541519,Other Computer Related Services,"Novus Insight, Inc.",East Hartford,CT,2020-01-29,2020,1200000,1,"NBT Bank, National Association",5.75,96.0,51.0,Paid in full,False,False,2026-06-30
Architecture & engineering,541330,Engineering Services,"Pb&Amp;A Manufacturing, Inc.",Franklin,MA,2020-01-30,2020,200000,1,"TD Bank, National Association",5.5,84.0,8.0,Paid in full,True,False,2026-06-30
Insurance agencies,524210,Insurance Agencies and Brokerages,Pell Insurance Group Llc,Belleair Bluffs,FL,2020-01-30,2020,333000,1,Mechanics and Farmers Bank,7.5,120.0,3.0,Paid in full,False,False,2026-06-30
Financial advisors,523930,Investment Advice,"William W. Grubbs, Iii",Atlanta,GA,2020-01-31,2020,1250000,1,Live Oak Banking Company,6.1,120.0,6.0,Paid in full,False,False,2026-06-30
"Accounting, tax & bookkeeping",541211,Offices of Certified Public Accountants,Theresa Girardot Tax & Accounting Services Llc,Newtown,CT,2020-02-07,2020,260000,1,Live Oak Banking Company,7.25,120.0,4.0,Paid in full,False,False,2026-06-30
Architecture & engineering,541330,Engineering Services,"Collings And Associates, Llc",Ventura,CA,2020-02-10,2020,740400,1,Ventura County CU,7.5,120.0,9.0,Paid in full,False,False,2026-06-30
Financial advisors,523930,Investment Advice,Straightline Group Llc,Troy,MI,2020-02-10,2020,4750000,1,Live Oak Banking Company,7.0,120.0,7.0,Paid in full,False,False,2026-06-30
Financial advisors,523930,Investment Advice,Daniel J. Papuga,Fairfield,CT,2020-02-11,2020,1040000,1,Live Oak Banking Company,6.44,120.0,2.0,Active,False,False,2026-06-30
Insurance agencies,524210,Insurance Agencies and Brokerages,Gabe Greene Ins Agy,Carmel,IN,2020-02-12,2020,480000,1,Mechanics and Farmers Bank,6.75,120.0,6.0,Paid in full,False,False,2026-06-30
Insurance agencies,524210,Insurance Agencies and Brokerages,Carile Insurance Services Llc,Brookpark,OH,2020-02-13,2020,240500,1,Mechanics and Farmers Bank,7.5,120.0,9.0,Paid in full,False,False,2026-06-30
Advertising & marketing agencies,541890,Other Services Related to Advertising,Ownlocal Inc.,Austin,TX,2020-02-13,2020,3000000,1,Live Oak Banking Company,7.5,120.0,14.0,Paid in full,False,False,2026-06-30
IT & software services,541519,Other Computer Related Services,"Intact Technology, Inc.",Greenbelt,MD,2020-02-14,2020,5000000,1,Live Oak Banking Company,7.25,120.0,83.0,Active,False,False,2026-06-30
Architecture & engineering,541330,Engineering Services,Prestatie Corporation,Kansas City,MO,2020-02-17,2020,2291000,2,Sunflower Bank National Association,5.0,120.0,8.0,Active,False,True,2026-06-30
Insurance agencies,524210,Insurance Agencies and Brokerages,Cleveland 6 Investments Llc,Sanford,FL,2020-02-19,2020,1255000,1,Banc of California,6.25,168.0,0.0,Paid in full,False,False,2026-06-30
Insurance agencies,524210,Insurance Agencies and Brokerages,"Nicholas Devito Agency, Inc.",Mount Sinai,NY,2020-02-19,2020,2430000,1,Live Oak Banking Company,6.75,120.0,10.0,Paid in full,False,False,2026-06-30
Insurance agencies,524210,Insurance Agencies and Brokerages,The Sweney Agency Llc,Whiteland,IN,2020-02-19,2020,332800,1,Mechanics and Farmers Bank,7.5,120.0,5.0,Paid in full,False,False,2026-06-30
"Accounting, tax & bookkeeping",541211,Offices of Certified Public Accountants,"David N. Huber, Cpa, Apc",Camarillo,CA,2020-02-20,2020,732900,1,BMO Bank National Association,6.25,120.0,0.0,Paid in full,False,False,2026-06-30
IT & software services,541519,Other Computer Related Services,"Halski Systems, Llc",Gainesville,GA,2020-02-21,2020,5000000,1,Live Oak Banking Company,6.25,120.0,22.0,Paid in full,False,False,2026-06-30
Insurance agencies,524210,Insurance Agencies and Brokerages,Shawn M. Miller,Springfield,IL,2020-02-21,2020,150000,1,Bank of Springfield,6.6,87.0,6.0,Paid in full,False,False,2026-06-30
"Accounting, tax & bookkeeping",541213,Tax Preparation Services,National Tax Aid,Tustin,CA,2020-02-24,2020,234000,1,CDC Small Business Finance Corp.,9.5,120.0,2.0,Paid in full,False,False,2026-06-30
Insurance agencies,524210,Insurance Agencies and Brokerages,"Nicholas Devito Agency, Inc.",Mount Sinai,NY,2020-02-24,2020,175000,1,Live Oak Banking Company,6.75,84.0,10.0,Paid in full,True,False,2026-06-30
Advertising & marketing agencies,541910,Marketing Research and Public Opinion Polling,Clarity Research,Cedar Park,TX,2020-02-25,2020,1458000,2,Live Oak Banking Company,7.25,120.0,2.0,Active,False,True,2026-06-30
"Accounting, tax & bookkeeping",541211,Offices of Certified Public Accountants,"Morris, Ligon And Rodriguez, A Professional Corporation",Houston,TX,2020-02-25,2020,460400,1,"Bank of America, National Association",4.67,84.0,11.0,Paid in full,False,False,2026-06-30
Advertising & marketing agencies,541870,Advertising Material Distribution Services,"Seo Werkz, Llc",Riverton,UT,2020-02-25,2020,629000,1,Gulf Coast Bank and Trust Company,7.5,120.0,6.0,Paid in full,False,False,2026-06-30
Insurance agencies,524210,Insurance Agencies and Brokerages,Your Adviser Llc,Indianapolis,IN,2020-02-25,2020,250000,1,Mechanics and Farmers Bank,7.5,120.0,6.0,Active,False,False,2026-06-30
IT & software services,541511,Custom Computer Programming Services,Dataquest Corp,Branchburg,NJ,2020-02-26,2020,5000000,1,HomeTrust Bank,7.25,240.0,140.0,Active,False,False,2026-06-30
"Accounting, tax & bookkeeping",541219,Other Accounting Services,"Element Solutions Group, Llc",Chatsworth,CA,2020-02-27,2020,2040000,1,Live Oak Banking Company,6.25,120.0,28.0,Paid in full,False,False,2026-06-30
"Accounting, tax & bookkeeping",541211,Offices of Certified Public Accountants,"Paul S Fitzgerald, Cpa, Mst, P.C.",Reston,VA,2020-02-28,2020,155000,1,First-Citizens Bank & Trust Company,6.75,119.0,1.0,Active,False,False,2026-06-30
Management consulting,541690,Other Scientific and Technical Consulting Services,"Kaos Aero Marine, Inc.",Pensacola,FL,2020-03-02,2020,747900,1,"SouthState Bank, National Association",6.75,120.0,14.0,Paid in full,False,False,2026-06-30
Architecture & engineering,541320,Landscape Architectural Services,Taddiken Tree Company,Boulder,CO,2020-03-02,2020,1216000,1,"BOKF, National Association",5.5,120.0,5.0,Paid in full,False,False,2026-06-30
Insurance agencies,524210,Insurance Agencies and Brokerages,"Calton Group, Inc.",Smithfield,NC,2020-03-03,2020,994000,1,Pinnacle Bank,7.25,120.0,6.0,Active,False,False,2026-06-30
Insurance agencies,524210,Insurance Agencies and Brokerages,"The Nakamura Agency, Llc",Wheat Ridge,CO,2020-03-03,2020,447500,1,Mechanics and Farmers Bank,7.5,120.0,6.0,Paid in full,False,False,2026-06-30
IT & software services,541511,Custom Computer Programming Services,"Bb Systems, Llc",North Royalton,OH,2020-03-04,2020,831000,1,Celtic Bank Corporation,7.25,120.0,8.0,Active,False,False,2026-06-30
Management consulting,541620,Environmental Consulting Services,Koepke Enterprises Inc.,Dekalb,IL,2020-03-04,2020,2765000,1,First National Bank of Omaha,5.5,84.0,1.0,Paid in full,False,False,2026-06-30
Insurance agencies,524210,Insurance Agencies and Brokerages,Scott  Eric Talbott,San Antonio,TX,2020-03-04,2020,785000,1,Live Oak Banking Company,7.0,120.0,3.0,Paid in full,False,False,2026-06-30
Financial advisors,523930,Investment Advice,Ahmad Financial Inc.,Milpitas,CA,2020-03-05,2020,150000,1,Pathward National Association,7.5,120.0,2.0,Paid in full,False,False,2026-06-30
Advertising & marketing agencies,541890,Other Services Related to Advertising,Markably,Vista,CA,2020-03-06,2020,255000,1,United Midwest Savings Bank National Association,7.5,120.0,15.0,Active,False,False,2026-06-30
Insurance agencies,524210,Insurance Agencies and Brokerages,Riverside Employee Benefits Llc,Bothell,WA,2020-03-06,2020,693000,1,Banner Bank,6.5,120.0,2.0,Paid in full,False,False,2026-06-30
Law firms,541110,Offices of Lawyers,"Cochran Douglas, Pllc",Tacoma,WA,2020-03-09,2020,968000,2,Heritage Bank,6.25,120.0,4.0,Paid in full,False,True,2026-06-30
Insurance agencies,524210,Insurance Agencies and Brokerages,Jata Enterprises Inc,Cheney,WA,2020-03-09,2020,400500,1,Paragon Bank,7.5,61.0,7.0,Charged off,False,False,2026-06-30
Insurance agencies,524210,Insurance Agencies and Brokerages,Cwf Holdings Llc,Fort Myers,FL,2020-03-10,2020,1331000,1,Busey Bank,7.25,120.0,10.0,Paid in full,False,False,2026-06-30
Insurance agencies,524210,Insurance Agencies and Brokerages,Legacy Builders Insurance And Financial Services,Newport News,VA,2020-03-10,2020,782000,1,Mechanics and Farmers Bank,6.75,120.0,5.0,Active,False,False,2026-06-30
Architecture & engineering,541320,Landscape Architectural Services,Scott Guy Consulting Llc,Portland,OR,2020-03-11,2020,408300,1,Banesco USA,7.5,120.0,11.0,Active,False,False,2026-06-30
IT & software services,541512,Computer Systems Design Services,"Csb Services, Llc",Vienna,VA,2020-03-12,2020,590000,1,Live Oak Banking Company,7.5,72.0,6.0,Paid in full,False,False,2026-06-30
"Accounting, tax & bookkeeping",541211,Offices of Certified Public Accountants,Justice & Stamas Cpas Llc,Vero Beach,FL,2020-03-12,2020,413500,1,CIBC Bank USA,7.5,120.0,7.0,Active,False,False,2026-06-30
IT & software services,541511,Custom Computer Programming Services,"Infotech, Inc.",Onalaska,WI,2020-03-16,2020,770500,1,CCFBank National Association,6.75,119.0,9.0,Active,False,False,2026-06-30
Financial advisors,523930,Investment Advice,Rudolf J. Hein,Mount Pleasant,SC,2020-03-16,2020,230000,1,Pathward National Association,7.0,120.0,0.0,Active,False,False,2026-06-30
Financial advisors,523930,Investment Advice,"Wealthwise,  Inc.",Johnson City,TN,2020-03-17,2020,151500,1,Truist Bank,6.54,120.0,6.0,Paid in full,False,False,2026-06-30
Insurance agencies,524210,Insurance Agencies and Brokerages,"Colvard Insurance Associates, Inc.",Cullman,AL,2020-03-18,2020,2660500,1,United Midwest Savings Bank National Association,7.5,120.0,15.0,Paid in full,False,False,2026-06-30
IT & software services,541519,Other Computer Related Services,Catalinax Inc.,Grand Rapids,MI,2020-03-19,2020,1398000,1,"PNC Bank, National Association",4.15,120.0,25.0,Active,False,False,2026-06-30
Insurance agencies,524210,Insurance Agencies and Brokerages,First Casualty Insurance Group,Southern Pines,NC,2020-03-23,2020,2000000,1,Pathward National Association,6.25,120.0,10.0,Paid in full,False,False,2026-06-30
Insurance agencies,524210,Insurance Agencies and Brokerages,"Jamie Bates And Associates, Inc.",Hartselle,AL,2020-03-23,2020,308700,1,Touchmark National Bank,7.5,120.0,0.0,Active,False,False,2026-06-30
Architecture & engineering,541310,Architectural Services,"Rdm Architecture, Llc",Kansas City,MO,2020-03-24,2020,236500,1,Landmark National Bank,6.25,84.0,4.0,Active,False,False,2026-06-30
Insurance agencies,524210,Insurance Agencies and Brokerages,Meinke Insurance Group Llc,Tampa,FL,2020-03-25,2020,2765000,1,Live Oak Banking Company,6.69,120.0,7.0,Active,False,False,2026-06-30
Insurance agencies,524210,Insurance Agencies and Brokerages,Ana Ramirez Allstate Agency,Skokie,IL,2020-03-26,2020,342000,1,Touchmark National Bank,7.5,120.0,0.0,Active,False,False,2026-06-30
Management consulting,541614,"Process, Physical Distribution, and Logistics Consulting Services",Tamarack Technologies Inc.,Woodbridge,VA,2020-03-26,2020,704400,1,Wells Fargo Bank National Association,5.5,120.0,9.0,Active,False,False,2026-06-30
Insurance agencies,524210,Insurance Agencies and Brokerages,"A Traditional Insurance Company, Inc",Roseville,CA,2020-03-31,2020,442500,1,Mechanics and Farmers Bank,7.5,120.0,6.0,Paid in full,False,False,2026-06-30
Insurance agencies,524210,Insurance Agencies and Brokerages,Insurance Policy Pro Llc,Oakland Park,FL,2020-04-01,2020,3560000,1,Pathward National Association,6.0,120.0,14.0,Paid in full,False,False,2026-06-30
Insurance agencies,524210,Insurance Agencies and Brokerages,Nolting Insurance Llc,La Place,LA,2020-04-01,2020,374000,1,Touchmark National Bank,6.0,120.0,2.0,Active,False,False,2026-06-30
Insurance agencies,524210,Insurance Agencies and Brokerages,Apache Insurance Llc,Chandler,AZ,2020-04-02,2020,414200,1,Touchmark National Bank,6.0,120.0,0.0,Paid in full,False,False,2026-06-30
Insurance agencies,524210,Insurance Agencies and Brokerages,"Badger Insurance Associates Of Madison, Inc.",Middleton,WI,2020-04-02,2020,530000,1,United Midwest Savings Bank National Association,5.5,120.0,3.0,Paid in full,False,False,2026-06-30
Insurance agencies,524210,Insurance Agencies and Brokerages,Castiblanco Insurance Agency Llc,Carson City,NV,2020-04-02,2020,989000,1,Touchmark National Bank,6.0,120.0,0.0,Paid in full,False,False,2026-06-30
"Accounting, tax & bookkeeping",541211,Offices of Certified Public Accountants,Press Holdings Colorado Llc,Colorado Springs,CO,2020-04-02,2020,2001500,1,Columbia Bank,6.0,120.0,22.0,Paid in full,False,False,2026-06-30
IT & software services,541512,Computer Systems Design Services,"The Computer Company, Inc.",Cromwell,CT,2020-04-03,2020,2130000,1,Webster Bank National Association,5.25,120.0,16.0,Paid in full,False,False,2026-06-30
Advertising & marketing agencies,541910,Marketing Research and Public Opinion Polling,Measure Group Llc,Irvine,CA,2020-04-10,2020,846000,2,Live Oak Banking Company,6.0,120.0,12.0,Active,False,True,2026-06-30
Architecture & engineering,541330,Engineering Services,"W.J. Johnson Engineering, Llc",Bonita Springs,FL,2020-04-11,2020,590000,1,The Huntington National Bank,5.75,120.0,6.0,Active,False,False,2026-06-30
Insurance agencies,524210,Insurance Agencies and Brokerages,"Tc Johnson Team Insurance, Llc",Port Orange,FL,2020-04-12,2020,469100,1,Touchmark National Bank,6.0,120.0,6.0,Paid in full,False,False,2026-06-30
Architecture & engineering,541320,Landscape Architectural Services,Done Right Lawncare And Landscaping L L C,Linn,MO,2020-04-14,2020,87000,1,Mid America Bank,6.75,120.0,8.0,Active,False,False,2026-06-30
Insurance agencies,524210,Insurance Agencies and Brokerages,Statewide Insurance Services,Hammond,LA,2020-04-14,2020,280000,1,Live Oak Banking Company,5.99,120.0,9.0,Paid in full,False,False,2026-06-30
Insurance agencies,524210,Insurance Agencies and Brokerages,Swh Insurance Agency Llc,Whitesboro,TX,2020-04-14,2020,638700,1,Pathward National Association,6.0,120.0,2.0,Active,False,False,2026-06-30
Insurance agencies,524210,Insurance Agencies and Brokerages,The Gray Group Insurance Brokerage Inc.,Haskell,TX,2020-04-14,2020,435000,1,United Midwest Savings Bank National Association,6.0,120.0,1.0,Paid in full,False,False,2026-06-30
Financial advisors,523930,Investment Advice,Brad Handel,Youngstown,OH,2020-04-16,2020,1525000,1,First State Bank Nebraska,7.0,120.0,1.0,Paid in full,False,False,2026-06-30
IT & software services,541519,Other Computer Related Services,"Southtech Solutions, Inc",Sarasota,FL,2020-04-16,2020,1583000,1,"SouthState Bank, National Association",2.0,120.0,58.0,Paid in full,False,False,2026-06-30
Insurance agencies,524210,Insurance Agencies and Brokerages,Murray Gardner Insurance Agency Inc.,Tustin,CA,2020-04-22,2020,860000,1,United Midwest Savings Bank National Association,6.0,120.0,8.0,Paid in full,False,False,2026-06-30
Architecture & engineering,541320,Landscape Architectural Services,Preventive Tree Spaying Corp,Eagle,CO,2020-04-22,2020,600000,1,BMO Bank National Association,5.25,120.0,1.0,Paid in full,False,False,2026-06-30
Insurance agencies,524210,Insurance Agencies and Brokerages,"Glix, Llc",Scottsdale,AZ,2020-04-23,2020,355000,1,Paragon Bank,6.0,120.0,41.0,Paid in full,False,False,2026-06-30
Law firms,541191,Title Abstract and Settlement Offices,Great Basin Title Company Llc,Fallon,NV,2020-04-23,2020,664000,1,Plumas Bank,5.5,120.0,12.0,Paid in full,False,False,2026-06-30
Architecture & engineering,541350,Building Inspection Services,"Inspectrite, Llc",Escondido,CA,2020-04-23,2020,350000,1,Banc of California,4.75,120.0,4.0,Active,False,False,2026-06-30
Management consulting,541690,Other Scientific and Technical Consulting Services,"Iv4, Inc",Fairport,NY,2020-04-23,2020,3940000,2,Manufacturers and Traders Trust Company,5.25,120.0,60.0,Paid in full,False,True,2026-06-30
Insurance agencies,524210,Insurance Agencies and Brokerages,Patsel Insurance Agency Inc,Renton,WA,2020-04-23,2020,1710000,1,United Midwest Savings Bank National Association,6.0,120.0,8.0,Active,False,False,2026-06-30
"Accounting, tax & bookkeeping",541219,Other Accounting Services,"North Georgia Accounting, Llc",Alpharetta,GA,2020-04-24,2020,350000,1,The Bancorp Bank National Association,5.75,120.0,10.0,Active,False,False,2026-06-30
Insurance agencies,524210,Insurance Agencies and Brokerages,Zeal Insurance Llc,Houma,LA,2020-04-24,2020,700000,1,United Midwest Savings Bank National Association,6.0,120.0,2.0,Paid in full,False,False,2026-06-30
Architecture & engineering,541330,Engineering Services,Aegis Project Controls Corp.,Silver Spring,MD,2020-04-25,2020,4797000,1,Atlantic Union Bank,5.75,60.0,30.0,Paid in full,False,False,2026-06-30
Financial advisors,523930,Investment Advice,Epiqwest Financial Corporation,Lafayette,CO,2020-04-26,2020,815000,1,Beacon Bank and Trust,6.0,120.0,2.0,Paid in full,False,False,2026-06-30
IT & software services,541511,Custom Computer Programming Services,Cumulus Communications Inc,Redding,CT,2020-04-27,2020,1753300,2,Manufacturers and Traders Trust Company,5.25,120.0,13.0,Active,False,True,2026-06-30
Management consulting,541690,Other Scientific and Technical Consulting Services,"Guideline Medical Holdings, Inc.",Palatine,IL,2020-04-27,2020,2898500,1,CIBC Bank USA,6.0,120.0,9.0,Active,False,False,2026-06-30
Insurance agencies,524210,Insurance Agencies and Brokerages,"Lyle Nickel Insurance, Inc.",Enid,OK,2020-04-29,2020,740000,1,Live Oak Banking Company,5.35,120.0,4.0,Paid in full,False,False,2026-06-30
Law firms,541110,Offices of Lawyers,"Mcquire Law, P.A.",Fort Myers,FL,2020-04-29,2020,708000,1,First Federal Bank,5.95,300.0,4.0,Paid in full,False,False,2026-06-30
Law firms,541110,Offices of Lawyers,Doherty &Amp; Progar Llc,Chicago,IL,2020-04-30,2020,770300,1,"Bank of America, National Association",3.56,120.0,0.0,Paid in full,False,False,2026-06-30
"Accounting, tax & bookkeeping",541211,Offices of Certified Public Accountants,"Jacobson Jarvis & Co, Pllc",Seattle,WA,2020-04-30,2020,1900000,1,Live Oak Banking Company,5.5,120.0,17.0,Active,False,False,2026-06-30
Insurance agencies,524210,Insurance Agencies and Brokerages,The Newell Agency,Canton,GA,2020-04-30,2020,258000,1,United Bank of Philadelphia,6.0,120.0,6.0,Active,False,False,2026-06-30
Architecture & engineering,541310,Architectural Services,"Yanowitz & Feyl, Inc.",Andover,MA,2020-04-30,2020,725000,1,Eastern Bank,4.75,84.0,0.0,Active,False,False,2026-06-30
Management consulting,541690,Other Scientific and Technical Consulting Services,Hippert Group Llc,Appleton,WI,2020-05-06,2020,1529000,1,Nicolet National Bank,4.35,156.0,9.0,Active,False,False,2026-06-30
IT & software services,541512,Computer Systems Design Services,"Authority Web, Llc",Austin,TX,2020-05-08,2020,295700,1,Wells Fargo Bank National Association,5.45,120.0,1.0,Active,False,False,2026-06-30
Insurance agencies,524210,Insurance Agencies and Brokerages,Mark Randell Brown,Sherman,TX,2020-05-11,2020,270000,1,Live Oak Banking Company,5.74,120.0,2.0,Paid in full,False,False,2026-06-30
Advertising & marketing agencies,541850,Outdoor Advertising,Icucme Llc,Grand Prairie,TX,2020-06-03,2020,382000,1,Gulf Coast Bank and Trust Company,6.0,120.0,3.0,Active,False,False,2026-06-30
Insurance agencies,524210,Insurance Agencies and Brokerages,"Allen Etheridge Agency, Llc",Baton Rouge,LA,2020-06-05,2020,155000,1,United Bank of Philadelphia,7.0,120.0,4.0,Active,False,False,2026-06-30
"Accounting, tax & bookkeeping",541213,Tax Preparation Services,True Advisory Goup Llc,York,PA,2020-06-16,2020,56000,1,Orrstown Bank,6.0,60.0,5.0,Paid in full,True,False,2026-06-30
Insurance agencies,524210,Insurance Agencies and Brokerages,Stover Insurance Services Llc,Kingwood,TX,2020-06-17,2020,335000,1,Live Oak Banking Company,5.74,120.0,3.0,Active,False,False,2026-06-30
Insurance agencies,524210,Insurance Agencies and Brokerages,"Wright Insurance Services, Llc",Kalamazoo,MI,2020-06-17,2020,1452500,1,1st Source Bank,6.0,120.0,2.0,Active,False,False,2026-06-30
Insurance agencies,524210,Insurance Agencies and Brokerages,Klein Insurance Agency Inc.,Wadena,MN,2020-06-18,2020,587500,1,Wadena State Bank,5.0,108.0,15.0,Paid in full,False,False,2026-06-30
"Accounting, tax & bookkeeping",541211,Offices of Certified Public Accountants,"P. Morgan & Associates, Cpa, Llc",Woodstock,GA,2020-06-18,2020,800000,1,Live Oak Banking Company,6.0,120.0,11.0,Paid in full,False,False,2026-06-30
Architecture & engineering,541330,Engineering Services,"Cannon & Cannon, Inc",Knoxville,TN,2020-06-22,2020,1925000,1,Pinnacle Bank,5.0,120.0,50.0,Paid in full,False,False,2026-06-30
Insurance agencies,524210,Insurance Agencies and Brokerages,"River Tree Insurance Services, Inc.",Huntsville,AL,2020-06-22,2020,1050000,1,Pathward National Association,6.0,120.0,4.0,Paid in full,False,False,2026-06-30
Architecture & engineering,541380,Testing Laboratories,"Environmental Testing Laboratory, Inc.",Thomasville,GA,2020-06-24,2020,955000,1,"PNC Bank, National Association",4.25,144.0,13.0,Paid in full,False,False,2026-06-30
IT & software services,541519,Other Computer Related Services,"Computer Magic, Inc.",Monona,WI,2020-06-25,2020,1136900,1,Lake Ridge Bank,6.0,120.0,7.0,Active,False,False,2026-06-30
Insurance agencies,524210,Insurance Agencies and Brokerages,The Villa Agency Ltd.,Cortlandt Manor,NY,2020-06-28,2020,225000,1,Pathward National Association,6.0,120.0,4.0,Active,False,False,2026-06-30
Architecture & engineering,541320,Landscape Architectural Services,"Neutral Ground Holdings, Ltd.",Cypress,TX,2020-06-29,2020,1200000,1,Frost Bank,5.49,156.0,2.0,Active,False,False,2026-06-30
Insurance agencies,524210,Insurance Agencies and Brokerages,"Range 7, Llc",Satellite Beach,FL,2020-06-29,2020,199000,1,The Bancorp Bank National Association,6.0,120.0,3.0,Paid in full,False,False,2026-06-30
Insurance agencies,524210,Insurance Agencies and Brokerages,"Alaz, Corp.",Chicago,IL,2020-06-30,2020,277000,1,"CenTrust Bank, A Division of SmartBiz Bank National Association",6.0,120.0,8.0,Paid in full,False,False,2026-06-30
Insurance agencies,524210,Insurance Agencies and Brokerages,"Legacy Insurance And Financial Services, Llc",Madison,AL,2020-06-30,2020,1610000,1,Pathward National Association,5.75,120.0,4.0,Paid in full,False,False,2026-06-30
Architecture & engineering,541350,Building Inspection Services,Choice Home Inspections Llc,Lascassas,TN,2020-07-01,2020,300000,2,Simmons Bank,6.0,86.0,6.0,Charged off,False,False,2026-06-30
Financial advisors,523930,Investment Advice,Diamond Strategic Solutions Llc,New Castle,PA,2020-07-01,2020,398500,1,First State Bank Nebraska,5.5,120.0,0.0,Active,False,False,2026-06-30
"Accounting, tax & bookkeeping",541213,Tax Preparation Services,"Cape Fear Regional Tax Consultants, Llc",Horseheads,NY,2020-07-02,2020,1562000,1,HomeTrust Bank,5.5,120.0,7.0,Paid in full,False,False,2026-06-30
Advertising & marketing agencies,541613,Marketing Consulting Services,"Rsm Marketing Services, Llc",Wichita,KS,2020-07-02,2020,1872000,1,First Bank of the Lake,6.0,120.0,6.0,Paid in full,False,False,2026-06-30
Insurance agencies,524210,Insurance Agencies and Brokerages,"Hickerson Agency, Llc",Flemingsburg,KY,2020-07-03,2020,590000,1,"Community Trust Bank, Inc.",4.5,180.0,5.0,Active,False,False,2026-06-30
"Accounting, tax & bookkeeping",541211,Offices of Certified Public Accountants,Bennett Tax And Accounting P.C.,Wilsonville,OR,2020-07-06,2020,775600,1,KeyBank National Association,5.5,120.0,14.0,Paid in full,False,False,2026-06-30
"Accounting, tax & bookkeeping",541211,Offices of Certified Public Accountants,Lindstrom Tax &Amp; Business Services Pllc,Orlando,FL,2020-07-07,2020,224000,1,Valley National Bank,6.0,120.0,3.0,Paid in full,False,False,2026-06-30
Insurance agencies,524210,Insurance Agencies and Brokerages,"The Swanson Agency, Inc.",Corvallis,OR,2020-07-10,2020,602000,1,Columbia Bank,5.75,120.0,2.0,Active,False,False,2026-06-30
IT & software services,541512,Computer Systems Design Services,"On The Job Consulting, Inc.",Urbana,IL,2020-07-14,2020,1124600,1,Busey Bank,6.0,120.0,25.0,Active,False,False,2026-06-30
"Accounting, tax & bookkeeping",541211,Offices of Certified Public Accountants,Mitch Boleware Cpa Llc,Collins,MS,2020-07-15,2020,271700,1,Peoples Bank,6.0,84.0,19.0,Active,False,False,2026-06-30
Financial advisors,523930,Investment Advice,"The Hammel Group, Inc",Dallas,TX,2020-07-15,2020,297000,1,The Bancorp Bank National Association,5.75,120.0,3.0,Active,False,False,2026-06-30
Architecture & engineering,541310,Architectural Services,"Alesia Architecture, P.C.",Elkhorn,NE,2020-07-16,2020,1175000,1,Associated Bank National Association,5.25,96.0,16.0,Paid in full,False,False,2026-06-30
Insurance agencies,524210,Insurance Agencies and Brokerages,"Amerifirst Agency, Llc",Austin,TX,2020-07-16,2020,1900000,1,Bankwell Bank,5.75,120.0,9.0,Paid in full,False,False,2026-06-30
"Accounting, tax & bookkeeping",541211,Offices of Certified Public Accountants,"Leslie Welsh Cpa, Inc",Orange Park,FL,2020-07-16,2020,347200,1,Ameris Bank,5.75,120.0,3.0,Paid in full,False,False,2026-06-30
Insurance agencies,524210,Insurance Agencies and Brokerages,"Ramco Insurance Services, Llc",Albany,TX,2020-07-16,2020,459000,1,Clear Fork Bank National Association,5.25,120.0,3.0,Active,False,False,2026-06-30
"Accounting, tax & bookkeeping",541219,Other Accounting Services,"D. Olsen &Amp; Associates, Inc.",Champlin,MN,2020-07-17,2020,135000,1,Northeast Bank,5.0,84.0,7.0,Active,False,False,2026-06-30
Insurance agencies,524210,Insurance Agencies and Brokerages,M&K Agency Inc,Homestead,FL,2020-07-17,2020,1809000,1,Renasant Bank,5.25,120.0,14.0,Paid in full,False,False,2026-06-30
Insurance agencies,524210,Insurance Agencies and Brokerages,Sawyer Insurance Agency,Boston,MA,2020-07-17,2020,750000,1,Live Oak Banking Company,5.4,120.0,2.0,Paid in full,False,False,2026-06-30
Advertising & marketing agencies,541810,Advertising Agencies,Carmel Hill Acquisitions Inc.,Ann Arbor,MI,2020-07-21,2020,4257000,1,KeyBank National Association,5.5,120.0,2.0,Active,False,False,2026-06-30
Architecture & engineering,541320,Landscape Architectural Services,Genesis 215 Llc,Austin,TX,2020-07-21,2020,685600,1,Frost Bank,5.25,120.0,31.0,Active,False,False,2026-06-30
"Accounting, tax & bookkeeping",541219,Other Accounting Services,"Korpal Lopez & Associates, Llc",Houston,TX,2020-07-21,2020,685000,1,Live Oak Banking Company,5.4,120.0,6.0,Active,False,False,2026-06-30
Advertising & marketing agencies,541890,Other Services Related to Advertising,Norco Holdings Llc,Garwood,NJ,2020-07-21,2020,1504000,1,Webster Bank National Association,5.25,120.0,12.0,Active,False,False,2026-06-30
Management consulting,541611,Administrative Management and General Management Consulting Services,Blais & Associates Llc,Dallas,TX,2020-07-23,2020,4200000,1,First Bank of the Lake,5.75,120.0,0.0,Paid in full,False,False,2026-06-30
Insurance agencies,524210,Insurance Agencies and Brokerages,Clay Yarbrough Insurance,Denver,CO,2020-07-27,2020,124300,1,Pathward National Association,6.0,75.0,1.0,Charged off,False,False,2026-06-30
"Accounting, tax & bookkeeping",541219,Other Accounting Services,P &Amp; S Tax Prep Partners,Lowell,MA,2020-07-28,2020,540000,1,Salem Five Cents Savings Bank,3.85,84.0,10.0,Active,False,False,2026-06-30
"Accounting, tax & bookkeeping",541211,Offices of Certified Public Accountants,Gage Busby,Ada,OK,2020-07-29,2020,313000,1,The State Bank of Wynnewood,5.0,120.0,2.0,Active,False,False,2026-06-30
"Accounting, tax & bookkeeping",541211,Offices of Certified Public Accountants,"Nex Financial Group, Llc",Brockton,MA,2020-07-29,2020,275000,1,Webster Bank National Association,5.0,120.0,6.0,Active,False,False,2026-06-30
"Accounting, tax & bookkeeping",541211,Offices of Certified Public Accountants,Aviation Taxology Inc,Fort Lauderdale,FL,2020-07-30,2020,2450000,2,Live Oak Banking Company,5.5,120.0,6.0,Paid in full,False,True,2026-06-30
Insurance agencies,524210,Insurance Agencies and Brokerages,Shane Hard Agency  Financial Services Inc.,Biloxi,MS,2020-07-30,2020,1000000,1,"Capital Bank, National Association",5.25,120.0,4.0,Active,False,False,2026-06-30
"Accounting, tax & bookkeeping",541211,Offices of Certified Public Accountants,"Tracy E. Clayton, Cpa Pllc",Durham,NC,2020-07-30,2020,320700,1,The Bancorp Bank National Association,5.5,120.0,3.0,Paid in full,False,False,2026-06-30
Insurance agencies,524210,Insurance Agencies and Brokerages,"Chaffin Crest Enterprises, Inc.",Chattanooga,TN,2020-07-31,2020,840000,1,Mechanics and Farmers Bank,5.25,120.0,3.0,Paid in full,False,False,2026-06-30
Insurance agencies,524210,Insurance Agencies and Brokerages,"Ke Insurance Agency Sebastian, Llc",Sebastian,FL,2020-07-31,2020,2762000,1,Bankwell Bank,5.5,120.0,8.0,Paid in full,False,False,2026-06-30
Insurance agencies,524210,Insurance Agencies and Brokerages,Swfl Insurance,Fort Myers,FL,2020-07-31,2020,4075000,1,Live Oak Banking Company,5.0,120.0,18.0,Paid in full,False,False,2026-06-30
Insurance agencies,524210,Insurance Agencies and Brokerages,"Justine Rodgers Insurance Vero Beach, Llc",Vero Beach,FL,2020-08-03,2020,1990000,1,Bankwell Bank,5.5,120.0,4.0,Paid in full,False,False,2026-06-30
Law firms,541199,All Other Legal Services,"Sollenberger’S Messenger Service, Inc.",Lehighton,PA,2020-08-03,2020,900000,1,Beacon Bank and Trust,5.75,120.0,23.0,Paid in full,False,False,2026-06-30
IT & software services,541519,Other Computer Related Services,Boonya Systems L. L. C.,Minneapolis,MN,2020-08-05,2020,1037000,1,Frandsen Bank and Trust,6.0,120.0,10.0,Active,False,False,2026-06-30
Financial advisors,523930,Investment Advice,Kvc Holdings Llc,Tulsa,OK,2020-08-05,2020,2600000,1,Byline Bank,6.0,120.0,6.0,Paid in full,False,False,2026-06-30
Financial advisors,523930,Investment Advice,Matthew Garber,East Brunswick,NJ,2020-08-05,2020,600000,1,Byline Bank,6.0,120.0,2.0,Paid in full,False,False,2026-06-30
"Accounting, tax & bookkeeping",541219,Other Accounting Services,"Optum Holdings, Llc",Farmington,MN,2020-08-06,2020,1814000,1,Deerwood Bank,5.4,120.0,18.0,Paid in full,False,False,2026-06-30
IT & software services,541511,Custom Computer Programming Services,Gospel Technologies Llc,Elk,WA,2020-08-07,2020,1231800,1,Columbia Bank,4.75,120.0,24.0,Paid in full,False,False,2026-06-30
"Accounting, tax & bookkeeping",541219,Other Accounting Services,P &Amp; S Tax Prep Partners,Lynn,MA,2020-08-07,2020,180000,1,Salem Five Cents Savings Bank,3.85,84.0,10.0,Paid in full,False,False,2026-06-30
"Accounting, tax & bookkeeping",541211,Offices of Certified Public Accountants,Williams Keepers Llc,Jefferson City,MO,2020-08-07,2020,372600,1,The Central Trust Bank,4.0,24.0,50.0,Paid in full,False,False,2026-06-30
Architecture & engineering,541350,Building Inspection Services,Richard S. Littleton Jr,Powell,TN,2020-08-10,2020,608700,1,"U.S. Bank, National Association",5.25,300.0,11.0,Active,False,False,2026-06-30
Financial advisors,523930,Investment Advice,"Coastline Wealth Management, Inc",Port Jefferson,NY,2020-08-11,2020,2921000,1,The Bancorp Bank National Association,4.95,120.0,13.0,Paid in full,False,False,2026-06-30
Insurance agencies,524210,Insurance Agencies and Brokerages,"Peacock Insurance Services, Inc.",Boone,NC,2020-08-13,2020,954000,1,United Midwest Savings Bank National Association,6.0,120.0,4.0,Paid in full,False,False,2026-06-30
Insurance agencies,524210,Insurance Agencies and Brokerages,The Cleveland Agency Llc,Tumwater,WA,2020-08-13,2020,334000,1,United Bank of Philadelphia,6.0,120.0,8.0,Paid in full,False,False,2026-06-30
"Accounting, tax & bookkeeping",541211,Offices of Certified Public Accountants,"Gutta And Sharfi Cpa'S, P.A.",Boca Raton,FL,2020-08-17,2020,1440000,1,Live Oak Banking Company,6.0,120.0,0.0,Paid in full,False,False,2026-06-30
"Accounting, tax & bookkeeping",541211,Offices of Certified Public Accountants,Rab Cpa Pllc,Chandler,AZ,2020-08-17,2020,185000,1,Live Oak Banking Company,5.75,120.0,1.0,Paid in full,False,False,2026-06-30
Advertising & marketing agencies,541430,Graphic Design Services,Statt Llc,Grand Rapids,MN,2020-08-17,2020,143200,1,Members Cooperative Credit Union,6.75,120.0,3.0,Active,False,False,2026-06-30
Insurance agencies,524210,Insurance Agencies and Brokerages,Mcnett Llc,Bulverde,TX,2020-08-18,2020,1120000,1,Live Oak Banking Company,5.25,120.0,5.0,Active,False,False,2026-06-30
IT & software services,541511,Custom Computer Programming Services,"New Dynamic, Llc",Overland Park,KS,2020-08-18,2020,1208000,1,Landmark National Bank,6.5,120.0,1.0,Active,False,False,2026-06-30
Architecture & engineering,541320,Landscape Architectural Services,"Peak Servicing, Llc",Eagle Mountain,UT,2020-08-18,2020,128500,1,Central Bank,6.0,120.0,2.0,Paid in full,False,False,2026-06-30
Financial advisors,523930,Investment Advice,Phuong N Quach Sp,Santa Clara,CA,2020-08-18,2020,1510000,1,Live Oak Banking Company,5.75,120.0,4.0,Paid in full,False,False,2026-06-30
"Accounting, tax & bookkeeping",541219,Other Accounting Services,Rtbs Houston 2 Llc,Houston,TX,2020-08-18,2020,301200,1,Citizens Bank,6.0,120.0,4.0,Paid in full,False,False,2026-06-30
Insurance agencies,524210,Insurance Agencies and Brokerages,"Fidelis Consultants, Llc",Gilbert,AZ,2020-08-19,2020,446000,1,United Midwest Savings Bank National Association,5.5,120.0,1.0,Paid in full,False,False,2026-06-30
"Accounting, tax & bookkeeping",541211,Offices of Certified Public Accountants,"Susan Sessions Cpa, Pllc",Fulshear,TX,2020-08-19,2020,335000,1,Live Oak Banking Company,6.0,120.0,1.0,Active,False,False,2026-06-30
Financial advisors,523930,Investment Advice,Empowered Retirement Inc.,Livingston,NJ,2020-08-20,2020,750000,1,Live Oak Banking Company,5.25,120.0,1.0,Paid in full,False,False,2026-06-30
Architecture & engineering,541330,Engineering Services,"Grady & Associates, Llc",Marietta,GA,2020-08-20,2020,4925000,2,Live Oak Banking Company,5.75,120.0,13.0,Paid in full,False,True,2026-06-30
Insurance agencies,524210,Insurance Agencies and Brokerages,"Fidelis Consultants, Llc",Gilbert,AZ,2020-08-21,2020,373000,1,United Midwest Savings Bank National Association,3.25,120.0,17.0,Paid in full,False,False,2026-06-30
"Accounting, tax & bookkeeping",541211,Offices of Certified Public Accountants,"Kristen Keats Cpa, Pc",Sherwood,OR,2020-08-21,2020,1000000,1,Live Oak Banking Company,5.4,120.0,1.0,Paid in full,False,False,2026-06-30
IT & software services,541511,Custom Computer Programming Services,"Jordan Crown, Llc",Carnation,WA,2020-08-24,2020,228500,1,"U.S. Bank, National Association",4.87,120.0,7.0,Active,False,False,2026-06-30
Architecture & engineering,541380,Testing Laboratories,Melport Enterprises,Milford,NH,2020-08-24,2020,800000,1,Camden National Bank,3.9,120.0,16.0,Paid in full,False,False,2026-06-30
Architecture & engineering,541380,Testing Laboratories,"Melport Enterprises, Llc D/B/A Chemserve",Milford,NH,2020-08-25,2020,100000,1,Camden National Bank,3.25,120.0,16.0,Paid in full,False,False,2026-06-30
Financial advisors,523930,Investment Advice,"Williamson Wealth Advisers, Llc",New Market,MD,2020-08-25,2020,487500,1,Live Oak Banking Company,6.0,120.0,1.0,Paid in full,False,False,2026-06-30
Financial advisors,523930,Investment Advice,"Swords Wealth Management, Llc",Lindale,TX,2020-08-26,2020,750000,1,Byline Bank,6.0,120.0,2.0,Paid in full,False,False,2026-06-30
Financial advisors,523930,Investment Advice,"Brighton Wealth Management, Inc.",Kaysville,UT,2020-08-27,2020,600000,1,Byline Bank,6.0,120.0,2.0,Paid in full,False,False,2026-06-30
Insurance agencies,524210,Insurance Agencies and Brokerages,Gdk Inc,Scottdale,PA,2020-08-27,2020,2035000,1,Mid Penn Bank,4.75,120.0,13.0,Paid in full,False,False,2026-06-30
IT & software services,541519,Other Computer Related Services,Itm Management Llc,Morgantown,WV,2020-08-27,2020,1000000,1,"Clear Mountain Bank, Inc.",4.8,72.0,2.0,Paid in full,True,False,2026-06-30
IT & software services,541511,Custom Computer Programming Services,Keystone Software Llc,Holyoke,MA,2020-08-27,2020,550000,1,"TD Bank, National Association",4.75,120.0,2.0,Active,False,False,2026-06-30
IT & software services,541511,Custom Computer Programming Services,Level Up Holdings Llc,Tallmadge,OH,2020-08-27,2020,980000,1,The Huntington National Bank,6.0,152.0,2.0,Active,False,False,2026-06-30
Architecture & engineering,541330,Engineering Services,Peggy Malone & Associates Inc,Jacksonville,FL,2020-08-27,2020,250000,1,Hancock Whitney Bank,3.25,120.0,16.0,Active,True,True,2026-06-30
"Accounting, tax & bookkeeping",541213,Tax Preparation Services,Pi Tax Prep Llc,Charlotte,NC,2020-08-27,2020,1414200,1,HomeTrust Bank,5.5,120.0,2.0,Paid in full,False,False,2026-06-30
Insurance agencies,524210,Insurance Agencies and Brokerages,"Sdp Protection, Inc.",Mesquite,TX,2020-08-27,2020,865000,1,Pathward National Association,6.0,120.0,5.0,Paid in full,False,False,2026-06-30
Insurance agencies,524210,Insurance Agencies and Brokerages,"Wyshock Insurance, Inc.",Lewes,DE,2020-08-27,2020,375000,1,Live Oak Banking Company,5.74,120.0,7.0,Paid in full,False,False,2026-06-30
Insurance agencies,524210,Insurance Agencies and Brokerages,Feiser Insurance Llc,Lancaster,PA,2020-08-28,2020,597000,1,Northwest Bank,4.75,120.0,4.0,Paid in full,True,False,2026-06-30
Architecture & engineering,541380,Testing Laboratories,Mycoscience Labs Llc,Willington,CT,2020-08-28,2020,4055000,2,Live Oak Banking Company,5.3,120.0,14.0,Paid in full,False,True,2026-06-30
Architecture & engineering,541350,Building Inspection Services,Ais Management Llc,Mesa,AZ,2020-08-31,2020,2691000,2,Western Alliance Bank,4.75,240.0,4.0,Active,False,True,2026-06-30
"Accounting, tax & bookkeeping",541219,Other Accounting Services,"Bookworks, Inc.",Chesterton,IN,2020-08-31,2020,120000,1,Horizon Bank,5.75,82.0,6.0,Active,False,False,2026-06-30
IT & software services,541512,Computer Systems Design Services,Defender Technology Llc,Cave Spring,GA,2020-08-31,2020,725000,1,North State Bank,5.5,120.0,12.0,Paid in full,False,False,2026-06-30
Insurance agencies,524210,Insurance Agencies and Brokerages,Health Guys Inc,Fort Worth,TX,2020-08-31,2020,5000000,1,HomeTrust Bank,6.0,120.0,16.0,Paid in full,False,False,2026-06-30
"Accounting, tax & bookkeeping",541213,Tax Preparation Services,"Tall Oak Tax Services Of Va, Llc",Lynchburg,VA,2020-08-31,2020,1540000,1,Byline Bank,6.0,120.0,0.0,Active,False,False,2026-06-30
Architecture & engineering,541320,Landscape Architectural Services,"Csch, Llc",Tampa,FL,2020-09-01,2020,1034000,1,The Huntington National Bank,5.75,120.0,14.0,Active,False,False,2026-06-30
Insurance agencies,524210,Insurance Agencies and Brokerages,"J. Koch Insurance Agency, Inc.",Lake Forest,CA,2020-09-01,2020,720000,1,United Midwest Savings Bank National Association,6.0,91.0,1.0,Charged off,False,False,2026-06-30
Financial advisors,523930,Investment Advice,"Lifetime Asset Management, Llc",Raleigh,NC,2020-09-01,2020,510000,1,Live Oak Banking Company,5.0,120.0,14.0,Paid in full,False,False,2026-06-30
Insurance agencies,524210,Insurance Agencies and Brokerages,"3Rd Generation Insurance Agency, Inc.",Petoskey,MI,2020-09-02,2020,515000,1,Live Oak Banking Company,5.49,120.0,1.0,Active,False,False,2026-06-30
"Accounting, tax & bookkeeping",541211,Offices of Certified Public Accountants,Barbetti Mchale Limited Liability Company,Scranton,PA,2020-09-02,2020,828000,1,Fidelity Deposit and Discount Bank,5.25,120.0,8.0,Active,False,False,2026-06-30
"Accounting, tax & bookkeeping",541211,Offices of Certified Public Accountants,Finney Neill & Company Ps,Seattle,WA,2020-09-02,2020,4950000,1,Live Oak Banking Company,4.35,300.0,3.0,Active,False,False,2026-06-30
Insurance agencies,524210,Insurance Agencies and Brokerages,Jrs Capital Management Corporation,Kaysville,UT,2020-09-02,2020,2400000,1,United Midwest Savings Bank National Association,6.0,91.0,4.0,Active,False,False,2026-06-30
IT & software services,541519,Other Computer Related Services,Rp Tech Holdings Ltd,Piscataway,NJ,2020-09-02,2020,350000,1,"PNC Bank, National Association",4.82,120.0,3.0,Active,False,False,2026-06-30
Insurance agencies,524210,Insurance Agencies and Brokerages,Altitude Insurance Group Inc,Fort Collins,CO,2020-09-03,2020,388300,1,United Bank of Philadelphia,6.0,120.0,6.0,Active,False,False,2026-06-30
Architecture & engineering,541370,Surveying and Mapping (except Geophysical) Services,"Smith Surveying Group, Llc",Jacksonville,FL,2020-09-03,2020,797000,1,Central Bank,6.0,120.0,15.0,Paid in full,False,False,2026-06-30
"Accounting, tax & bookkeeping",541211,Offices of Certified Public Accountants,"Big Sky Tax & Accounting, Llc",Ronan,MT,2020-09-04,2020,149500,1,"22nd State Bank, A Division of 22nd State Banking Company",6.0,120.0,2.0,Active,False,False,2026-06-30
"Accounting, tax & bookkeeping",541211,Offices of Certified Public Accountants,"Dcbullard, Llc",Fresno,CA,2020-09-04,2020,1352800,1,BMO Bank National Association,3.91,204.0,0.0,Active,False,False,2026-06-30
Insurance agencies,524210,Insurance Agencies and Brokerages,"Newton Agency, Llc",Shreveport,LA,2020-09-04,2020,245000,1,Planters Bank and Trust Company,5.99,60.0,5.0,Paid in full,False,False,2026-06-30
Insurance agencies,524210,Insurance Agencies and Brokerages,Palmetto Moon Insurance Llc,Mount Pleasant,SC,2020-09-04,2020,265000,1,Live Oak Banking Company,5.75,120.0,0.0,Active,False,False,2026-06-30
Architecture & engineering,541330,Engineering Services,"Centex Engineering And Design, Llc",Spring,TX,2020-09-08,2020,489000,1,Customers Bank,5.5,120.0,0.0,Active,False,False,2026-06-30
Insurance agencies,524210,Insurance Agencies and Brokerages,Russell N. Hadley,Raleigh,NC,2020-09-08,2020,1000000,1,Live Oak Banking Company,5.75,120.0,5.0,Paid in full,False,False,2026-06-30
Insurance agencies,524210,Insurance Agencies and Brokerages,"Lesser Agency, Llc",Skokie,IL,2020-09-09,2020,4200000,1,Bankwell Bank,5.75,120.0,4.0,Paid in full,False,False,2026-06-30
"Accounting, tax & bookkeeping",541211,Offices of Certified Public Accountants,"P & C Group, Inc.",Los Angeles,CA,2020-09-09,2020,590000,1,Hanmi Bank,5.0,120.0,4.0,Paid in full,False,False,2026-06-30
"Accounting, tax & bookkeeping",541214,Payroll Services,Guaranteed Payroll Solutions Llc,Las Vegas,NV,2020-09-10,2020,217800,1,"Zions Bank, A Division of",5.75,120.0,4.0,Active,False,False,2026-06-30
Insurance agencies,524210,Insurance Agencies and Brokerages,Khba Investments Llc,Baton Rouge,LA,2020-09-10,2020,325000,1,Pathward National Association,6.0,120.0,4.0,Paid in full,False,False,2026-06-30
Insurance agencies,524210,Insurance Agencies and Brokerages,Lennick Agency Llc,Greenwood,AR,2020-09-10,2020,114000,1,Arvest Bank,5.75,81.0,3.0,Charged off,False,False,2026-06-30
Architecture & engineering,541330,Engineering Services,M C Squared,Olympia,WA,2020-09-10,2020,302000,1,Heritage Bank,5.5,84.0,3.0,Paid in full,False,False,2026-06-30
Advertising & marketing agencies,541613,Marketing Consulting Services,"Studio Iii Marketing, Llc",Glendale,CA,2020-09-10,2020,1936000,1,Third Coast Bank,6.0,120.0,0.0,Paid in full,False,False,2026-06-30
"Accounting, tax & bookkeeping",541211,Offices of Certified Public Accountants,The Law Offices Of Jon G Chapple,Roseville,CA,2020-09-10,2020,200000,1,Plumas Bank,5.25,120.0,3.0,Active,False,False,2026-06-30
Architecture & engineering,541320,Landscape Architectural Services,"Belknap Landscape Company, Inc",Gilford,NH,2020-09-11,2020,372000,1,Meredith Village Savings Bank,4.45,48.0,50.0,Paid in full,True,False,2026-06-30
IT & software services,541512,Computer Systems Design Services,Expedition Holdings Inc,Nicholasville,KY,2020-09-11,2020,591800,1,Old National Bank,4.75,120.0,0.0,Active,False,False,2026-06-30
Insurance agencies,524210,Insurance Agencies and Brokerages,"Kasper Real Estate, Llc",Helena,MT,2020-09-11,2020,1555000,1,Live Oak Banking Company,5.56,159.0,4.0,Active,False,False,2026-06-30
"Accounting, tax & bookkeeping",541211,Offices of Certified Public Accountants,"Kim & Associates, Llc",Albuquerque,NM,2020-09-11,2020,250000,1,Live Oak Banking Company,6.0,120.0,3.0,Paid in full,False,False,2026-06-30
"Accounting, tax & bookkeeping",541211,Offices of Certified Public Accountants,"Nelson, Nash & Co. Cpas P.S.",Fircrest,WA,2020-09-11,2020,635000,2,Live Oak Banking Company,5.1,120.0,0.0,Paid in full,False,False,2026-06-30
Insurance agencies,524210,Insurance Agencies and Brokerages,"Sand Insurance, Inc.",Bemidji,MN,2020-09-13,2020,307000,1,Magnifi Financial CU,5.5,120.0,4.0,Active,False,False,2026-06-30
Financial advisors,523930,Investment Advice,Stahl Capital Group Llc,Cherry Hill,NJ,2020-09-13,2020,4450000,1,Live Oak Banking Company,5.75,144.0,1.0,Active,False,False,2026-06-30
Insurance agencies,524210,Insurance Agencies and Brokerages,"Agape Insurance Group, Llc",Rolesville,NC,2020-09-14,2020,495000,1,Live Oak Banking Company,5.66,120.0,2.0,Paid in full,False,False,2026-06-30
"Accounting, tax & bookkeeping",541211,Offices of Certified Public Accountants,"Clark D. Dillard, Cpa, Pllc",Wynne,AR,2020-09-14,2020,350000,1,Cross Bank,5.25,120.0,1.0,Active,False,False,2026-06-30
"Accounting, tax & bookkeeping",541211,Offices of Certified Public Accountants,"Eba Consulting, Llc",Liberty Township,OH,2020-09-14,2020,138500,1,First Commonwealth Bank,4.75,72.0,2.0,Active,True,False,2026-06-30
"Accounting, tax & bookkeeping",541211,Offices of Certified Public Accountants,Keith Ryan Chapman,Whitefish,MT,2020-09-14,2020,325000,1,Live Oak Banking Company,5.75,120.0,3.0,Active,False,False,2026-06-30
"Accounting, tax & bookkeeping",541211,Offices of Certified Public Accountants,"Michael Gillespie & Associates, Pllc",Vancouver,WA,2020-09-14,2020,643800,1,BMO Bank National Association,5.5,120.0,0.0,Paid in full,False,False,2026-06-30
Insurance agencies,524210,Insurance Agencies and Brokerages,Ornelas Enterprises Llc,Albuquerque,NM,2020-09-14,2020,1000000,1,United Midwest Savings Bank National Association,6.0,120.0,12.0,Active,False,False,2026-06-30
"Accounting, tax & bookkeeping",541211,Offices of Certified Public Accountants,"Porter, Romine, And Heck Llp",Palm Springs,CA,2020-09-14,2020,1550000,1,Live Oak Banking Company,4.85,120.0,11.0,Active,False,False,2026-06-30
Insurance agencies,524210,Insurance Agencies and Brokerages,"Steven C. Gardner Agency Of Houston, Llc",The Woodlands,TX,2020-09-14,2020,1265000,1,Bankwell Bank,5.75,120.0,3.0,Paid in full,False,False,2026-06-30
Insurance agencies,524210,Insurance Agencies and Brokerages,The Hester Agency Llc,Cape Girardeau,MO,2020-09-14,2020,322000,1,Touchmark National Bank,6.0,120.0,1.0,Active,False,False,2026-06-30
Insurance agencies,524210,Insurance Agencies and Brokerages,"4C'S Enterprises, Llc",Luverne,AL,2020-09-15,2020,955000,1,Live Oak Banking Company,5.49,150.0,7.0,Paid in full,False,False,2026-06-30
Insurance agencies,524210,Insurance Agencies and Brokerages,"Commission2Cash, Llc",Aliso Viejo,CA,2020-09-15,2020,697000,1,United Midwest Savings Bank National Association,6.0,120.0,4.0,Paid in full,False,False,2026-06-30
IT & software services,541519,Other Computer Related Services,"Helium Seo, Llc",Cincinnati,OH,2020-09-15,2020,2396000,1,CFBank National Association,5.5,120.0,5.0,Paid in full,False,False,2026-06-30
Financial advisors,523930,Investment Advice,Rush Creek Advisors,Byron Center,MI,2020-09-15,2020,390000,1,Live Oak Banking Company,4.75,120.0,2.0,Active,False,False,2026-06-30
Advertising & marketing agencies,541890,Other Services Related to Advertising,"Standout Graphics, Inc.",Indianapolis,IN,2020-09-15,2020,1116600,1,Wells Fargo Bank National Association,4.95,300.0,1.0,Active,False,False,2026-06-30
Insurance agencies,524210,Insurance Agencies and Brokerages,"Tn Cis Ii, L.C.",Grand Rapids,MI,2020-09-15,2020,1277000,1,Live Oak Banking Company,4.7,120.0,6.0,Paid in full,False,False,2026-06-30
Insurance agencies,524210,Insurance Agencies and Brokerages,"Tn Kjklingenberg, L.C.",Grand Rapids,MI,2020-09-15,2020,395000,1,Live Oak Banking Company,4.7,120.0,6.0,Paid in full,False,False,2026-06-30
Insurance agencies,524210,Insurance Agencies and Brokerages,"Tn Michigan, L.C.",Grand Rapids,MI,2020-09-15,2020,2575000,1,Live Oak Banking Company,4.7,120.0,6.0,Paid in full,False,False,2026-06-30
Insurance agencies,524210,Insurance Agencies and Brokerages,"Beggs Insurance Agency, Llc",Ransomville,NY,2020-09-16,2020,1035000,1,Pathward National Association,6.0,120.0,0.0,Paid in full,False,False,2026-06-30
"Accounting, tax & bookkeeping",541219,Other Accounting Services,Benchmark Cpa Group Llc,Angola,IN,2020-09-16,2020,1000000,1,Live Oak Banking Company,5.25,120.0,0.0,Active,False,False,2026-06-30
Advertising & marketing agencies,541890,Other Services Related to Advertising,Biziq,Phoenix,AZ,2020-09-16,2020,5000000,1,Live Oak Banking Company,4.5,120.0,110.0,Active,False,False,2026-06-30
Architecture & engineering,541330,Engineering Services,Ca Engineering,Walnut Creek,CA,2020-09-16,2020,650000,1,Plumas Bank,4.75,120.0,6.0,Paid in full,False,False,2026-06-30
"Accounting, tax & bookkeeping",541211,Offices of Certified Public Accountants,"Dk4 Financial Group, P.C.",Rockford,IL,2020-09-16,2020,304300,1,BMO Bank National Association,5.75,120.0,0.0,Paid in full,False,False,2026-06-30
Financial advisors,523930,Investment Advice,Personal Wealth Strategies Llc,Hamilton,NJ,2020-09-16,2020,1550000,1,First State Bank Nebraska,5.25,120.0,0.0,Active,False,False,2026-06-30
Insurance agencies,524210,Insurance Agencies and Brokerages,Southwest Insurance Center,Austin,TX,2020-09-16,2020,1050000,1,Live Oak Banking Company,5.49,120.0,3.0,Active,False,False,2026-06-30
"Accounting, tax & bookkeeping",541213,Tax Preparation Services,"Tall Oak Tax Services, Llc",Raleigh,NC,2020-09-16,2020,1140000,1,Byline Bank,6.0,120.0,0.0,Active,False,False,2026-06-30
"Accounting, tax & bookkeeping",541211,Offices of Certified Public Accountants,"Unger, Walters & Stauss, S.C.",Marinette,WI,2020-09-16,2020,124300,1,The Stephenson National Bank and Trust,4.5,35.0,10.0,Paid in full,False,False,2026-06-30
Insurance agencies,524210,Insurance Agencies and Brokerages,"C L H Enterprises, Inc.",Oneonta,AL,2020-09-17,2020,521000,1,United Midwest Savings Bank National Association,6.0,120.0,6.0,Paid in full,False,False,2026-06-30
Architecture & engineering,541310,Architectural Services,Evolve Architects Llc,Austin,TX,2020-09-17,2020,4621400,1,PlainsCapital Bank,4.75,120.0,22.0,Active,False,False,2026-06-30
Architecture & engineering,541320,Landscape Architectural Services,Sestak Development Company,Naples,FL,2020-09-17,2020,232000,1,The Huntington National Bank,5.75,120.0,0.0,Active,False,False,2026-06-30
Insurance agencies,524210,Insurance Agencies and Brokerages,"Caliber Select Insurance, Llc",Orem,UT,2020-09-18,2020,742500,1,BMO Bank National Association,5.75,120.0,11.0,Active,False,False,2026-06-30
Law firms,541110,Offices of Lawyers,Daniel Farmer,Harlan,KY,2020-09-18,2020,257000,1,German American Bank,5.0,156.0,3.0,Active,False,False,2026-06-30
Advertising & marketing agencies,541430,Graphic Design Services,Legacy Land & Investments Llc,Siloam Springs,AR,2020-09-18,2020,264600,1,The Huntington National Bank,5.25,180.0,6.0,Paid in full,False,False,2026-06-30
Financial advisors,523930,Investment Advice,Professional Financial Advisors Inc.,Wayne,PA,2020-09-18,2020,1290000,1,Live Oak Banking Company,5.75,120.0,10.0,Active,False,False,2026-06-30
IT & software services,541519,Other Computer Related Services,"Syscom Technologies, Inc.",Traverse City,MI,2020-09-18,2020,682000,1,The Huntington National Bank,5.25,60.0,5.0,Paid in full,False,False,2026-06-30
Financial advisors,523930,Investment Advice,Professional Financial Advisors Inc.,Wayne,PA,2020-09-19,2020,100000,1,Live Oak Banking Company,5.25,120.0,10.0,Active,True,True,2026-06-30
Insurance agencies,524210,Insurance Agencies and Brokerages,Hall Insurance Professionals Llc,Nixa,MO,2020-09-20,2020,239000,1,Touchmark National Bank,5.75,120.0,5.0,Active,False,False,2026-06-30
Architecture & engineering,541320,Landscape Architectural Services,"Watters & Associates Landscape, Inc.",Rome,GA,2020-09-20,2020,2550000,1,LGE Community CU,5.0,156.0,75.0,Paid in full,False,False,2026-06-30
"Accounting, tax & bookkeeping",541211,Offices of Certified Public Accountants,"Joseph Lessard, Cpa, Pllc",Green Valley,AZ,2020-09-21,2020,487200,1,FFB Bank,5.75,120.0,10.0,Active,False,False,2026-06-30
Insurance agencies,524210,Insurance Agencies and Brokerages,"Borgos, Hanlon, Henry & Garcia, Inc.",Kearny,NJ,2020-09-22,2020,328000,1,Live Oak Banking Company,6.25,120.0,7.0,Active,False,False,2026-06-30
Financial advisors,523930,Investment Advice,Gulf2Bay Enterprises Inc,Treasure Island,FL,2020-09-22,2020,2100000,1,Byline Bank,5.5,120.0,6.0,Paid in full,False,False,2026-06-30
Insurance agencies,524210,Insurance Agencies and Brokerages,Last Frontier Insurance Llc,Anchorage,AK,2020-09-23,2020,1273600,1,Renasant Bank,5.25,72.0,6.0,Active,False,False,2026-06-30
Insurance agencies,524210,Insurance Agencies and Brokerages,"Truyman Haase Zahn Insurance Group, Inc.",Seymour,WI,2020-09-23,2020,1000000,1,Nicolet National Bank,4.5,120.0,0.0,Paid in full,False,False,2026-06-30
Law firms,541110,Offices of Lawyers,"Washington Personal Injury Lawyer, Ps",Kirkland,WA,2020-09-23,2020,935000,1,Heritage Bank,5.0,120.0,1.0,Paid in full,False,False,2026-06-30
Financial advisors,523930,Investment Advice,Bergkamp Financial Inc.,Wichita,KS,2020-09-24,2020,1200000,1,Pathward National Association,6.0,120.0,7.0,Paid in full,False,False,2026-06-30
Management consulting,541612,Human Resources Consulting Services,"Highroad Partners, Llc",Moorhead,MN,2020-09-24,2020,200000,1,Aspire Bank,4.25,60.0,9.0,Paid in full,True,False,2026-06-30
Insurance agencies,524210,Insurance Agencies and Brokerages,Wiregrass Insurance Llc,Dothan,AL,2020-09-24,2020,1245000,1,Live Oak Banking Company,4.99,148.0,8.0,Paid in full,False,False,2026-06-30
Insurance agencies,524210,Insurance Agencies and Brokerages,Delehanty Funeral Home Inc.,Wappingers Falls,NY,2020-09-25,2020,510000,1,Live Oak Banking Company,5.5,300.0,3.0,Active,False,False,2026-06-30
Insurance agencies,524210,Insurance Agencies and Brokerages,Husted Insurance Services Llc,Kennewick,WA,2020-09-25,2020,500000,1,Live Oak Banking Company,5.45,120.0,4.0,Paid in full,False,False,2026-06-30
Architecture & engineering,541330,Engineering Services,Bsn Santa Fe Enterprises Inc,Santa Fe,NM,2020-09-28,2020,1866200,1,The Bancorp Bank National Association,5.5,120.0,15.0,Paid in full,False,False,2026-06-30
IT & software services,541519,Other Computer Related Services,Accelerando Inc.,Greensboro,NC,2020-09-30,2020,663000,1,"22nd State Bank, A Division of 22nd State Banking Company",6.0,120.0,3.0,Active,False,False,2026-06-30
Management consulting,541690,Other Scientific and Technical Consulting Services,"Banner Sales And Consulting, Inc.",Waterford,MI,2020-09-30,2020,750000,1,Huron Valley State Bank,6.0,120.0,4.0,Active,False,False,2026-06-30
Insurance agencies,524210,Insurance Agencies and Brokerages,"Byron Black Agency, Llc",Olive Branch,MS,2020-09-30,2020,277000,1,Mechanics and Farmers Bank,5.25,120.0,5.0,Active,False,False,2026-06-30
Management consulting,541690,Other Scientific and Technical Consulting Services,"Banner Sales And Consulting, Inc.",Waterford,MI,2020-10-01,2021,200000,1,Huron Valley State Bank,5.25,120.0,4.0,Active,True,True,2026-06-30
Insurance agencies,524210,Insurance Agencies and Brokerages,Parks Johnson Agency Llc,Woodstock,GA,2020-10-02,2021,1032000,1,Mechanics and Farmers Bank,5.25,120.0,5.0,Active,False,False,2026-06-30
IT & software services,541519,Other Computer Related Services,The New England Computer Group,Ridgefield,CT,2020-10-02,2021,2725000,2,Live Oak Banking Company,6.0,121.0,11.0,Active,False,True,2026-06-30
Insurance agencies,524210,Insurance Agencies and Brokerages,"Asc Enterprises, Llc",Oklahoma City,OK,2020-10-05,2021,1025000,1,Mechanics and Farmers Bank,5.25,120.0,4.0,Paid in full,False,False,2026-06-30
Insurance agencies,524210,Insurance Agencies and Brokerages,"Billiet Agency, Llc",Delray Beach,FL,2020-10-05,2021,1543000,1,Bankwell Bank,5.5,120.0,5.0,Paid in full,False,False,2026-06-30
Insurance agencies,524210,Insurance Agencies and Brokerages,"Kerry Graves Agency, Llc",Edmond,OK,2020-10-05,2021,1950100,1,Renasant Bank,5.25,120.0,7.0,Active,False,False,2026-06-30
Advertising & marketing agencies,541810,Advertising Agencies,Epic Business Holdings Llc,Springfield,MO,2020-10-07,2021,1796400,1,OakStar Bank,6.0,69.0,3.0,Active,False,False,2026-06-30
IT & software services,541511,Custom Computer Programming Services,Grand Apps Development,Grand Rapids,MI,2020-10-08,2021,332000,1,"CenTrust Bank, A Division of SmartBiz Bank National Association",6.0,120.0,6.0,Paid in full,False,False,2026-06-30
Management consulting,541611,Administrative Management and General Management Consulting Services,"Aspen Sales And Management Systems, Inc.",Saint Louis,MO,2020-10-09,2021,225000,1,American Bank of Freedom,6.0,120.0,1.0,Paid in full,False,False,2026-06-30
Insurance agencies,524210,Insurance Agencies and Brokerages,Sam Newton Insurance Agency,Lexington,AL,2020-10-09,2021,690000,1,Live Oak Banking Company,5.25,120.0,11.0,Active,False,False,2026-06-30
Insurance agencies,524210,Insurance Agencies and Brokerages,Wild Wonderful Insurance Group,Charleston,WV,2020-10-09,2021,157500,1,Paragon Bank,6.0,83.0,8.0,Charged off,False,False,2026-06-30
Insurance agencies,524210,Insurance Agencies and Brokerages,"H2M Agency, Llc",Winder,GA,2020-10-13,2021,1507900,1,Bankwell Bank,5.5,120.0,5.0,Paid in full,False,False,2026-06-30
Management consulting,541614,"Process, Physical Distribution, and Logistics Consulting Services",Jv Currie Associates Inc.,Queensbury,NY,2020-10-13,2021,1054600,1,Wells Fargo Bank National Association,4.85,120.0,9.0,Active,False,False,2026-06-30
Insurance agencies,524210,Insurance Agencies and Brokerages,North Texas Insurance Agency Inc.,Denton,TX,2020-10-13,2021,525000,1,Live Oak Banking Company,5.74,120.0,2.0,Paid in full,False,False,2026-06-30
Insurance agencies,524210,Insurance Agencies and Brokerages,"Reed Agency Group, Llc",Austin,TX,2020-10-13,2021,1112500,1,Bankwell Bank,5.75,120.0,3.0,Paid in full,False,False,2026-06-30
"Accounting, tax & bookkeeping",541211,Offices of Certified Public Accountants,"Davila Advisory, Llc",St. Louis,MO,2020-10-15,2021,304000,1,"Fund-Ex Solutions Group, LLC",6.0,120.0,0.0,Paid in full,False,False,2026-06-30
Insurance agencies,524210,Insurance Agencies and Brokerages,Michael J. Corrales,Norman,OK,2020-10-15,2021,243600,1,Legacy Bank,6.0,120.0,6.0,Paid in full,False,False,2026-06-30
"Accounting, tax & bookkeeping",541211,Offices of Certified Public Accountants,"Silver Accounting Group, Llc",Humble,TX,2020-10-15,2021,480000,1,Live Oak Banking Company,5.0,120.0,0.0,Paid in full,False,False,2026-06-30
Insurance agencies,524210,Insurance Agencies and Brokerages,Allcare Insurance Services,Stanley,NC,2020-10-16,2021,240000,1,Live Oak Banking Company,6.0,120.0,0.0,Active,False,False,2026-06-30
Management consulting,541611,Administrative Management and General Management Consulting Services,Insight Planning & Development Llc,Wilmington,NC,2020-10-16,2021,840000,1,First National Bank of Pennsylvania,6.5,120.0,28.0,Active,False,False,2026-06-30
Architecture & engineering,541330,Engineering Services,Peggy Malone & Associates Inc,Jacksonville,FL,2020-10-16,2021,1400000,1,Hancock Whitney Bank,3.9,120.0,16.0,Active,False,False,2026-06-30
Advertising & marketing agencies,541613,Marketing Consulting Services,Rentlingo Inc,Kaysville,UT,2020-10-19,2021,315000,1,The Bancorp Bank National Association,6.0,120.0,3.0,Paid in full,False,False,2026-06-30
Insurance agencies,524210,Insurance Agencies and Brokerages,Bill Webb Agencies Incorporated,Muscle Shoals,AL,2020-10-22,2021,305000,1,United Midwest Savings Bank National Association,6.0,120.0,7.0,Paid in full,False,False,2026-06-30
Insurance agencies,524210,Insurance Agencies and Brokerages,"Finroe Financial, Llc",Overland Park,KS,2020-10-22,2021,530000,1,NBKC Bank,4.75,120.0,5.0,Paid in full,False,False,2026-06-30
"Accounting, tax & bookkeeping",541211,Offices of Certified Public Accountants,"Todd A. Bloom, Pllc",Port Orchard,WA,2020-10-22,2021,272000,2,KeyBank National Association,5.5,120.0,3.0,Active,True,True,2026-06-30
Insurance agencies,524210,Insurance Agencies and Brokerages,Ricardo Hamilton Agency Group Llc,Shoreline,WA,2020-10-23,2021,267000,1,United Bank of Philadelphia,6.0,120.0,2.0,Active,False,False,2026-06-30
Law firms,541110,Offices of Lawyers,The Law Office Of Royce Rounsaville Pllc,Clearwater,FL,2020-10-23,2021,250000,1,The Huntington National Bank,5.75,63.0,6.0,Active,False,False,2026-06-30
Management consulting,541611,Administrative Management and General Management Consulting Services,Insight Planning & Development Llc,Wilmington,NC,2020-10-26,2021,150000,1,First National Bank of Pennsylvania,6.0,120.0,28.0,Active,True,True,2026-06-30
Financial advisors,523930,Investment Advice,Patrick Michael Bookey Jr,Anchorage,AK,2020-10-26,2021,175000,1,Byline Bank,6.0,120.0,0.0,Active,False,False,2026-06-30
Management consulting,541611,Administrative Management and General Management Consulting Services,"G & L Wolfe, Inc.",Sarver,PA,2020-10-27,2021,50000,1,First National Bank of Pennsylvania,5.75,120.0,5.0,Paid in full,True,True,2026-06-30
Architecture & engineering,541380,Testing Laboratories,Cms Testing Llc,San Antonio,TX,2020-10-28,2021,162000,1,Frost Bank,5.25,120.0,2.0,Active,False,False,2026-06-30
"Accounting, tax & bookkeeping",541211,Offices of Certified Public Accountants,Eli Smith Cpa Llc,Bucyrus,OH,2020-10-28,2021,254200,1,The Huntington National Bank,6.0,120.0,2.0,Paid in full,False,False,2026-06-30
Advertising & marketing agencies,541810,Advertising Agencies,"Umbrellas On The Beach, Inc.",Evanston,IL,2020-10-28,2021,4525000,2,Live Oak Banking Company,6.0,120.0,11.0,Active,False,True,2026-06-30
"Accounting, tax & bookkeeping",541211,Offices of Certified Public Accountants,"Bonnie & Herrera, Cpa'S",Anaheim,CA,2020-10-29,2021,1400000,2,Live Oak Banking Company,5.0,120.0,6.0,Active,False,True,2026-06-30
Architecture & engineering,541310,Architectural Services,Ice3D,Greenwood Village,CO,2020-10-30,2021,2838000,1,Midwest Regional Bank,6.0,120.0,9.0,Active,False,False,2026-06-30
Insurance agencies,524210,Insurance Agencies and Brokerages,Roberts & Roberts Allstate Llc,Stillwater,OK,2020-11-03,2021,269200,1,SpiritBank,5.0,82.0,6.0,Active,False,False,2026-06-30
Insurance agencies,524210,Insurance Agencies and Brokerages,Insurance Wagon,Jacksonville,FL,2020-11-04,2021,445000,1,Live Oak Banking Company,5.49,121.0,3.0,Paid in full,False,False,2026-06-30
"Accounting, tax & bookkeeping",541213,Tax Preparation Services,"Oganyan & Associates, Inc.",Northridge,CA,2020-11-04,2021,460000,1,Live Oak Banking Company,5.35,120.0,3.0,Paid in full,False,False,2026-06-30
"Accounting, tax & bookkeeping",541211,Offices of Certified Public Accountants,"Pogosian, Nazaryan & Company",Glendale,CA,2020-11-04,2021,810000,1,Live Oak Banking Company,5.1,120.0,0.0,Paid in full,False,False,2026-06-30
Insurance agencies,524210,Insurance Agencies and Brokerages,Hart Family Insurance Agency Llc,Fort Worth,TX,2020-11-05,2021,186000,1,First Community Bank,6.0,120.0,5.0,Paid in full,False,False,2026-06-30
Insurance agencies,524210,Insurance Agencies and Brokerages,Lisa F. Newland,Horseheads,NY,2020-11-05,2021,701400,1,Renasant Bank,5.25,120.0,4.0,Active,False,False,2026-06-30
Insurance agencies,524210,Insurance Agencies and Brokerages,Usa Benefits Group,Spring Hill,FL,2020-11-06,2021,2800000,1,Live Oak Banking Company,5.69,120.0,1.0,Paid in full,False,False,2026-06-30
"Accounting, tax & bookkeeping",541211,Offices of Certified Public Accountants,Numerica Accounting,Duluth,GA,2020-11-09,2021,675000,1,Live Oak Banking Company,5.5,120.0,1.0,Active,False,False,2026-06-30
Architecture & engineering,541320,Landscape Architectural Services,"Albo Landscape Development, Inc",Encinitas,CA,2020-11-12,2021,629500,1,Celtic Bank Corporation,6.0,120.0,56.0,Paid in full,False,False,2026-06-30
Architecture & engineering,541310,Architectural Services,Coastal Drafting Llc,Sarasota,FL,2020-11-12,2021,355800,1,The Huntington National Bank,5.75,120.0,6.0,Active,False,False,2026-06-30
Architecture & engineering,541330,Engineering Services,"Connelly & Associates, Inc.",Frederick,MD,2020-11-13,2021,1323000,1,Truist Bank,5.0,120.0,51.0,Active,False,False,2026-06-30
Insurance agencies,524210,Insurance Agencies and Brokerages,"Mark Crop Gen 3, Inc.",Le Mars,IA,2020-11-13,2021,1611500,1,Northwest Bank,3.92,120.0,4.0,Paid in full,False,False,2026-06-30
Advertising & marketing agencies,541890,Other Services Related to Advertising,Hering Signs Inc.,Libertyville,IL,2020-11-16,2021,861300,1,Happen Bank,5.5,120.0,3.0,Active,False,False,2026-06-30
Architecture & engineering,541310,Architectural Services,Michael Lynn Group Llc,Lenexa,KS,2020-11-17,2021,1500000,1,"Community Banks of Colorado, A Division of NBH Bank",5.25,69.0,12.0,Active,False,False,2026-06-30
Insurance agencies,524210,Insurance Agencies and Brokerages,East Lakeview Agency Llc,Chicago,IL,2020-11-18,2021,1024000,1,Renasant Bank,5.25,96.0,3.0,Active,False,False,2026-06-30
"Accounting, tax & bookkeeping",541211,Offices of Certified Public Accountants,Kaspar & White Cpa Pc,Tucker,GA,2020-11-19,2021,610000,1,The Bancorp Bank National Association,5.75,120.0,9.0,Paid in full,False,False,2026-06-30
Advertising & marketing agencies,541810,Advertising Agencies,"Mastermind Advisor Marketing, Inc.",Bloomington,MN,2020-11-19,2021,1369000,1,"22nd State Bank, A Division of 22nd State Banking Company",6.0,120.0,6.0,Active,False,False,2026-06-30
Insurance agencies,524210,Insurance Agencies and Brokerages,Allied Partners Insurance Inc,Farmville,VA,2020-11-20,2021,603000,1,United Midwest Savings Bank National Association,6.0,120.0,10.0,Paid in full,False,False,2026-06-30
"Accounting, tax & bookkeeping",541219,Other Accounting Services,Illuminate Holdings Llc,Sandy,UT,2020-11-20,2021,925400,1,CIBC Bank USA,5.75,120.0,15.0,Paid in full,False,False,2026-06-30
Advertising & marketing agencies,541810,Advertising Agencies,"Newhall Klein, Inc.",Kalamazoo,MI,2020-11-20,2021,520000,1,First National Bank of Michigan,5.25,120.0,0.0,Active,False,False,2026-06-30
"Accounting, tax & bookkeeping",541219,Other Accounting Services,"Wealthcare, Inc",Melrose,MN,2020-11-20,2021,349000,1,Magnifi Financial CU,4.75,120.0,4.0,Paid in full,False,False,2026-06-30
"Accounting, tax & bookkeeping",541213,Tax Preparation Services,Russ & Associates Accounting Services Llc,Newark,OH,2020-11-22,2021,108000,1,The Huntington National Bank,6.0,120.0,3.0,Paid in full,False,False,2026-06-30
"Accounting, tax & bookkeeping",541211,Offices of Certified Public Accountants,Shanafelt Associates Llc,Portland,OR,2020-11-22,2021,355200,1,Wells Fargo Bank National Association,4.6,82.0,5.0,Charged off,False,False,2026-06-30
"Accounting, tax & bookkeeping",541211,Offices of Certified Public Accountants,Cornerstone Accounting Services Llc,Knoxville,TN,2020-11-23,2021,610500,1,"U.S. Bank, National Association",4.99,120.0,4.0,Active,False,False,2026-06-30
"Accounting, tax & bookkeeping",541213,Tax Preparation Services,"Harding Bell International, Inc",Auburndale,FL,2020-11-23,2021,2730700,1,Cogent Bank,5.75,120.0,38.0,Active,False,False,2026-06-30
Insurance agencies,524210,Insurance Agencies and Brokerages,Nicholas J. Fusaro,Westerly,RI,2020-11-23,2021,1000000,1,Jewett City Savings Bank,3.55,120.0,1.0,Active,True,False,2026-06-30
Insurance agencies,524210,Insurance Agencies and Brokerages,The Mangano Collective Llc,Lafayette,IN,2020-11-27,2021,292500,2,Centier Bank,5.75,120.0,7.0,Active,False,True,2026-06-30
Insurance agencies,524210,Insurance Agencies and Brokerages,"Ajct Services, Llc",Milford,CT,2020-12-01,2021,803000,1,Dime Commercial Bank,5.25,120.0,2.0,Paid in full,False,False,2026-06-30
Insurance agencies,524210,Insurance Agencies and Brokerages,Ocean Elm Inc,Santa Monica,CA,2020-12-01,2021,1900000,1,United Midwest Savings Bank National Association,6.0,120.0,6.0,Paid in full,False,False,2026-06-30
"Accounting, tax & bookkeeping",541213,Tax Preparation Services,Brinkman Accounting Llc,Orlando,FL,2020-12-02,2021,514800,1,Lake Michigan CU,6.0,120.0,4.0,Paid in full,False,False,2026-06-30
"Accounting, tax & bookkeeping",541211,Offices of Certified Public Accountants,A.B. Clemence & Co.,Iowa City,IA,2020-12-04,2021,182000,1,"Fund-Ex Solutions Group, LLC",6.0,120.0,3.0,Paid in full,False,False,2026-06-30
Law firms,541110,Offices of Lawyers,Grisillo Law P.C.,Doylestown,PA,2020-12-04,2021,2060000,1,Beacon Bank and Trust,5.75,120.0,2.0,Paid in full,False,False,2026-06-30
IT & software services,541519,Other Computer Related Services,Protech Office Llc,Bloomingdale,NJ,2020-12-04,2021,494000,1,FinWise Bank,6.0,120.0,5.0,Active,False,False,2026-06-30
Advertising & marketing agencies,541430,Graphic Design Services,Signature Graphics Llc,Scottsdale,AZ,2020-12-04,2021,340000,1,"Newtek Small Business Finance, Inc.",6.0,120.0,1.0,Active,False,False,2026-06-30
Insurance agencies,524210,Insurance Agencies and Brokerages,"Goss Insurance Agency, Inc.",Hixson,TN,2020-12-07,2021,2823000,1,Regions Bank,4.25,180.0,19.0,Active,False,False,2026-06-30
Insurance agencies,524210,Insurance Agencies and Brokerages,"Skyline Insurance Group, Inc.",Everett,WA,2020-12-07,2021,561200,1,Renasant Bank,6.0,120.0,6.0,Paid in full,False,False,2026-06-30
Architecture & engineering,541330,Engineering Services,"Slm Development Group, Inc.",Sioux Falls,SD,2020-12-08,2021,2570000,1,Byline Bank,5.75,120.0,4.0,Paid in full,False,False,2026-06-30
"Accounting, tax & bookkeeping",541211,Offices of Certified Public Accountants,"Austin G. Williams, Cpa, Pllc",Wantagh,NY,2020-12-09,2021,100000,1,"TD Bank, National Association",5.17,48.0,0.0,Paid in full,True,False,2026-06-30
Insurance agencies,524210,Insurance Agencies and Brokerages,"Franklin Summer Insurance, Inc",Newberry,SC,2020-12-09,2021,282500,1,Live Oak Banking Company,5.99,120.0,1.0,Active,False,False,2026-06-30
"Accounting, tax & bookkeeping",541213,Tax Preparation Services,Mcaffrey Inc,Noel,MO,2020-12-09,2021,894000,1,Midwest Regional Bank,6.0,120.0,35.0,Active,False,False,2026-06-30
IT & software services,541511,Custom Computer Programming Services,Remote Technical Solutions Incorporated,Palm Coast,FL,2020-12-09,2021,922800,1,First Bank,6.0,120.0,3.0,Active,False,False,2026-06-30
Advertising & marketing agencies,541810,Advertising Agencies,"Envisionaire, Inc.",Blue Ash,OH,2020-12-10,2021,1819700,1,The Huntington National Bank,5.5,120.0,20.0,Paid in full,False,False,2026-06-30
Insurance agencies,524210,Insurance Agencies and Brokerages,"Insurance Of The San Juans, Llc",Highlands Ranch,CO,2020-12-10,2021,209000,1,Banc of California,5.5,120.0,0.0,Paid in full,False,False,2026-06-30
Insurance agencies,524210,Insurance Agencies and Brokerages,"Mk Agency Group, Llc",Dallas,TX,2020-12-10,2021,1442000,1,Bankwell Bank,5.75,120.0,6.0,Paid in full,False,False,2026-06-30
IT & software services,541511,Custom Computer Programming Services,"Mlink Technologies, Inc.",Lewisville,TX,2020-12-13,2021,2075000,2,Live Oak Banking Company,5.75,120.0,3.0,Active,False,True,2026-06-30
Insurance agencies,524210,Insurance Agencies and Brokerages,Main Rhode Insurance Agency Inc,Tiverton,RI,2020-12-14,2021,1340000,1,United Midwest Savings Bank National Association,6.0,120.0,0.0,Paid in full,False,False,2026-06-30
"Accounting, tax & bookkeeping",541211,Offices of Certified Public Accountants,Snyder & Company Pa,Wilmington,DE,2020-12-14,2021,700000,1,Live Oak Banking Company,5.25,120.0,5.0,Active,False,False,2026-06-30
Insurance agencies,524210,Insurance Agencies and Brokerages,"The Badeaux Agency, Llc",Metairie,LA,2020-12-14,2021,773000,1,United Midwest Savings Bank National Association,6.0,74.0,4.0,Active,False,False,2026-06-30
"Accounting, tax & bookkeeping",541213,Tax Preparation Services,"B. Speer Cpa, Llc",Frederick,MD,2020-12-15,2021,495000,1,Live Oak Banking Company,5.5,120.0,3.0,Active,False,False,2026-06-30
"Accounting, tax & bookkeeping",541219,Other Accounting Services,Business And Wealth Consultants Inc,Dearborn,MI,2020-12-15,2021,3650000,1,Live Oak Banking Company,5.5,120.0,2.0,Active,False,False,2026-06-30
"Accounting, tax & bookkeeping",541211,Offices of Certified Public Accountants,"Pasari Cpa, Pc",Irvine,CA,2020-12-15,2021,1750000,1,Live Oak Banking Company,5.25,120.0,0.0,Active,False,False,2026-06-30
"Accounting, tax & bookkeeping",541211,Offices of Certified Public Accountants,Dpf Accounting Inc,Bellevue,WA,2020-12-16,2021,345400,1,Citizens Bank,6.0,120.0,6.0,Paid in full,False,False,2026-06-30
Law firms,541110,Offices of Lawyers,"Greenman, Goldberg, Raby & Martinez Professional Corporation",Las Vegas,NV,2020-12-16,2021,2580000,1,FinWise Bank,6.0,120.0,60.0,Paid in full,False,False,2026-06-30
Insurance agencies,524210,Insurance Agencies and Brokerages,"Integrity Employee Benefits, Llc",Lake Elmo,MN,2020-12-16,2021,2457100,1,Old National Bank,5.5,120.0,1.0,Active,False,False,2026-06-30
Financial advisors,523930,Investment Advice,"Kelsey Financial, Llc",Moorpark,CA,2020-12-16,2021,475000,1,Live Oak Banking Company,5.6,120.0,5.0,Active,False,False,2026-06-30
Management consulting,541618,Other Management Consulting Services,"Performance Matters Consulting, Llc",Columbia,SC,2020-12-16,2021,5000000,2,Live Oak Banking Company,5.75,120.0,11.0,Paid in full,False,True,2026-06-30
"Accounting, tax & bookkeeping",541211,Offices of Certified Public Accountants,"Shimagle, Llc",Kent,WA,2020-12-16,2021,633000,2,Heritage Bank,5.0,120.0,2.0,Active,False,True,2026-06-30
Insurance agencies,524210,Insurance Agencies and Brokerages,"Williams Co. Insurance Brokers, Inc.",Fullerton,CA,2020-12-16,2021,840000,1,Live Oak Banking Company,5.0,120.0,0.0,Active,False,False,2026-06-30
Insurance agencies,524210,Insurance Agencies and Brokerages,"Econo-Wise Insurancy Agency, Inc.",Oklahoma City,OK,2020-12-17,2021,1850000,1,United Midwest Savings Bank National Association,6.0,120.0,6.0,Active,False,False,2026-06-30
"Accounting, tax & bookkeeping",541211,Offices of Certified Public Accountants,Gulla Cpa Pllc,Sterling Heights,MI,2020-12-17,2021,500000,1,Diversified Members Credit Union,5.75,120.0,12.0,Active,False,False,2026-06-30
Architecture & engineering,541330,Engineering Services,"Cpm Partners, Inc.",Encinitas,CA,2020-12-18,2021,3735000,2,Live Oak Banking Company,5.5,144.0,2.0,Active,False,True,2026-06-30
Architecture & engineering,541330,Engineering Services,"Jt Engineering, Inc.",Hobart,WI,2020-12-18,2021,3602000,1,"UMB Bank, National Association",5.0,120.0,81.0,Active,False,False,2026-06-30
Financial advisors,523930,Investment Advice,"Keoni Hudson-Rasmussen, Pc",Lake Oswego,OR,2020-12-18,2021,610000,1,Live Oak Banking Company,5.1,120.0,0.0,Paid in full,False,False,2026-06-30
Insurance agencies,524210,Insurance Agencies and Brokerages,Ronie A Foronda,Honolulu,HI,2020-12-18,2021,225400,1,Central Pacific Bank,5.5,60.0,0.0,Paid in full,True,False,2026-06-30
Insurance agencies,524210,Insurance Agencies and Brokerages,Schoonover Insurance Group,Danville,VA,2020-12-18,2021,210000,1,Live Oak Banking Company,5.99,120.0,2.0,Paid in full,False,False,2026-06-30
"Accounting, tax & bookkeeping",541211,Offices of Certified Public Accountants,"E.G. Sanchez & Associates, Cpas, Apc-North County",Murrieta,CA,2020-12-21,2021,689000,1,BMO Bank National Association,4.75,120.0,11.0,Active,False,False,2026-06-30
Advertising & marketing agencies,541890,Other Services Related to Advertising,Fully Promoted South Tampa,Tampa,FL,2020-12-21,2021,391000,1,Gulf Coast Bank and Trust Company,6.0,120.0,2.0,Active,False,False,2026-06-30
Architecture & engineering,541330,Engineering Services,Ces Consulting Llc,Seattle,WA,2020-12-23,2021,1325000,1,Mechanics Bank,6.0,120.0,8.0,Paid in full,False,False,2026-06-30
"Accounting, tax & bookkeeping",541213,Tax Preparation Services,Fleming Advisors Llc,Kansas City,MO,2020-12-23,2021,570500,1,First Pryority Bank,4.75,61.0,10.0,Paid in full,True,False,2026-06-30
Insurance agencies,524210,Insurance Agencies and Brokerages,"Fnis Holdings, Llc",Irvine,CA,2020-12-23,2021,4177600,1,BMO Bank National Association,3.85,252.0,19.0,Paid in full,False,False,2026-06-30
"Accounting, tax & bookkeeping",541219,Other Accounting Services,Thomson Accountants And Advisors Inc,Troy,NY,2020-12-23,2021,749900,1,Citizens Bank,5.5,120.0,9.0,Active,False,False,2026-06-30
Architecture & engineering,541330,Engineering Services,Tri-Tech Services Corporation,Garden Grove,CA,2020-12-23,2021,600000,1,Byline Bank,6.0,78.0,8.0,Active,False,False,2026-06-30
IT & software services,541511,Custom Computer Programming Services,Eway Corp,Minneapolis,MN,2020-12-28,2021,1380000,1,Lincoln Savings Bank,6.0,126.0,18.0,Active,False,False,2026-06-30
Insurance agencies,524210,Insurance Agencies and Brokerages,Okeefe And Son Llc,Knoxville,TN,2020-12-28,2021,1576400,1,Renasant Bank,5.25,120.0,5.0,Active,False,False,2026-06-30
"Accounting, tax & bookkeeping",541219,Other Accounting Services,"Solidity Real Estate, Llc",New Prague,MN,2020-12-28,2021,1252800,1,BMO Bank National Association,4.08,168.0,0.0,Active,False,False,2026-06-30
Advertising & marketing agencies,541890,Other Services Related to Advertising,"Alexa Media Solutions, Inc.",Apex,NC,2020-12-29,2021,341700,1,"Fund-Ex Solutions Group, LLC",6.0,121.0,2.0,Paid in full,False,False,2026-06-30
Insurance agencies,524210,Insurance Agencies and Brokerages,"Benjamin Miller Insurance Agency, Llc",Noblesville,IN,2020-12-29,2021,884000,1,German American Bank,4.75,120.0,1.0,Active,True,False,2026-06-30
Insurance agencies,524210,Insurance Agencies and Brokerages,One Advocate Holdings Llc,San Antonio,TX,2020-12-29,2021,1020000,1,Pathward National Association,6.0,120.0,3.0,Active,False,False,2026-06-30
Architecture & engineering,541350,Building Inspection Services,"Construction Loan Monitoring Group, Inc.",Martinez,CA,2020-12-30,2021,1464100,1,CIBC Bank USA,5.5,120.0,15.0,Active,False,False,2026-06-30
Insurance agencies,524210,Insurance Agencies and Brokerages,Cv Vegas Insurance Agency Llc,Las Vegas,NV,2020-12-30,2021,210000,1,United Bank of Philadelphia,6.0,120.0,6.0,Active,False,False,2026-06-30
Insurance agencies,524210,Insurance Agencies and Brokerages,"A Advantage Insurance Group, Llc",Port Saint Lucie,FL,2021-01-05,2021,1275000,1,Bankwell Bank,5.5,120.0,3.0,Paid in full,False,False,2026-06-30
Insurance agencies,524210,Insurance Agencies and Brokerages,Exclusive Partners Insurance Group Limited Liability Company,Dallas,TX,2021-01-05,2021,2870500,1,Mechanics and Farmers Bank,5.25,120.0,10.0,Active,False,False,2026-06-30
"Accounting, tax & bookkeeping",541213,Tax Preparation Services,Jfm Business Services Llc,Salem,OH,2021-01-06,2021,124000,1,Consumers National Bank,3.75,120.0,5.0,Active,False,False,2026-06-30
Insurance agencies,524210,Insurance Agencies and Brokerages,Mcvey Investments Incorporated,Flagler Beach,FL,2021-01-06,2021,709800,1,"MVB Bank, Inc.",6.0,104.0,6.0,Charged off,False,False,2026-06-30
Insurance agencies,524210,Insurance Agencies and Brokerages,C&Y Insurance Services Inc,Miami Gardens,FL,2021-01-08,2021,1012500,1,"MVB Bank, Inc.",6.0,120.0,6.0,Paid in full,False,False,2026-06-30
"Accounting, tax & bookkeeping",541211,Offices of Certified Public Accountants,Case Accounting Services Llc,Frankfort,IL,2021-01-08,2021,352000,1,The Huntington National Bank,6.0,192.0,4.0,Active,False,False,2026-06-30
"Accounting, tax & bookkeeping",541211,Offices of Certified Public Accountants,"Andrew Moranchel, Cpa P.C.",Solana Beach,CA,2021-01-12,2021,345000,1,Live Oak Banking Company,5.75,120.0,5.0,Active,False,False,2026-06-30
IT & software services,541511,Custom Computer Programming Services,"Fluent Consultants, Llc",Kansas City,MO,2021-01-14,2021,734000,1,Kendall Bank,5.5,120.0,1.0,Paid in full,False,False,2026-06-30
"Accounting, tax & bookkeeping",541213,Tax Preparation Services,Tdm Tax Service Inc,Saint Paul,MN,2021-01-14,2021,692000,1,Frandsen Bank and Trust,6.0,120.0,14.0,Paid in full,False,False,2026-06-30
Management consulting,541690,Other Scientific and Technical Consulting Services,Pistis Llc,Princeton,NJ,2021-01-15,2021,3250000,1,HomeTrust Bank,5.75,120.0,35.0,Active,False,False,2026-06-30
Insurance agencies,524210,Insurance Agencies and Brokerages,Manthei Insurance Agency Llc,Belview,MN,2021-01-19,2021,245000,1,Citizens Alliance Bank,5.75,120.0,2.0,Active,False,False,2026-06-30
Insurance agencies,524210,Insurance Agencies and Brokerages,Calderwood Financial Services Llc,Chicago,IL,2021-01-21,2021,1400000,1,Renasant Bank,5.25,120.0,6.0,Paid in full,False,False,2026-06-30
Architecture & engineering,541310,Architectural Services,Mfm Architects Llc,El Paso,TX,2021-01-21,2021,1175000,1,Midwest Regional Bank,6.0,120.0,4.0,Active,False,False,2026-06-30
Insurance agencies,524210,Insurance Agencies and Brokerages,"Sarah Ahmed Insurance Services, Inc.",Valley Village,CA,2021-01-22,2021,1414200,1,"MVB Bank, Inc.",5.25,70.0,10.0,Active,False,False,2026-06-30
IT & software services,541519,Other Computer Related Services,"Luminus, Llc",Buffalo,NY,2021-01-23,2021,30000,1,"NBT Bank, National Association",5.73,60.0,0.0,Paid in full,True,False,2026-06-30
Architecture & engineering,541330,Engineering Services,Advanced Engineering Investigations Corp,Littleton,CO,2021-01-25,2021,1889500,1,Bank of Colorado,4.75,84.0,19.0,Active,False,False,2026-06-30
Financial advisors,523930,Investment Advice,"Tranquility Wealth Management, Llc",Jacksonville,FL,2021-01-28,2021,1870000,1,Pathward National Association,6.0,120.0,6.0,Active,False,False,2026-06-30
IT & software services,541519,Other Computer Related Services,Eresources Llc,Ocala,FL,2021-02-01,2021,995000,1,TowneBank,6.0,120.0,32.0,Paid in full,False,False,2026-06-30
"Accounting, tax & bookkeeping",541219,Other Accounting Services,Esg Advisors Hampton Inc.,Hampton,VA,2021-02-01,2021,680000,1,Live Oak Banking Company,6.0,120.0,1.0,Active,False,False,2026-06-30
Insurance agencies,524210,Insurance Agencies and Brokerages,"G.P.L.T.W. Enterprises, Inc.",Pinellas Park,FL,2021-02-01,2021,1450000,1,United Midwest Savings Bank National Association,6.0,120.0,5.0,Paid in full,False,False,2026-06-30
Advertising & marketing agencies,541820,Public Relations Agencies,Offleash Pr Llc,San Mateo,CA,2021-02-01,2021,3105000,1,Fifth Third Bank,3.25,120.0,38.0,Paid in full,False,False,2026-06-30
Advertising & marketing agencies,541810,Advertising Agencies,Signs By Tomorrow,Sarasota,FL,2021-02-01,2021,398500,1,Celtic Bank Corporation,6.0,75.0,3.0,Active,False,False,2026-06-30
"Accounting, tax & bookkeeping",541219,Other Accounting Services,"Kevin T. Kelly, J.D. E.A. Inc.",Brooklyn,NY,2021-02-02,2021,486000,1,Citizens Bank,5.5,120.0,3.0,Active,False,False,2026-06-30
Insurance agencies,524210,Insurance Agencies and Brokerages,Stephen Pruitt Insurance Agency,Mesquite,TX,2021-02-02,2021,1600000,1,First Bank,6.0,120.0,3.0,Paid in full,False,False,2026-06-30
Insurance agencies,524210,Insurance Agencies and Brokerages,Tricia Ann Stone,Gilbertsville,PA,2021-02-02,2021,785300,1,Mid Penn Bank,5.0,120.0,5.0,Active,False,False,2026-06-30
"Accounting, tax & bookkeeping",541211,Offices of Certified Public Accountants,"Lebanon Tax &Amp; Accounting, Inc.",Lebanon,IN,2021-02-03,2021,483000,1,Customers Bank,6.0,120.0,3.0,Paid in full,False,False,2026-06-30
Insurance agencies,524210,Insurance Agencies and Brokerages,Mckinney Insurance Agency Llc,Houston,TX,2021-02-03,2021,685000,1,Live Oak Banking Company,5.49,120.0,10.0,Paid in full,False,False,2026-06-30
"Accounting, tax & bookkeeping",541211,Offices of Certified Public Accountants,Plumb & Associates Llc,Spokane,WA,2021-02-03,2021,450000,2,Live Oak Banking Company,5.25,168.0,4.0,Active,False,True,2026-06-30
Advertising & marketing agencies,541613,Marketing Consulting Services,Digital Patient Solutions Llc,Carolina,PR,2021-02-04,2021,380000,1,First Business Bank,6.0,120.0,1.0,Active,False,False,2026-06-30
IT & software services,541513,Computer Facilities Management Services,"Sharetech, Llc",Minneapolis,MN,2021-02-04,2021,433000,1,Drake Bank,5.25,120.0,2.0,Active,False,False,2026-06-30
Insurance agencies,524210,Insurance Agencies and Brokerages,The C&D Agency Inc,Durham,NC,2021-02-04,2021,1484900,1,Pinnacle Bank,5.25,222.0,6.0,Active,False,False,2026-06-30
"Accounting, tax & bookkeeping",541211,Offices of Certified Public Accountants,W Clay Blue Jr Cpa,Raleigh,NC,2021-02-04,2021,570000,1,Live Oak Banking Company,5.5,120.0,2.0,Active,False,False,2026-06-30
"Accounting, tax & bookkeeping",541211,Offices of Certified Public Accountants,"Joshua J. Podczervinski, Cpa, P.C.",Southport,NC,2021-02-05,2021,417600,1,"PNC Bank, National Association",4.25,120.0,9.0,Active,False,False,2026-06-30
IT & software services,541512,Computer Systems Design Services,"Morcom International, Inc.",Chantilly,VA,2021-02-05,2021,2000000,1,"Fulton Bank, National Association",5.75,120.0,17.0,Paid in full,False,False,2026-06-30
IT & software services,541519,Other Computer Related Services,Palmer Technology Solutions,San Antonio,TX,2021-02-07,2021,3150000,1,Live Oak Banking Company,5.75,120.0,14.0,Paid in full,False,False,2026-06-30
"Accounting, tax & bookkeeping",541211,Offices of Certified Public Accountants,"Kerry L. Plante, Cpa, P.C.",Stoughton,MA,2021-02-09,2021,300000,2,Bristol County Savings Bank,4.75,83.0,5.0,Active,False,False,2026-06-30
Law firms,541199,All Other Legal Services,Mobile Notaries,Spokane Valley,WA,2021-02-09,2021,270000,1,Banner Bank,6.0,77.0,1.0,Charged off,False,False,2026-06-30
IT & software services,541519,Other Computer Related Services,Eidex Llc,Grand Rapids,MI,2021-02-10,2021,1318500,1,Adventure CU,6.5,120.0,13.0,Paid in full,False,False,2026-06-30
"Accounting, tax & bookkeeping",541211,Offices of Certified Public Accountants,Jean D Ganem,Miami,FL,2021-02-10,2021,660000,1,"TD Bank, National Association",4.75,120.0,1.0,Active,False,False,2026-06-30
Insurance agencies,524210,Insurance Agencies and Brokerages,R. C. Keller & Company Llc,Schaumburg,IL,2021-02-10,2021,1013000,1,Live Oak Banking Company,5.25,120.0,6.0,Paid in full,False,False,2026-06-30
Architecture & engineering,541330,Engineering Services,"4 S.T.E.L. Engineering, Inc.",Mission Viejo,CA,2021-02-11,2021,4270000,1,IncredibleBank,5.75,120.0,23.0,Active,False,False,2026-06-30
"Accounting, tax & bookkeeping",541211,Offices of Certified Public Accountants,Carla G. Spainhour Cpa Pllc,Bentonville,AR,2021-02-11,2021,541200,1,Pinnacle Bank,5.75,120.0,6.0,Paid in full,False,False,2026-06-30
Insurance agencies,524210,Insurance Agencies and Brokerages,Erik Kline Agency Inc.,Clarkston,MI,2021-02-11,2021,1833300,1,Renasant Bank,5.25,120.0,13.0,Active,False,False,2026-06-30
"Accounting, tax & bookkeeping",541211,Offices of Certified Public Accountants,"Hutchinson & Walter, Llc",Bellevue,WA,2021-02-12,2021,3600000,1,Live Oak Banking Company,4.5,120.0,2.0,Active,False,False,2026-06-30
Insurance agencies,524210,Insurance Agencies and Brokerages,Jrumancik Llc,North Olmsted,OH,2021-02-12,2021,462500,1,Northwest Bank,4.75,120.0,2.0,Active,True,False,2026-06-30
"Accounting, tax & bookkeeping",541211,Offices of Certified Public Accountants,Weiner And Rice Llc,Newton,MA,2021-02-12,2021,1000000,1,Eastern Bank,4.2,120.0,1.0,Active,False,False,2026-06-30
Insurance agencies,524210,Insurance Agencies and Brokerages,Cervenka Enterprises Llc,San Rose Beach,FL,2021-02-17,2021,390000,1,United Midwest Savings Bank National Association,6.0,120.0,3.0,Active,False,False,2026-06-30
Architecture & engineering,541330,Engineering Services,Lte Llc,Saint George,UT,2021-02-17,2021,2889500,1,State Bank of Southern Utah,5.0,120.0,48.0,Active,False,False,2026-06-30
Advertising & marketing agencies,541613,Marketing Consulting Services,Outdoorflics Llc,Sugar Hill,GA,2021-02-18,2021,1080000,1,United Community Bank,5.25,120.0,20.0,Paid in full,False,False,2026-06-30
Advertising & marketing agencies,541810,Advertising Agencies,Digital Print Marketing Inc.,Heber City,UT,2021-02-21,2021,2289100,1,"T Bank, National Association",5.5,120.0,11.0,Paid in full,False,False,2026-06-30
Insurance agencies,524210,Insurance Agencies and Brokerages,"Aspen Insurance, Llc",Melbourne,FL,2021-02-22,2021,958000,1,United Midwest Savings Bank National Association,6.0,120.0,6.0,Paid in full,False,False,2026-06-30
Management consulting,541620,Environmental Consulting Services,Mcalister Geoscience,Long Beach,CA,2021-02-22,2021,320300,1,First Bank,5.75,120.0,3.0,Paid in full,False,False,2026-06-30
"Accounting, tax & bookkeeping",541211,Offices of Certified Public Accountants,Owlfi Cpa Llc,Henryetta,OK,2021-02-22,2021,633000,1,Wells Fargo Bank National Association,5.2,120.0,2.0,Paid in full,False,False,2026-06-30
"Accounting, tax & bookkeeping",541213,Tax Preparation Services,Sherman Cpa Pc,Brick,NJ,2021-02-22,2021,898000,1,Beacon Bank and Trust,5.0,120.0,6.0,Paid in full,False,False,2026-06-30
IT & software services,541519,Other Computer Related Services,Aim Big Inc.,Westmont,IL,2021-02-23,2021,4884000,1,Happen Bank,5.75,95.0,67.0,Charged off,False,False,2026-06-30
Insurance agencies,524210,Insurance Agencies and Brokerages,Edgar Asatryan,Canoga Park,CA,2021-02-23,2021,473700,1,BMO Bank National Association,5.75,120.0,1.0,Active,False,False,2026-06-30
"Accounting, tax & bookkeeping",541211,Offices of Certified Public Accountants,Gallis Accounting & Tax Services Inc,Flushing,NY,2021-02-23,2021,135000,1,Alma Bank,6.0,87.0,1.0,Charged off,False,False,2026-06-30
"Accounting, tax & bookkeeping",541213,Tax Preparation Services,Kiser Tax Llc,Pheonix,AZ,2021-02-24,2021,447600,1,Celtic Bank Corporation,5.75,120.0,2.0,Paid in full,False,False,2026-06-30
"Accounting, tax & bookkeeping",541211,Offices of Certified Public Accountants,"Apat, Inc",Marietta,GA,2021-02-25,2021,515000,1,Live Oak Banking Company,6.0,97.0,5.0,Active,False,False,2026-06-30
Advertising & marketing agencies,541890,Other Services Related to Advertising,Long Wharf Strategic Partners Inc,South Hamilton,MA,2021-02-26,2021,2410000,2,Eastern Bank,4.0,120.0,2.0,Active,False,True,2026-06-30
Insurance agencies,524210,Insurance Agencies and Brokerages,"Professional Financial Specialists, Inc",Boulder,CO,2021-02-26,2021,1875000,1,Live Oak Banking Company,5.5,119.0,5.0,Paid in full,False,False,2026-06-30
"Accounting, tax & bookkeeping",541211,Offices of Certified Public Accountants,"The Goodman Group, Plc",Tucson,AZ,2021-03-01,2021,276000,1,BMO Bank National Association,5.25,60.0,4.0,Paid in full,False,False,2026-06-30
Advertising & marketing agencies,541810,Advertising Agencies,"One 2 One Marketing, Inc.",Burnsville,MN,2021-03-02,2021,465000,1,Choice Financial Group,6.0,120.0,6.0,Active,False,False,2026-06-30
Insurance agencies,524210,Insurance Agencies and Brokerages,"Christopher Wayne Moore, Inc",Plainview,TX,2021-03-03,2021,1266000,1,Live Oak Banking Company,5.25,132.0,3.0,Paid in full,False,False,2026-06-30
"Accounting, tax & bookkeeping",541211,Offices of Certified Public Accountants,Granite Financial Enterprises Llc,Tower City,PA,2021-03-03,2021,565000,1,Live Oak Banking Company,5.5,164.0,3.0,Active,False,False,2026-06-30
Insurance agencies,524210,Insurance Agencies and Brokerages,"Professional Financial Specialists, Inc",Boulder,CO,2021-03-04,2021,200000,1,Live Oak Banking Company,5.5,120.0,5.0,Paid in full,True,True,2026-06-30
IT & software services,541519,Other Computer Related Services,Comsysit Inc.,Phoenix,AZ,2021-03-08,2021,535000,1,Live Oak Banking Company,5.85,120.0,4.0,Active,False,False,2026-06-30
Insurance agencies,524210,Insurance Agencies and Brokerages,Mayo Insurance Agency,Hamlin,TX,2021-03-08,2021,425000,1,Live Oak Banking Company,5.25,120.0,2.0,Paid in full,True,False,2026-06-30
Architecture & engineering,541380,Testing Laboratories,North Texas Calibration Inc.,Haltom City,TX,2021-03-08,2021,187700,1,PlainsCapital Bank,4.5,96.0,5.0,Active,False,False,2026-06-30
"Accounting, tax & bookkeeping",541213,Tax Preparation Services,To & Scott Llc,Hermosa Beach,CA,2021-03-08,2021,705000,1,Live Oak Banking Company,5.25,120.0,7.0,Active,False,False,2026-06-30
Insurance agencies,524210,Insurance Agencies and Brokerages,"Christopher E Long Insurance Group, Llc",Plano,TX,2021-03-09,2021,750000,1,United Midwest Savings Bank National Association,6.0,120.0,3.0,Active,False,False,2026-06-30
Insurance agencies,524210,Insurance Agencies and Brokerages,"The Martin Group, Llc",Walton,KY,2021-03-09,2021,715000,1,Live Oak Banking Company,5.25,120.0,3.0,Paid in full,False,False,2026-06-30
"Accounting, tax & bookkeeping",541211,Offices of Certified Public Accountants,Clockwork Cpas Pllc,Bellevue,WA,2021-03-10,2021,2076000,1,Heritage Bank,4.0,204.0,4.0,Active,False,False,2026-06-30
"Accounting, tax & bookkeeping",541219,Other Accounting Services,"Proactive Tax Solutions, Inc.",Newberry,FL,2021-03-10,2021,50000,1,Renasant Bank,5.25,120.0,2.0,Paid in full,True,False,2026-06-30
Insurance agencies,524210,Insurance Agencies and Brokerages,"Assurance Service Partners, Llc",Verona Beach,NY,2021-03-11,2021,4300000,1,Beacon Bank and Trust,6.0,132.0,24.0,Paid in full,False,False,2026-06-30
Insurance agencies,524210,Insurance Agencies and Brokerages,Haynie Holding Company,Punta Gorda,FL,2021-03-11,2021,529000,1,United Midwest Savings Bank National Association,6.0,120.0,1.0,Active,False,False,2026-06-30
Advertising & marketing agencies,541613,Marketing Consulting Services,Smmi 2 Llc,Phoenix,AZ,2021-03-11,2021,286000,1,The Bancorp Bank National Association,6.0,120.0,1.0,Active,False,False,2026-06-30
Insurance agencies,524210,Insurance Agencies and Brokerages,Ann S. Fortune,Biddeford,ME,2021-03-12,2021,327000,1,"MVB Bank, Inc.",6.0,120.0,6.0,Active,False,False,2026-06-30
"Accounting, tax & bookkeeping",541211,Offices of Certified Public Accountants,Globadigm Management Llc,Saginaw,MI,2021-03-15,2021,202700,1,Isabella Bank,6.0,120.0,2.0,Active,False,False,2026-06-30
"Accounting, tax & bookkeeping",541211,Offices of Certified Public Accountants,"The Seay Firm Cpas, Pllc",Pea Ridge,AR,2021-03-15,2021,322500,1,Arvest Bank,6.25,120.0,4.0,Active,True,False,2026-06-30
IT & software services,541512,Computer Systems Design Services,Amdex Corporation,Silver Spring,MD,2021-03-16,2021,5000000,1,Live Oak Banking Company,5.75,84.0,50.0,Paid in full,False,False,2026-06-30
IT & software services,541512,Computer Systems Design Services,Ics Integration Services Llc,Auburn Hills,MI,2021-03-16,2021,1760600,1,The Huntington National Bank,6.0,120.0,7.0,Active,False,False,2026-06-30
Insurance agencies,524210,Insurance Agencies and Brokerages,"Southwest Insurance Management Group, Inc.",Flower Mound,TX,2021-03-16,2021,760000,1,Live Oak Banking Company,5.25,120.0,8.0,Paid in full,False,False,2026-06-30
Insurance agencies,524210,Insurance Agencies and Brokerages,Todd Johnson Insurance Llc,Tucson,AZ,2021-03-16,2021,800000,1,Southwest Heritage Bank,6.0,168.0,2.0,Paid in full,False,False,2026-06-30
"Accounting, tax & bookkeeping",541219,Other Accounting Services,Atlanta Accounting & Taxation Llc,Alpharetta,GA,2021-03-17,2021,1450000,1,Live Oak Banking Company,6.0,168.0,10.0,Active,False,False,2026-06-30
"Accounting, tax & bookkeeping",541211,Offices of Certified Public Accountants,"Hudson & Associates, Llc",Wayzata,MN,2021-03-19,2021,220000,1,Metropolitan Economic Development Association,6.5,84.0,6.0,Paid in full,False,False,2026-06-30
"Accounting, tax & bookkeeping",541219,Other Accounting Services,"Accounting Resources, Inc.",Glastonbury,CT,2021-03-22,2021,2810000,2,Beacon Bank and Trust,6.0,120.0,30.0,Paid in full,False,True,2026-06-30
Insurance agencies,524210,Insurance Agencies and Brokerages,"Redshift Group, Llc",Davie,FL,2021-03-22,2021,1978300,1,Seacoast National Bank,6.0,120.0,18.0,Active,False,False,2026-06-30
Architecture & engineering,541350,Building Inspection Services,Midstate Home Inspections Llc,Hardwick,VT,2021-03-23,2021,31500,1,North Country Federal Credit Union,6.0,60.0,1.0,Paid in full,True,False,2026-06-30
Insurance agencies,524210,Insurance Agencies and Brokerages,Tracy L. Gale,Sparks,NV,2021-03-23,2021,462000,1,"MVB Bank, Inc.",6.0,120.0,4.0,Paid in full,False,False,2026-06-30
Insurance agencies,524210,Insurance Agencies and Brokerages,Koda Insurance Group,Abilene,TX,2021-03-24,2021,330000,1,Live Oak Banking Company,5.99,120.0,1.0,Paid in full,False,False,2026-06-30
Insurance agencies,524210,Insurance Agencies and Brokerages,"Ashton Jian, Inc.",Arlington,TX,2021-03-25,2021,1166000,1,United Midwest Savings Bank National Association,6.0,120.0,2.0,Paid in full,False,False,2026-06-30
Insurance agencies,524210,Insurance Agencies and Brokerages,Coast To Coast Insurance Services Llc,Pomona,CA,2021-03-26,2021,4550000,1,Bankwell Bank,5.5,120.0,2.0,Active,False,False,2026-06-30
Law firms,541191,Title Abstract and Settlement Offices,Professional Abstracting Llc,Liberty Township,OH,2021-03-26,2021,348800,1,The Huntington National Bank,5.25,120.0,5.0,Active,False,False,2026-06-30
"Accounting, tax & bookkeeping",541211,Offices of Certified Public Accountants,Stephanie Horst Cpa Pc,Fort Worth,TX,2021-03-26,2021,355500,2,"BOKF, National Association",4.5,120.0,6.0,Active,False,True,2026-06-30
"Accounting, tax & bookkeeping",541211,Offices of Certified Public Accountants,"Temidayo O. Apena, Cpa, Llc",Ocoee,FL,2021-03-26,2021,960000,1,First Horizon Bank,5.25,120.0,7.0,Paid in full,False,False,2026-06-30
Law firms,541191,Title Abstract and Settlement Offices,Hubbard County Abstract And Closing Inc,Park Rapids,MN,2021-03-29,2021,490000,1,The Citizens National Bank of Park Rapids,4.5,120.0,5.0,Active,True,False,2026-06-30
Insurance agencies,524210,Insurance Agencies and Brokerages,Kjmar Corporation,Redding,CA,2021-03-29,2021,298000,1,Wells Fargo Bank National Association,4.95,120.0,2.0,Paid in full,False,False,2026-06-30
IT & software services,541519,Other Computer Related Services,"Tower Computer Services, Inc.",Southfield,MI,2021-03-29,2021,2042000,1,The Huntington National Bank,5.5,120.0,9.0,Active,False,False,2026-06-30
Insurance agencies,524210,Insurance Agencies and Brokerages,Ark Financial Group Llc,Austin,TX,2021-03-30,2021,2560000,1,Fifth Third Bank,4.0,120.0,3.0,Active,False,False,2026-06-30
Insurance agencies,524210,Insurance Agencies and Brokerages,Mark Christopher Agency,Mason City,IA,2021-03-30,2021,300000,1,NSB Bank,3.995,120.0,3.0,Active,False,False,2026-06-30
IT & software services,541512,Computer Systems Design Services,Wisebytes Solutions Inc.,Morgantown,PA,2021-03-31,2021,288000,1,Paragon Bank,6.0,120.0,4.0,Active,False,False,2026-06-30
Advertising & marketing agencies,541810,Advertising Agencies,I & E Central Llc,York,PA,2021-04-01,2021,490000,1,ACNB Bank,5.75,120.0,4.0,Active,False,False,2026-06-30
Law firms,541110,Offices of Lawyers,"Neil Lindquist Law, Pllc",Kirkland,WA,2021-04-01,2021,1809000,1,Heritage Bank,4.0,120.0,6.0,Paid in full,False,False,2026-06-30
"Accounting, tax & bookkeeping",541219,Other Accounting Services,Simplicloud Accounting,Wilmington,NC,2021-04-01,2021,435000,1,Live Oak Banking Company,5.75,120.0,4.0,Paid in full,False,False,2026-06-30
Architecture & engineering,541330,Engineering Services,"Aquarius Technologies, Llc",Saukville,WI,2021-04-02,2021,1367000,1,Waukesha State Bank,5.75,120.0,13.0,Paid in full,False,False,2026-06-30
"Accounting, tax & bookkeeping",541211,Offices of Certified Public Accountants,"Dillwood Burkel & Millar, Llp",Santa Rosa,CA,2021-04-02,2021,1136000,1,Live Oak Banking Company,4.25,120.0,23.0,Paid in full,False,False,2026-06-30
Insurance agencies,524210,Insurance Agencies and Brokerages,"Ebright Enterprises, Inc.",Beaver Springs,PA,2021-04-02,2021,330000,1,Live Oak Banking Company,5.75,120.0,1.0,Paid in full,False,False,2026-06-30
IT & software services,541512,Computer Systems Design Services,"Automated Devops, Llc",Hyde Park,UT,2021-04-07,2021,500000,1,Live Oak Banking Company,6.0,120.0,8.0,Charged off,False,False,2026-06-30
Insurance agencies,524210,Insurance Agencies and Brokerages,"Bakalis Insurance Agency, Llc",Shreveport,LA,2021-04-07,2021,335000,1,Carter FCU,4.5,120.0,3.0,Active,False,False,2026-06-30
Law firms,541110,Offices of Lawyers,"Houser Law, P.C.",Wilmington,NC,2021-04-08,2021,1475000,1,Live Oak Banking Company,5.1,210.0,6.0,Paid in full,False,False,2026-06-30
Management consulting,541618,Other Management Consulting Services,Business Coaching Systems Llc,West Palm Beach,FL,2021-04-09,2021,886600,1,First Bank of the Lake,5.5,120.0,5.0,Active,False,False,2026-06-30
Insurance agencies,524210,Insurance Agencies and Brokerages,Lynoxx Group Llc,Mahwah,NJ,2021-04-09,2021,525000,1,Live Oak Banking Company,5.25,120.0,2.0,Paid in full,False,False,2026-06-30
IT & software services,541519,Other Computer Related Services,"Hatton Technology Solutions, Llc",Charlotte,NC,2021-04-12,2021,1750000,2,Live Oak Banking Company,5.9,120.0,7.0,Active,False,True,2026-06-30
Insurance agencies,524210,Insurance Agencies and Brokerages,"Df Insurance, Inc.",Tampa,FL,2021-04-14,2021,657500,1,United Midwest Savings Bank National Association,6.0,120.0,6.0,Paid in full,False,False,2026-06-30
"Accounting, tax & bookkeeping",541219,Other Accounting Services,Syntegric Advisors,Los Angeles,CA,2021-04-20,2021,500000,2,Live Oak Banking Company,5.75,120.0,5.0,Paid in full,False,True,2026-06-30
Financial advisors,523930,Investment Advice,Vital Wealth Management Llc,Rosemont,IL,2021-04-20,2021,1265000,1,Live Oak Banking Company,5.25,120.0,1.0,Active,False,False,2026-06-30
Insurance agencies,524210,Insurance Agencies and Brokerages,"American Home Agency, Llc",Saint Paul,MN,2021-04-21,2021,475000,1,Live Oak Banking Company,5.99,120.0,2.0,Paid in full,False,False,2026-06-30
Architecture & engineering,541320,Landscape Architectural Services,"Northwest Design Studio, Inc.",Whitefish,MT,2021-04-21,2021,249000,1,The Bancorp Bank National Association,5.75,120.0,5.0,Paid in full,False,False,2026-06-30
IT & software services,541511,Custom Computer Programming Services,"Aerie Consulting, Llc",Winooski,VT,2021-04-22,2021,585000,1,Live Oak Banking Company,5.9,121.0,2.0,Paid in full,False,False,2026-06-30
Insurance agencies,524210,Insurance Agencies and Brokerages,Bratcher Agency,Marietta,GA,2021-04-22,2021,531100,1,First Bank,6.0,120.0,2.0,Active,False,False,2026-06-30
Management consulting,541618,Other Management Consulting Services,Global Asset Management Group Inc,Longwood,FL,2021-04-22,2021,855000,1,Live Oak Banking Company,5.5,300.0,5.0,Active,False,False,2026-06-30
Insurance agencies,524210,Insurance Agencies and Brokerages,"Legacy Insurance Group Of Sc, Inc.",Florence,SC,2021-04-22,2021,999000,1,First Bank,6.0,120.0,7.0,Active,False,False,2026-06-30
Insurance agencies,524210,Insurance Agencies and Brokerages,"Tammy R. Parks Agency, Llc",Tucker,GA,2021-04-22,2021,392900,1,United Midwest Savings Bank National Association,6.0,120.0,5.0,Active,False,False,2026-06-30
"Accounting, tax & bookkeeping",541211,Offices of Certified Public Accountants,"Auerswald Cpa, Pllc",Greenville,MS,2021-04-23,2021,500000,1,Guaranty Bank and Trust Company,5.33,120.0,3.0,Active,False,False,2026-06-30
Insurance agencies,524210,Insurance Agencies and Brokerages,"The Chafin Agency, Llc",Spring Branch,TX,2021-04-23,2021,1259100,1,"MVB Bank, Inc.",6.0,120.0,6.0,Active,False,False,2026-06-30
Insurance agencies,524210,Insurance Agencies and Brokerages,Veronica Sanchez Insurance Agency Inc,Lomita,CA,2021-04-23,2021,675000,1,"MVB Bank, Inc.",6.0,120.0,7.0,Paid in full,False,False,2026-06-30
"Accounting, tax & bookkeeping",541211,Offices of Certified Public Accountants,Lawrence J Beardsley Cpa Pllc,Arlington,TX,2021-04-27,2021,1510000,1,MidFirst Bank,5.0,120.0,7.0,Paid in full,False,False,2026-06-30
Insurance agencies,524210,Insurance Agencies and Brokerages,The Blue Agency,San Jose,CA,2021-04-27,2021,360000,1,United Midwest Savings Bank National Association,6.0,120.0,4.0,Active,False,False,2026-06-30
"Accounting, tax & bookkeeping",541211,Offices of Certified Public Accountants,"Vu Cpa, P.C.",Medford,MA,2021-04-27,2021,250000,1,Northern Bank and Trust Company,6.0,120.0,5.0,Active,False,False,2026-06-30
"Accounting, tax & bookkeeping",541211,Offices of Certified Public Accountants,"Storek, Carlson & Strutz Limited Liability Partnership",Campbell,CA,2021-04-28,2021,1775000,2,Live Oak Banking Company,5.2,120.0,2.0,Active,False,True,2026-06-30
"Accounting, tax & bookkeeping",541211,Offices of Certified Public Accountants,Traner Smith & Co. P.L.L.C.,Edmonds,WA,2021-04-28,2021,1615000,1,Byline Bank,5.75,120.0,26.0,Paid in full,False,False,2026-06-30
"Accounting, tax & bookkeeping",541211,Offices of Certified Public Accountants,Wells Wann & Company Cpa Pc,Poteau,OK,2021-04-28,2021,578400,1,First United Bank and Trust Company,5.25,120.0,8.0,Paid in full,False,False,2026-06-30
Architecture & engineering,541330,Engineering Services,"Blackwolf Engineering, Llc",Tampa,FL,2021-04-29,2021,870000,1,The Bank of Tampa,5.25,120.0,32.0,Paid in full,False,False,2026-06-30
Advertising & marketing agencies,541810,Advertising Agencies,"Tridigital, Llc",Plano,TX,2021-04-29,2021,2388000,1,Fifth Third Bank,5.25,120.0,5.0,Active,False,False,2026-06-30
Insurance agencies,524210,Insurance Agencies and Brokerages,"Palm Beach Insurance Advisory Group Ii, Llc",Saint Petersburg,FL,2021-04-30,2021,2555500,1,Bankwell Bank,5.5,69.0,7.0,Active,False,False,2026-06-30
Insurance agencies,524210,Insurance Agencies and Brokerages,Treasure State Insurance Inc.,Missoula,MT,2021-05-03,2021,101200,1,Glacier Bank,5.75,120.0,6.0,Paid in full,False,False,2026-06-30
Insurance agencies,524210,Insurance Agencies and Brokerages,"Platinum, Llc",Kaysville,UT,2021-05-06,2021,332200,1,United Midwest Savings Bank National Association,6.0,120.0,3.0,Active,False,False,2026-06-30
Insurance agencies,524210,Insurance Agencies and Brokerages,Kim Asay Agency Llc,Yelm,WA,2021-05-07,2021,2692000,1,Mechanics and Farmers Bank,5.25,120.0,9.0,Paid in full,False,False,2026-06-30
Advertising & marketing agencies,541613,Marketing Consulting Services,"Top Floor Technologies, Llc",New Berlin,WI,2021-05-07,2021,507000,1,National Exchange Bank and Trust,5.75,84.0,29.0,Active,False,False,2026-06-30
"Accounting, tax & bookkeeping",541211,Offices of Certified Public Accountants,"Peterson And Associates, Llc",Neenah,WI,2021-05-10,2021,132000,1,Nicolet National Bank,4.5,120.0,2.0,Active,False,False,2026-06-30
IT & software services,541511,Custom Computer Programming Services,"Convox, Inc.",Santa Barbara,CA,2021-05-11,2021,1936600,1,Columbia Bank,6.0,120.0,1.0,Paid in full,False,False,2026-06-30
Insurance agencies,524210,Insurance Agencies and Brokerages,Infinity Commercial Insurance Incorporated,Phoenix,AZ,2021-05-11,2021,2754000,1,Bankwell Bank,5.5,81.0,4.0,Active,False,False,2026-06-30
"Accounting, tax & bookkeeping",541211,Offices of Certified Public Accountants,Tarheel Inc. Dba Kelly Tate Cpa,Las Vegas,NV,2021-05-12,2021,360500,1,Wells Fargo Bank National Association,4.7,120.0,4.0,Active,False,False,2026-06-30
Management consulting,541620,Environmental Consulting Services,"Escalante Growth Holdings, Llc",Dallas,TX,2021-05-13,2021,1003000,1,Security National Bank of Omaha,5.5,120.0,11.0,Paid in full,False,False,2026-06-30
"Accounting, tax & bookkeeping",541211,Offices of Certified Public Accountants,Corellia Ltd,Montclair,CA,2021-05-17,2021,490100,1,BMO Bank National Association,4.75,120.0,4.0,Active,False,False,2026-06-30
Architecture & engineering,541380,Testing Laboratories,Elkhorn Capital Holdings Llc,New Brighton,PA,2021-05-17,2021,753000,1,Enterprise Bank,5.0,180.0,15.0,Paid in full,False,False,2026-06-30
Architecture & engineering,541350,Building Inspection Services,"Nofs Acquisition, Inc.",North Olmsted,OH,2021-05-17,2021,1435000,1,"WesBanco Bank, Inc.",5.25,120.0,9.0,Active,False,False,2026-06-30
Law firms,541110,Offices of Lawyers,"The Law Offices Of Martin A. Delaney Iii, Ltd.",Rolling Meadows,IL,2021-05-18,2021,455000,2,First National Bank of Pennsylvania,6.0,78.0,4.0,Charged off,False,True,2026-06-30
Advertising & marketing agencies,541613,Marketing Consulting Services,"Naveo, Inc.",Menomonee Falls,WI,2021-05-19,2021,1048800,1,Waukesha State Bank,5.5,71.0,12.0,Active,False,False,2026-06-30
"Accounting, tax & bookkeeping",541211,Offices of Certified Public Accountants,"Avi Accounting, Llc",Albuquerque,NM,2021-05-20,2021,350000,1,Main Bank,5.75,120.0,13.0,Active,False,False,2026-06-30
Advertising & marketing agencies,541613,Marketing Consulting Services,"Mdr Group, Llc",Overland Park,KS,2021-05-20,2021,1000000,1,OakStar Bank,6.0,120.0,4.0,Active,False,False,2026-06-30
Insurance agencies,524210,Insurance Agencies and Brokerages,"Minchew Insurance Services, L.L.C.",Keller,TX,2021-05-20,2021,615000,1,United Midwest Savings Bank National Association,6.0,120.0,3.0,Paid in full,False,False,2026-06-30
Insurance agencies,524210,Insurance Agencies and Brokerages,"T. Bradford Insurance Advisors, Llc",Silver Spring,MD,2021-05-20,2021,1285000,1,Live Oak Banking Company,4.75,120.0,2.0,Paid in full,False,False,2026-06-30
Architecture & engineering,541370,Surveying and Mapping (except Geophysical) Services,"Adccrc, Llc",Grand Rapids,MI,2021-05-24,2021,1027000,1,The Huntington National Bank,5.75,120.0,14.0,Paid in full,False,False,2026-06-30
IT & software services,541519,Other Computer Related Services,"Crescent Consulting, Llc",Longwood,FL,2021-05-24,2021,463000,1,Customers Bank,6.0,120.0,6.0,Active,False,False,2026-06-30
Insurance agencies,524210,Insurance Agencies and Brokerages,"Dipti Patel Inc.,",Park Ridge,IL,2021-05-24,2021,310000,1,United Midwest Savings Bank National Association,6.0,120.0,2.0,Active,False,False,2026-06-30
"Accounting, tax & bookkeeping",541211,Offices of Certified Public Accountants,"Samaniego & Associates Cpas, Pllc",Tucson,AZ,2021-05-24,2021,785000,2,Live Oak Banking Company,5.5,156.0,4.0,Active,False,True,2026-06-30
Insurance agencies,524210,Insurance Agencies and Brokerages,The Ratliff Group Inc,Datona Beach,FL,2021-05-24,2021,497000,1,United Midwest Savings Bank National Association,6.0,120.0,5.0,Active,False,False,2026-06-30
Architecture & engineering,541320,Landscape Architectural Services,Lawn Obsession Inc,Peabody,MA,2021-05-25,2021,450000,1,Live Oak Banking Company,6.0,120.0,8.0,Paid in full,False,False,2026-06-30
Architecture & engineering,541370,Surveying and Mapping (except Geophysical) Services,"Landtek, L.L.C.",Spokane,WA,2021-05-26,2021,274500,1,State Bank Northwest,4.95,126.0,4.0,Active,False,False,2026-06-30
Financial advisors,523930,Investment Advice,"Ridgeline Financial Partners North, Llc",Avon,CT,2021-05-26,2021,1093500,1,Northwest Community Bank,4.25,120.0,5.0,Active,False,False,2026-06-30
Architecture & engineering,541330,Engineering Services,Korreck Ventures Llc,Holly,MI,2021-05-27,2021,723100,1,The Huntington National Bank,5.75,300.0,14.0,Paid in full,False,False,2026-06-30
Insurance agencies,524210,Insurance Agencies and Brokerages,"Rt Financial, Llc",Wichita,KS,2021-05-27,2021,1705000,1,The Bancorp Bank National Association,6.0,120.0,5.0,Active,False,False,2026-06-30
"Accounting, tax & bookkeeping",541219,Other Accounting Services,Charter Business Services Inc.,Ogden,UT,2021-05-28,2021,1400000,1,Merchants Bank of Indiana,6.0,120.0,22.0,Active,False,False,2026-06-30
Insurance agencies,524210,Insurance Agencies and Brokerages,Leta Hankins Insurance Llc,Lakewood,WA,2021-05-29,2021,1127600,1,United Bank of Philadelphia,5.25,220.0,3.0,Paid in full,False,False,2026-06-30
Insurance agencies,524210,Insurance Agencies and Brokerages,Alen Kohanbash,Brooklyn,NY,2021-06-01,2021,740000,1,First Bank,6.0,192.0,6.0,Active,False,False,2026-06-30
Management consulting,541611,Administrative Management and General Management Consulting Services,"Rex Wickline, Inc.",Canal Winchester,OH,2021-06-01,2021,1305000,1,United Midwest Savings Bank National Association,6.0,120.0,1.0,Paid in full,False,False,2026-06-30
Insurance agencies,524210,Insurance Agencies and Brokerages,Katie Pullen Agency Llc,Newark,NY,2021-06-02,2021,800000,1,Live Oak Banking Company,5.25,120.0,3.0,Active,False,False,2026-06-30
Insurance agencies,524210,Insurance Agencies and Brokerages,"Kkah Insurance, Llc",Queen Creek,AZ,2021-06-03,2021,650600,1,Renasant Bank,5.25,120.0,5.0,Paid in full,False,False,2026-06-30
"Accounting, tax & bookkeeping",541211,Offices of Certified Public Accountants,"Rli-Cpa, Certified Public Accountants, Pc",Hickory,NC,2021-06-04,2021,850000,1,Live Oak Banking Company,5.4,120.0,8.0,Active,False,False,2026-06-30
Insurance agencies,524210,Insurance Agencies and Brokerages,Sands Insurance Services Llc,York,SC,2021-06-04,2021,616500,1,"MVB Bank, Inc.",6.0,120.0,6.0,Paid in full,False,False,2026-06-30
IT & software services,541511,Custom Computer Programming Services,Straight Dark Ventures Llc,Hopkinton,MA,2021-06-04,2021,926000,1,The Huntington National Bank,2.75,120.0,1.0,Paid in full,False,False,2026-06-30
Management consulting,541620,Environmental Consulting Services,D & J Consulting Inc.,Northbrook,IL,2021-06-06,2021,578000,1,"SouthState Bank, National Association",6.0,120.0,5.0,Paid in full,False,False,2026-06-30
IT & software services,541519,Other Computer Related Services,"Pro Group Networks, Llc",Gig Harbor,WA,2021-06-07,2021,125000,1,Timberland Bank,5.25,84.0,2.0,Paid in full,True,False,2026-06-30
"Accounting, tax & bookkeeping",541219,Other Accounting Services,Turnerstone. Llc,Radnor,PA,2021-06-07,2021,990000,1,Live Oak Banking Company,5.56,120.0,9.0,Active,False,False,2026-06-30
Management consulting,541611,Administrative Management and General Management Consulting Services,"The Garage Group, Inc.",Cincinnati,OH,2021-06-09,2021,1912500,1,First Commonwealth Bank,5.0,120.0,14.0,Active,False,False,2026-06-30
IT & software services,541511,Custom Computer Programming Services,Sites Usa Llc,Chandler,AZ,2021-06-10,2021,2337000,1,"PNC Bank, National Association",3.75,120.0,22.0,Active,False,False,2026-06-30
Advertising & marketing agencies,541613,Marketing Consulting Services,Nice.Marketing Llc,Fairfield,OH,2021-06-13,2021,100000,1,Peoples Bank,5.75,120.0,7.0,Active,True,True,2026-06-30
Advertising & marketing agencies,541613,Marketing Consulting Services,"Nice.Marketing, Llc",Fairfield,OH,2021-06-13,2021,230000,1,Peoples Bank,6.0,120.0,7.0,Active,False,False,2026-06-30
Management consulting,541618,Other Management Consulting Services,"Caliber Technology Group, Inc.",Greensboro,NC,2021-06-14,2021,718600,1,Northwest Bank,4.75,120.0,4.0,Active,True,False,2026-06-30
Law firms,541110,Offices of Lawyers,"Daniel P. Costello & Associates, P.C.",Chicago,IL,2021-06-14,2021,150000,1,"U.S. Bank, National Association",6.25,84.0,21.0,Paid in full,True,True,2026-06-30
Insurance agencies,524210,Insurance Agencies and Brokerages,Agency Associates Inc.,Cottonwood,AZ,2021-06-16,2021,528000,1,United Midwest Savings Bank National Association,6.0,120.0,1.0,Active,False,False,2026-06-30
"Accounting, tax & bookkeeping",541213,Tax Preparation Services,"Tax Time Usa, Ltd.",Colorado Springs,CO,2021-06-16,2021,345000,1,Live Oak Banking Company,5.75,120.0,4.0,Active,False,False,2026-06-30
Insurance agencies,524210,Insurance Agencies and Brokerages,"2K Financial Services, Llc",Van Alstyne,TX,2021-06-17,2021,4665000,1,Byline Bank,6.0,97.0,11.0,Active,False,False,2026-06-30
"Accounting, tax & bookkeeping",541214,Payroll Services,"American Benefits Company, Inc.",Spanish Fork,UT,2021-06-17,2021,899900,1,"Zions Bank, A Division of",5.0,120.0,3.0,Paid in full,False,False,2026-06-30
Advertising & marketing agencies,541810,Advertising Agencies,"Er Marketing, Llc",Kansas City,MO,2021-06-17,2021,581000,1,Southern Bank,6.0,120.0,15.0,Active,False,False,2026-06-30
Insurance agencies,524210,Insurance Agencies and Brokerages,"Orep-Organization Of Real Estate Professionals Insurance Services, Llc",San Diego,CA,2021-06-17,2021,5000000,1,Live Oak Banking Company,4.75,120.0,12.0,Paid in full,False,False,2026-06-30
Insurance agencies,524210,Insurance Agencies and Brokerages,Thomas Ward Insurance Group,Warrenville,IL,2021-06-18,2021,950000,1,Live Oak Banking Company,5.2,120.0,6.0,Paid in full,False,False,2026-06-30
Insurance agencies,524210,Insurance Agencies and Brokerages,"Fredrickson Insurance Agency, Inc.",Oberlin,KS,2021-06-21,2021,650000,1,FNB Bank,4.75,120.0,5.0,Active,True,False,2026-06-30
Insurance agencies,524210,Insurance Agencies and Brokerages,Seven Steps Invesment Management Llc,Winter Park,FL,2021-06-21,2021,1250000,1,United Midwest Savings Bank National Association,6.0,83.0,3.0,Active,False,False,2026-06-30
Management consulting,541612,Human Resources Consulting Services,Stone Consulting Inc,Medfield,MA,2021-06-21,2021,750000,1,Live Oak Banking Company,5.75,120.0,5.0,Active,False,False,2026-06-30
"Accounting, tax & bookkeeping",541211,Offices of Certified Public Accountants,White Sands Certified Public Accountants Llc,Fort Walton Beach,FL,2021-06-21,2021,475000,1,Live Oak Banking Company,5.5,120.0,9.0,Paid in full,False,False,2026-06-30
Insurance agencies,524210,Insurance Agencies and Brokerages,Palm Beach Advisory Group Iii Llc,Saint Petersburg,FL,2021-06-22,2021,1102500,1,Bankwell Bank,5.5,70.0,1.0,Active,False,False,2026-06-30
IT & software services,541511,Custom Computer Programming Services,"Anvil Analytics And Insights, Llc",Clayton,MO,2021-06-24,2021,245000,1,Bank of Springfield,4.5,60.0,0.0,Active,False,False,2026-06-30
"Accounting, tax & bookkeeping",541219,Other Accounting Services,"Hutchins & Haake, Llc",Overland Park,KS,2021-06-24,2021,637400,1,The Central Trust Bank,5.5,96.0,10.0,Paid in full,False,False,2026-06-30
IT & software services,541512,Computer Systems Design Services,Masterpeace Solutions Ltd,Columbia,MD,2021-06-24,2021,1017000,1,"Fulton Bank, National Association",5.5,120.0,102.0,Paid in full,False,False,2026-06-30
Law firms,541191,Title Abstract and Settlement Offices,"Owen Title Company, Inc",Tallahassee,FL,2021-06-24,2021,947000,1,First Port City Bank,5.0,300.0,13.0,Active,False,False,2026-06-30
Architecture & engineering,541330,Engineering Services,Wolf Rock East Inc,Fort Myers,FL,2021-06-25,2021,926000,1,The Huntington National Bank,5.75,120.0,7.0,Paid in full,False,False,2026-06-30
Insurance agencies,524210,Insurance Agencies and Brokerages,Ethos Insurance Group Llc,Lake Wales,FL,2021-06-28,2021,740000,1,Live Oak Banking Company,5.24,120.0,2.0,Active,False,False,2026-06-30
Law firms,541110,Offices of Lawyers,"Gardner Law, Pllc",Raleigh,NC,2021-06-28,2021,305000,1,First National Bank of Pennsylvania,5.14,120.0,22.0,Paid in full,False,False,2026-06-30
Insurance agencies,524210,Insurance Agencies and Brokerages,Twin Forks Insurane Agency Inc,Bellport,NY,2021-06-28,2021,1315000,1,Live Oak Banking Company,5.55,120.0,7.0,Active,False,False,2026-06-30
Insurance agencies,524210,Insurance Agencies and Brokerages,"Greeson Insurance Association, Inc.",Calhoun,GA,2021-06-29,2021,395700,1,Builtwell Bank,4.75,120.0,6.0,Active,False,False,2026-06-30
Insurance agencies,524210,Insurance Agencies and Brokerages,Onstot And Neal Insurance Llc,Indianola,IA,2021-06-29,2021,158000,1,TruBank,1.25,84.0,2.0,Active,False,False,2026-06-30
Architecture & engineering,541320,Landscape Architectural Services,Paver Supply Warehouse Llc,Largo,FL,2021-06-29,2021,1581000,1,Colony Bank,6.0,120.0,9.0,Active,False,False,2026-06-30
Advertising & marketing agencies,541890,Other Services Related to Advertising,Whale House Property Llc,Marquette,MI,2021-07-01,2021,720000,1,Nicolet National Bank,5.75,300.0,2.0,Paid in full,False,False,2026-06-30
"Accounting, tax & bookkeeping",541219,Other Accounting Services,"Michael J. Moberg Cpa, Llc",Mcminnville,OR,2021-07-06,2021,176000,1,Heritage Bank,5.5,120.0,1.0,Active,False,False,2026-06-30
"Accounting, tax & bookkeeping",541219,Other Accounting Services,System Six Bookkeeping Llc,Belvedere Tiburon,CA,2021-07-07,2021,4950000,2,Live Oak Banking Company,4.95,120.0,68.0,Active,False,True,2026-06-30
Law firms,541191,Title Abstract and Settlement Offices,6500 Cow Pen Holdings Llc,Miami Lakes,FL,2021-07-12,2021,2519400,1,Texas Capital Bank,0.0,180.0,6.0,Active,False,False,2026-06-30
Insurance agencies,524210,Insurance Agencies and Brokerages,"Jon Lusin Insurance Agency, Llc",Orange,CA,2021-07-12,2021,2100000,1,First Bank,6.0,120.0,5.0,Active,False,False,2026-06-30
Insurance agencies,524210,Insurance Agencies and Brokerages,R Hartvigsen Insurance Agency,Henderson,NV,2021-07-12,2021,3150000,1,Live Oak Banking Company,5.25,120.0,8.0,Paid in full,False,False,2026-06-30
Insurance agencies,524210,Insurance Agencies and Brokerages,"Torres And Associates Insurance Services, Inc.",Oxnard,CA,2021-07-12,2021,1895000,1,United Midwest Savings Bank National Association,6.0,120.0,4.0,Active,False,False,2026-06-30
Insurance agencies,524210,Insurance Agencies and Brokerages,Dfw Metropolitan Insurance Group Llc,Watagua,TX,2021-07-13,2021,1160000,1,United Midwest Savings Bank National Association,6.0,120.0,4.0,Active,False,False,2026-06-30
Law firms,541110,Offices of Lawyers,"Kalyan Law Firm, P.C.",West Lake Hills,TX,2021-07-13,2021,1295000,2,Live Oak Banking Company,5.5,120.0,4.0,Active,False,True,2026-06-30
Financial advisors,523930,Investment Advice,"P3 & Associates, Llc",Lafayette,IN,2021-07-13,2021,3700000,1,Live Oak Banking Company,5.25,120.0,6.0,Paid in full,False,False,2026-06-30
"Accounting, tax & bookkeeping",541211,Offices of Certified Public Accountants,"902 Ph Property Holding, Inc",Orlando,FL,2021-07-14,2021,580000,1,Lake Michigan CU,5.25,168.0,6.0,Active,False,False,2026-06-30
Insurance agencies,524210,Insurance Agencies and Brokerages,Anderson Insurance Specialists Llc,Deforest,WI,2021-07-14,2021,1375000,1,Live Oak Banking Company,5.4,188.0,5.0,Paid in full,False,False,2026-06-30
Law firms,541191,Title Abstract and Settlement Offices,"Liberty Title Company Of America, Inc.",Port Saint Lucie,FL,2021-07-14,2021,2863000,1,CIBC Bank USA,5.75,120.0,15.0,Active,False,False,2026-06-30
Insurance agencies,524210,Insurance Agencies and Brokerages,Saxon Hall Llc,Austin,TX,2021-07-14,2021,737800,1,"MVB Bank, Inc.",6.0,120.0,7.0,Paid in full,False,False,2026-06-30
Insurance agencies,524210,Insurance Agencies and Brokerages,Status Agency Llc,Brooklyn,NY,2021-07-14,2021,1092600,1,United Bank of Philadelphia,5.25,239.0,5.0,Active,False,False,2026-06-30
"Accounting, tax & bookkeeping",541211,Offices of Certified Public Accountants,"Xavier Yu & Associates, Cpa",Woodland Hills,CA,2021-07-14,2021,1050000,1,Bank of Hope,4.75,120.0,15.0,Active,False,False,2026-06-30
Advertising & marketing agencies,541430,Graphic Design Services,"Digitech Of Lakeland, Inc.",Lakeland,FL,2021-07-15,2021,597000,1,Bank of Central Florida,5.0,120.0,12.0,Active,False,False,2026-06-30
Advertising & marketing agencies,541890,Other Services Related to Advertising,"Double Bow Capital Partners, Llc",Charlotte,NC,2021-07-16,2021,1865000,1,Pinnacle Bank,5.25,120.0,21.0,Active,False,False,2026-06-30
Advertising & marketing agencies,541613,Marketing Consulting Services,Reputation Rhino Inc.,Wesley Chapel,FL,2021-07-16,2021,1733600,1,Fountainhead SBF LLC,6.0,120.0,3.0,Paid in full,False,False,2026-06-30
Insurance agencies,524210,Insurance Agencies and Brokerages,Royal Blue Holdings Llc,Arlington,TX,2021-07-19,2021,631000,1,United Midwest Savings Bank National Association,6.0,120.0,3.0,Paid in full,False,False,2026-06-30
Financial advisors,523930,Investment Advice,Hilltop Wealth Solutions,Mishawaka,IN,2021-07-20,2021,345000,1,Live Oak Banking Company,5.75,120.0,12.0,Active,False,False,2026-06-30
Insurance agencies,524210,Insurance Agencies and Brokerages,"The Borror Group, Llc",Dunwoody,GA,2021-07-20,2021,1750000,1,United Midwest Savings Bank National Association,6.0,120.0,2.0,Paid in full,False,False,2026-06-30
Financial advisors,523930,Investment Advice,"Beck Bode, Llc",Dedham,MA,2021-07-21,2021,3295000,1,Live Oak Banking Company,5.75,120.0,2.0,Paid in full,False,False,2026-06-30
Insurance agencies,524210,Insurance Agencies and Brokerages,"Caldwell Insurance Agency And Financial Services, Llc",Danville,WV,2021-07-21,2021,1325000,1,Live Oak Banking Company,5.25,138.0,6.0,Paid in full,False,False,2026-06-30
Architecture & engineering,541320,Landscape Architectural Services,"Earthcare Landscaping, Llc",Houston,TX,2021-07-21,2021,420000,1,Stellar Bank,5.75,120.0,10.0,Paid in full,False,False,2026-06-30
"Accounting, tax & bookkeeping",541219,Other Accounting Services,"John Tapinis & Associates, Ltd.",Red Bank,NJ,2021-07-21,2021,1157600,1,Empire State Bank,6.0,120.0,17.0,Active,False,False,2026-06-30
Insurance agencies,524210,Insurance Agencies and Brokerages,Ksa Insurance Group Llc,Miami,FL,2021-07-21,2021,287000,1,United Bank of Philadelphia,6.0,120.0,7.0,Active,False,False,2026-06-30
Insurance agencies,524210,Insurance Agencies and Brokerages,"The Stephenson Agency, Inc.",Decatur,GA,2021-07-21,2021,432000,1,United Midwest Savings Bank National Association,6.0,120.0,4.0,Paid in full,False,False,2026-06-30
IT & software services,541511,Custom Computer Programming Services,"Nimbusnow, Llc",Clearwater,FL,2021-07-22,2021,854000,1,HomeTrust Bank,6.0,120.0,1.0,Paid in full,False,False,2026-06-30
"Accounting, tax & bookkeeping",541211,Offices of Certified Public Accountants,"Abarnuevo & Associates Cpa, Inc.",Culver City,CA,2021-07-23,2021,172000,1,Commonwealth Business Bank,5.25,120.0,16.0,Paid in full,False,False,2026-06-30
IT & software services,541519,Other Computer Related Services,"It Connect, Llc",Cranberry Township,PA,2021-07-24,2021,688100,1,First Commonwealth Bank,6.0,120.0,23.0,Paid in full,False,False,2026-06-30
Insurance agencies,524210,Insurance Agencies and Brokerages,"Jr Ramirez & Associates, Llc",Killeen,TX,2021-07-24,2021,797400,1,Renasant Bank,5.25,120.0,5.0,Paid in full,False,False,2026-06-30
"Accounting, tax & bookkeeping",541211,Offices of Certified Public Accountants,"Kathryn Hardaway, Cpa, Pc",Plano,TX,2021-07-26,2021,872500,1,MidFirst Bank,5.25,120.0,2.0,Paid in full,False,False,2026-06-30
IT & software services,541519,Other Computer Related Services,Leeward Holdings Corporation,Kenosha,WI,2021-07-26,2021,322000,1,Community State Bank,5.25,120.0,15.0,Paid in full,True,False,2026-06-30
Advertising & marketing agencies,541820,Public Relations Agencies,"Three Elephant Public Relations, Llc",Wilson,WY,2021-07-26,2021,396500,1,"Community Banks of Colorado, A Division of NBH Bank",5.0,120.0,4.0,Active,False,False,2026-06-30
"Accounting, tax & bookkeeping",541211,Offices of Certified Public Accountants,Chouinard Massie &Amp; Reilly Cpas Pllc,Cape Coral,FL,2021-07-27,2021,547700,1,Lake Michigan CU,6.0,120.0,9.0,Paid in full,False,False,2026-06-30
Insurance agencies,524210,Insurance Agencies and Brokerages,Agency Associates Inc.,Lakewood,OH,2021-07-28,2021,632000,1,United Midwest Savings Bank National Association,6.0,120.0,3.0,Active,False,False,2026-06-30
Insurance agencies,524210,Insurance Agencies and Brokerages,Tri-State Benefit Specialists Llc,Evansville,IN,2021-07-28,2021,477000,1,Busey Bank,6.0,120.0,3.0,Active,False,False,2026-06-30
Management consulting,541611,Administrative Management and General Management Consulting Services,A-Rite Glass,Fort Myers,FL,2021-07-29,2021,1700000,2,Live Oak Banking Company,6.0,120.0,15.0,Active,False,True,2026-06-30
Insurance agencies,524210,Insurance Agencies and Brokerages,Felix Insurance Agency Llc,Millburn,NJ,2021-07-29,2021,625000,1,United Midwest Savings Bank National Association,6.0,120.0,2.0,Active,False,False,2026-06-30
IT & software services,541512,Computer Systems Design Services,Initium Softworks Llc,Mount Laurel,NJ,2021-07-29,2021,3415000,1,First Bank of the Lake,6.0,120.0,17.0,Active,False,False,2026-06-30
Insurance agencies,524210,Insurance Agencies and Brokerages,J Everly Properties Llc,Oxford,AL,2021-07-29,2021,890000,1,United Midwest Savings Bank National Association,3.25,120.0,2.0,Active,False,False,2026-06-30
"Accounting, tax & bookkeeping",541211,Offices of Certified Public Accountants,Michael Law,Bozeman,MT,2021-07-29,2021,549000,1,"Fund-Ex Solutions Group, LLC",6.0,120.0,3.0,Paid in full,False,False,2026-06-30
Law firms,541191,Title Abstract and Settlement Offices,Pinnacle Title Agency Llc,Fort Lauderdale,FL,2021-07-29,2021,630500,1,Seacoast National Bank,4.75,120.0,8.0,Active,False,False,2026-06-30
IT & software services,541519,Other Computer Related Services,Aventa Technology Incorporated,Modesto,CA,2021-07-30,2021,561600,1,"U.S. Bank, National Association",5.25,120.0,9.0,Active,False,False,2026-06-30
Management consulting,541618,Other Management Consulting Services,Caring4Clients Llc,Campbell,CA,2021-07-30,2021,723500,1,"U.S. Bank, National Association",5.25,120.0,90.0,Paid in full,False,False,2026-06-30
Insurance agencies,524210,Insurance Agencies and Brokerages,Crespo Insurance Group Llc,Chandler,AZ,2021-07-30,2021,216000,1,United Midwest Savings Bank National Association,6.0,120.0,2.0,Active,False,False,2026-06-30
"Accounting, tax & bookkeeping",541219,Other Accounting Services,"Estmere, Inc.",Bellevue,WA,2021-07-30,2021,387000,1,First Merchants Bank,5.75,120.0,6.0,Paid in full,False,False,2026-06-30
"Accounting, tax & bookkeeping",541211,Offices of Certified Public Accountants,Geer Cpa Pc,Pittsford,NY,2021-07-30,2021,295000,2,Manufacturers and Traders Trust Company,5.0,120.0,1.0,Paid in full,True,True,2026-06-30
Insurance agencies,524210,Insurance Agencies and Brokerages,Infinity Insurance Group Llc,Mocksville,NC,2021-07-30,2021,1175000,1,Live Oak Banking Company,5.49,120.0,7.0,Paid in full,False,False,2026-06-30
Insurance agencies,524210,Insurance Agencies and Brokerages,Makmann Insurance Agency Llc,Derry,NH,2021-07-30,2021,2190000,1,Pathward National Association,6.0,120.0,9.0,Paid in full,False,False,2026-06-30
Financial advisors,523930,Investment Advice,Revere Financial Llc,Naperville,IL,2021-07-30,2021,1019600,1,Busey Bank,5.0,120.0,3.0,Paid in full,False,False,2026-06-30
Advertising & marketing agencies,541890,Other Services Related to Advertising,New York Signs And Visual Graphics Llc,Albany,NY,2021-08-02,2021,178000,1,NYBDC Local Development Corporation dba Pursuit Community Finance,7.25,120.0,4.0,Active,False,False,2026-06-30
Advertising & marketing agencies,541613,Marketing Consulting Services,"Redmcompany, Llc",Leawood,KS,2021-08-02,2021,694600,1,Sunflower Bank National Association,4.25,120.0,11.0,Active,False,False,2026-06-30
"Accounting, tax & bookkeeping",541211,Offices of Certified Public Accountants,Tarheel Inc. Dba Kelly Tate Cpa,Las Vegas,NV,2021-08-02,2021,581000,1,Wells Fargo Bank National Association,4.7,120.0,4.0,Active,False,False,2026-06-30
IT & software services,541519,Other Computer Related Services,"Accunet, Inc.",Westerville,OH,2021-08-05,2021,650000,2,First Financial Bank,4.25,120.0,2.0,Active,True,True,2026-06-30
Insurance agencies,524210,Insurance Agencies and Brokerages,Andrew Dewey Agency Llc,Troy,MI,2021-08-05,2021,1425000,1,Beacon Bank and Trust,5.75,120.0,4.0,Active,False,False,2026-06-30
Insurance agencies,524210,Insurance Agencies and Brokerages,"Champions Insurance Agency, Inc.",Friendswood,TX,2021-08-05,2021,677000,1,United Midwest Savings Bank National Association,5.25,120.0,5.0,Active,False,False,2026-06-30
Management consulting,541690,Other Scientific and Technical Consulting Services,Ihcbp Infinity Holdings Inc,Atlanta,GA,2021-08-06,2021,3800000,1,Live Oak Banking Company,5.4,120.0,5.0,Paid in full,False,False,2026-06-30
IT & software services,541513,Computer Facilities Management Services,"Innovative Management And Technology Services, Llc",Bridgeport,WV,2021-08-06,2021,4190000,1,First Bank of the Lake,6.0,120.0,70.0,Active,False,False,2026-06-30
Insurance agencies,524210,Insurance Agencies and Brokerages,"Paradiso Financial &Amp; Insurance Services, Llc",Stafford Springs,CT,2021-08-06,2021,1000000,1,Jewett City Savings Bank,4.75,84.0,8.0,Paid in full,True,False,2026-06-30
Advertising & marketing agencies,541840,Media Representatives,"System & Marketing Solutions, Inc.",Pismo Beach,CA,2021-08-06,2021,518000,1,American Riviera Bank,6.0,120.0,6.0,Active,False,False,2026-06-30
Insurance agencies,524210,Insurance Agencies and Brokerages,The Rosell Insurance Agency Inc,Lincroft,NJ,2021-08-06,2021,2275000,1,Live Oak Banking Company,4.9,120.0,10.0,Active,False,False,2026-06-30
"Accounting, tax & bookkeeping",541219,Other Accounting Services,Utility Reduction Consultants,Bellmore,NY,2021-08-06,2021,2508000,1,Live Oak Banking Company,6.0,120.0,3.0,Paid in full,False,False,2026-06-30
Advertising & marketing agencies,541430,Graphic Design Services,"Great Basin Graphics, Llc",Logan,UT,2021-08-09,2021,88100,1,Cache Valley Bank,5.5,120.0,5.0,Active,False,False,2026-06-30
"Accounting, tax & bookkeeping",541219,Other Accounting Services,Spark Growth Capital Llc,Napa,CA,2021-08-09,2021,900000,2,Live Oak Banking Company,5.25,120.0,8.0,Active,False,True,2026-06-30
"Accounting, tax & bookkeeping",541219,Other Accounting Services,"William Rogers Company, Inc.",San Diego,CA,2021-08-10,2021,1175000,1,Live Oak Banking Company,5.0,120.0,6.0,Active,False,False,2026-06-30
Law firms,541110,Offices of Lawyers,Gibbs Houston Pauw Pllc,Seattle,WA,2021-08-11,2021,120000,1,Heritage Bank,5.0,120.0,12.0,Paid in full,True,True,2026-06-30
Law firms,541110,Offices of Lawyers,"Gibbs Houston Pauw, Pllc",Seattle,WA,2021-08-11,2021,979000,1,Heritage Bank,5.25,120.0,12.0,Active,False,False,2026-06-30
Insurance agencies,524210,Insurance Agencies and Brokerages,"The Darren Moon Insurance Agency, Inc.",Astoria,NY,2021-08-11,2021,1234000,1,Mechanics and Farmers Bank,5.25,120.0,4.0,Active,False,False,2026-06-30
Law firms,541110,Offices of Lawyers,"Radix Professional Services, Llc",Scottsdale,AZ,2021-08-13,2021,2106000,1,"BOKF, National Association",4.75,120.0,22.0,Paid in full,False,False,2026-06-30
Insurance agencies,524210,Insurance Agencies and Brokerages,Urban Ninja Company,Casper,WY,2021-08-13,2021,688000,1,United Midwest Savings Bank National Association,6.0,120.0,3.0,Paid in full,False,False,2026-06-30
"Accounting, tax & bookkeeping",541219,Other Accounting Services,Webb Accounting Service Inc.,Carmel,IN,2021-08-13,2021,725000,1,Customers Bank,5.5,120.0,1.0,Active,False,False,2026-06-30
Insurance agencies,524210,Insurance Agencies and Brokerages,"The Wigington Agency, Llc",Southaven,MS,2021-08-16,2021,630000,1,Community Bank of Mississippi,4.0,120.0,4.0,Paid in full,False,False,2026-06-30
Advertising & marketing agencies,541810,Advertising Agencies,"Breakthrough Marketing + Design + Technology, Inc",Kansas City,MO,2021-08-17,2021,575000,1,Beacon Bank and Trust,2.75,97.0,5.0,Active,False,False,2026-06-30
Architecture & engineering,541320,Landscape Architectural Services,Design By Vision Landscaping,Block Island,RI,2021-08-17,2021,1080000,1,Beacon Bank and Trust,4.75,240.0,9.0,Active,False,False,2026-06-30
Insurance agencies,524210,Insurance Agencies and Brokerages,"Hat Trick Investments, Llc",Jupiter,FL,2021-08-18,2021,1040000,1,Happen Bank,5.25,120.0,4.0,Paid in full,False,False,2026-06-30
Insurance agencies,524210,Insurance Agencies and Brokerages,Evidence Insurance Services Agency Llc,Peoria,AZ,2021-08-19,2021,293700,1,United Midwest Savings Bank National Association,6.0,120.0,1.0,Active,False,False,2026-06-30
Management consulting,541690,Other Scientific and Technical Consulting Services,Tekon Technical Consultants Inc,Rochester,NH,2021-08-19,2021,750000,1,Manufacturers and Traders Trust Company,4.75,129.0,16.0,Active,False,False,2026-06-30
Advertising & marketing agencies,541810,Advertising Agencies,The David James Company,Oakbrook Terrace,IL,2021-08-19,2021,1296500,1,Providence Bank and Trust,6.0,120.0,18.0,Active,False,False,2026-06-30
Architecture & engineering,541380,Testing Laboratories,Analytical Resources Llc,Tukwila,WA,2021-08-23,2021,1635300,1,Northwest Bank,6.0,120.0,3.0,Active,False,False,2026-06-30
"Accounting, tax & bookkeeping",541211,Offices of Certified Public Accountants,Mcgreal & Company P.C.,Oak Lawn,IL,2021-08-23,2021,600000,1,"Beverly Bank & Trust Company, National Association",4.25,84.0,11.0,Active,True,False,2026-06-30
"Accounting, tax & bookkeeping",541211,Offices of Certified Public Accountants,Mjay Llc,Ontario,OR,2021-08-23,2021,215400,1,"U.S. Bank, National Association",5.2,120.0,2.0,Active,False,False,2026-06-30
Insurance agencies,524210,Insurance Agencies and Brokerages,Unbridled Insurance Agency Llc,Mckinney,TX,2021-08-23,2021,967000,1,United Midwest Savings Bank National Association,6.0,120.0,6.0,Paid in full,False,False,2026-06-30
Architecture & engineering,541380,Testing Laboratories,Analytical Resources Llc,Tukwila,WA,2021-08-24,2021,500000,1,Northwest Bank,6.0,120.0,3.0,Active,False,False,2026-06-30
Financial advisors,523930,Investment Advice,"Waterstone Financial, Llc",Fort Myers,FL,2021-08-24,2021,1273000,1,Live Oak Banking Company,5.5,120.0,2.0,Active,False,False,2026-06-30
Advertising & marketing agencies,541810,Advertising Agencies,"Brink Communications, Llc",Portland,OR,2021-08-25,2021,3331000,1,Heritage Bank,4.25,120.0,39.0,Active,False,False,2026-06-30
Advertising & marketing agencies,541613,Marketing Consulting Services,Unstoppable Media Llc,Brooklyn,NY,2021-08-25,2021,825000,1,Live Oak Banking Company,5.25,120.0,5.0,Active,False,False,2026-06-30
IT & software services,541512,Computer Systems Design Services,"Comsolutions, Inc.",Tampa,FL,2021-08-26,2021,817000,1,Midwest BankCentre,5.75,120.0,16.0,Active,False,False,2026-06-30
Advertising & marketing agencies,541890,Other Services Related to Advertising,Jam Assets Llc,Nixa,MO,2021-08-26,2021,769500,1,OakStar Bank,6.0,120.0,13.0,Active,False,False,2026-06-30
Architecture & engineering,541330,Engineering Services,"Natron Resources, Inc.",Moraga,CA,2021-08-26,2021,472000,1,Plumas Bank,4.75,120.0,10.0,Paid in full,False,False,2026-06-30
"Accounting, tax & bookkeeping",541219,Other Accounting Services,"Rwb Investments, Inc.",Hood,CA,2021-08-26,2021,112000,1,Plumas Bank,6.0,120.0,1.0,Active,False,False,2026-06-30
Management consulting,541614,"Process, Physical Distribution, and Logistics Consulting Services",Cheetah Automation Llc,Clearwater,FL,2021-08-27,2021,500000,2,Manufacturers and Traders Trust Company,4.75,120.0,2.0,Charged off,False,False,2026-06-30
"Accounting, tax & bookkeeping",541211,Offices of Certified Public Accountants,"Abtb Acquisition, Llc",Charlotte,NC,2021-08-30,2021,940000,1,Customers Bank,5.0,120.0,11.0,Paid in full,False,False,2026-06-30
Architecture & engineering,541330,Engineering Services,Aegis Environmental Inc,North Chesterfield,VA,2021-08-30,2021,3228000,1,TowneBank,5.0,144.0,20.0,Paid in full,False,False,2026-06-30
"Accounting, tax & bookkeeping",541211,Offices of Certified Public Accountants,Bluebird Accounting Services Llc,Albuquerque,NM,2021-08-30,2021,422100,1,"22nd State Bank, A Division of 22nd State Banking Company",6.0,120.0,3.0,Paid in full,False,False,2026-06-30
Insurance agencies,524210,Insurance Agencies and Brokerages,Guarded Insurance Llc,Williamsburg,VA,2021-08-30,2021,1659000,1,United Midwest Savings Bank National Association,6.0,120.0,5.0,Active,False,False,2026-06-30
Architecture & engineering,541320,Landscape Architectural Services,Mirror Lake Designs Inc,Spring,TX,2021-08-30,2021,2040000,1,Third Coast Bank,5.25,300.0,10.0,Paid in full,False,False,2026-06-30
Advertising & marketing agencies,541810,Advertising Agencies,"Happylucky, Inc.",Portland,OR,2021-08-31,2021,259700,1,Summit Bank,6.0,120.0,25.0,Paid in full,False,False,2026-06-30
Insurance agencies,524210,Insurance Agencies and Brokerages,"Lawrence D Mcfadden Insurance Agency, Llc",Upper Marlboro,MD,2021-08-31,2021,680000,1,First Bank,6.0,120.0,4.0,Paid in full,False,False,2026-06-30
Advertising & marketing agencies,541810,Advertising Agencies,Publicidad Latina Inc,Houston,TX,2021-08-31,2021,1524200,1,Regions Bank,4.5,120.0,4.0,Active,False,False,2026-06-30
Insurance agencies,524210,Insurance Agencies and Brokerages,"Sandstone Partners Health, Llc",Clearwater,FL,2021-08-31,2021,1235000,1,Live Oak Banking Company,4.75,120.0,17.0,Paid in full,False,False,2026-06-30
Insurance agencies,524210,Insurance Agencies and Brokerages,"Spresser Agency, Llc",Saint Francis,KS,2021-08-31,2021,120000,1,FNB Bank,5.25,120.0,1.0,Active,True,False,2026-06-30
"Accounting, tax & bookkeeping",541219,Other Accounting Services,"Dmp Management, Llc",Port Angeles,WA,2021-09-01,2021,927000,1,"22nd State Bank, A Division of 22nd State Banking Company",5.0,120.0,8.0,Active,False,False,2026-06-30
IT & software services,541519,Other Computer Related Services,Nordic Systems Llc,Cape Coral,FL,2021-09-01,2021,382500,1,Truist Bank,5.25,83.0,5.0,Charged off,False,False,2026-06-30
Management consulting,541620,Environmental Consulting Services,Rempert Inc.,Northwood,NH,2021-09-01,2021,1643000,1,Busey Bank,6.0,168.0,18.0,Paid in full,False,False,2026-06-30
Insurance agencies,524210,Insurance Agencies and Brokerages,"Southern Risk Agency, Inc.",Tampa,FL,2021-09-02,2021,1189000,1,United Midwest Savings Bank National Association,3.25,120.0,7.0,Active,False,False,2026-06-30
Insurance agencies,524210,Insurance Agencies and Brokerages,Bjf Insurance Services Inc,Salt Lake City,UT,2021-09-03,2021,1330000,1,United Midwest Savings Bank National Association,6.0,168.0,7.0,Active,False,False,2026-06-30
"Accounting, tax & bookkeeping",541211,Offices of Certified Public Accountants,Pleasant Hill Tax Group Inc.,Pleasant Hill,CA,2021-09-03,2021,188000,1,Plumas Bank,5.75,120.0,2.0,Active,False,False,2026-06-30
IT & software services,541519,Other Computer Related Services,S&S Cornelius Corp.,Eden Prairie,MN,2021-09-03,2021,3165300,1,Bridgewater Bank,4.5,119.0,30.0,Active,False,False,2026-06-30
IT & software services,541512,Computer Systems Design Services,"Techbundle, Lp",College Station,TX,2021-09-03,2021,603000,1,Truist Bank,5.25,120.0,10.0,Active,False,False,2026-06-30
"Accounting, tax & bookkeeping",541211,Offices of Certified Public Accountants,"Tahri C.P.A.,  Pllc",Woodbridge,VA,2021-09-08,2021,580000,1,Live Oak Banking Company,5.25,120.0,9.0,Active,False,False,2026-06-30
Insurance agencies,524210,Insurance Agencies and Brokerages,The Smith Agency Llc,Corvallis,OR,2021-09-09,2021,169000,1,United Bank of Philadelphia,6.0,120.0,5.0,Active,False,False,2026-06-30
Architecture & engineering,541330,Engineering Services,Bluestone Insourcing Solutions Llc,Arlington,VA,2021-09-10,2021,3500000,1,Live Oak Banking Company,6.0,84.0,90.0,Active,False,False,2026-06-30
Insurance agencies,524210,Insurance Agencies and Brokerages,Coastal Insurance Group Llc,Boca Raton,FL,2021-09-10,2021,3315000,1,Bankwell Bank,5.5,120.0,8.0,Paid in full,False,False,2026-06-30
Financial advisors,523930,Investment Advice,Andres Yepes,Rockledge,FL,2021-09-13,2021,375000,1,Byline Bank,6.0,120.0,2.0,Active,False,False,2026-06-30
"Accounting, tax & bookkeeping",541219,Other Accounting Services,Dalle Accounting And Cash Management Inc.,Watervliet,NY,2021-09-13,2021,500000,1,Beacon Bank and Trust,1.5,120.0,26.0,Paid in full,False,False,2026-06-30
"Accounting, tax & bookkeeping",541219,Other Accounting Services,Jg1 Enterprises Llc,Moraine,OH,2021-09-14,2021,374000,1,The Huntington National Bank,5.75,120.0,6.0,Active,False,False,2026-06-30
Advertising & marketing agencies,541430,Graphic Design Services,"Invictus Advertising, Llc",Springfield,MO,2021-09-15,2021,528300,1,Guaranty Bank,6.0,120.0,4.0,Paid in full,False,False,2026-06-30
Architecture & engineering,541330,Engineering Services,"Peoples Associates Structural Engineers, Inc.",San Jose,CA,2021-09-15,2021,5000000,1,Live Oak Banking Company,4.5,120.0,69.0,Active,False,False,2026-06-30
Insurance agencies,524210,Insurance Agencies and Brokerages,Providence Financial,Sioux Falls,SD,2021-09-15,2021,1450000,1,Live Oak Banking Company,5.25,120.0,4.0,Paid in full,False,False,2026-06-30
"Accounting, tax & bookkeeping",541211,Offices of Certified Public Accountants,Thorntree Cpa Services Llc,Norwalk,IA,2021-09-15,2021,950000,2,Live Oak Banking Company,5.3,120.0,5.0,Active,False,True,2026-06-30
Architecture & engineering,541330,Engineering Services,Access Michigan Llc,Farmington Hills,MI,2021-09-16,2021,4025000,1,Byline Bank,5.75,120.0,3.0,Paid in full,False,False,2026-06-30
Financial advisors,523930,Investment Advice,David Samuel Licary,Roscoe,IL,2021-09-16,2021,935000,1,Live Oak Banking Company,5.25,120.0,10.0,Active,False,False,2026-06-30
Advertising & marketing agencies,541860,Direct Mail Advertising,Rsvp Sarasota,Sarasota,FL,2021-09-16,2021,310000,1,"CRF Small Business Loan Company, LLC",6.0,120.0,1.0,Active,False,False,2026-06-30
"Accounting, tax & bookkeeping",541211,Offices of Certified Public Accountants,"Tahri C.P.A.,  Pllc",Woodbridge,VA,2021-09-16,2021,525000,1,Live Oak Banking Company,5.15,120.0,6.0,Active,False,False,2026-06-30
"Accounting, tax & bookkeeping",541219,Other Accounting Services,"April Financial, Llc",Bunker Hill,IL,2021-09-17,2021,190200,1,Bank Star,6.0,120.0,1.0,Active,False,False,2026-06-30
Law firms,541191,Title Abstract and Settlement Offices,"Concierge Title, Inc.",Andover,MN,2021-09-17,2021,192000,1,Village Bank,5.25,120.0,8.0,Active,False,False,2026-06-30
Insurance agencies,524210,Insurance Agencies and Brokerages,Kamo Insurance Advisors Corp,Kansas City,MO,2021-09-17,2021,770000,1,United Midwest Savings Bank National Association,6.0,120.0,4.0,Paid in full,False,False,2026-06-30
Insurance agencies,524210,Insurance Agencies and Brokerages,Mavin'S Insurance Services Inc,Edmonds,WA,2021-09-17,2021,1364800,1,"MVB Bank, Inc.",5.75,120.0,6.0,Paid in full,False,False,2026-06-30
Insurance agencies,524210,Insurance Agencies and Brokerages,"Northern Insurance & Financial Services, Llc",Presque Isle,ME,2021-09-18,2021,280000,1,Empeople Credit Union,6.0,120.0,3.0,Active,False,False,2026-06-30
IT & software services,541519,Other Computer Related Services,Gw Tax And Accounting Llc,Exton,PA,2021-09-20,2021,850000,1,Live Oak Banking Company,5.5,121.0,8.0,Paid in full,False,False,2026-06-30
Architecture & engineering,541380,Testing Laboratories,Kmet Holdings Llc,Rockford,TN,2021-09-20,2021,1829000,1,"U.S. Bank, National Association",4.85,180.0,8.0,Active,False,False,2026-06-30
Architecture & engineering,541330,Engineering Services,Lewandowski Enterprises Llc,Cumming,GA,2021-09-20,2021,265000,1,"Capital Bank, National Association",6.0,120.0,2.0,Paid in full,False,False,2026-06-30
Insurance agencies,524210,Insurance Agencies and Brokerages,Mk Enterprises Llc,Reno,NV,2021-09-20,2021,1763000,1,Mechanics and Farmers Bank,5.25,120.0,7.0,Paid in full,False,False,2026-06-30
"Accounting, tax & bookkeeping",541213,Tax Preparation Services,"Tyler Shelton, As Owner Of Shelton & Associates",Corona,CA,2021-09-20,2021,546000,1,BMO Bank National Association,5.75,120.0,2.0,Active,False,False,2026-06-30
Insurance agencies,524210,Insurance Agencies and Brokerages,"Hamlin, Robert And Ridgeway, Ltd.",Albany,NY,2021-09-21,2021,1060000,1,Beacon Bank and Trust,6.0,120.0,2.0,Active,False,False,2026-06-30
Insurance agencies,524210,Insurance Agencies and Brokerages,Hcd Enterprises Llc,Brookfield,WI,2021-09-21,2021,950000,1,Byline Bank,6.0,120.0,5.0,Paid in full,False,False,2026-06-30
"Accounting, tax & bookkeeping",541211,Offices of Certified Public Accountants,Lijin J. Philip Cpa P.C.,Crowley,TX,2021-09-21,2021,500000,1,Live Oak Banking Company,5.52,162.0,3.0,Active,False,False,2026-06-30
"Accounting, tax & bookkeeping",541219,Other Accounting Services,"S. Paige Sander Cpa, Llc",Kansas City,MO,2021-09-21,2021,1195600,1,Citizens Bank,5.0,300.0,3.0,Paid in full,False,False,2026-06-30
Advertising & marketing agencies,541613,Marketing Consulting Services,Scholes Digital Inc,Odessa,FL,2021-09-21,2021,837100,1,The Huntington National Bank,5.75,120.0,1.0,Active,False,False,2026-06-30
IT & software services,541513,Computer Facilities Management Services,"Aligned Services, Inc",Tenino,WA,2021-09-22,2021,228000,1,Commencement Bank,5.25,120.0,4.0,Active,True,False,2026-06-30
"Accounting, tax & bookkeeping",541211,Offices of Certified Public Accountants,Bookkeeping Centrum Llc,Tustin,CA,2021-09-22,2021,728100,1,First Bank,5.5,98.0,6.0,Active,False,False,2026-06-30
Management consulting,541611,Administrative Management and General Management Consulting Services,"Development Solutions & Services, Llc",Manhattan Beach,CA,2021-09-22,2021,3440000,1,First Bank of the Lake,5.5,120.0,28.0,Active,False,False,2026-06-30
Advertising & marketing agencies,541820,Public Relations Agencies,"Elizabeth Christian Public Relations, Llc",Austin,TX,2021-09-22,2021,2518500,1,Encore Bank,6.0,120.0,25.0,Active,False,False,2026-06-30
"Accounting, tax & bookkeeping",541219,Other Accounting Services,"Hlm Accounting & Tax, Inc.",Decatur,GA,2021-09-22,2021,800000,1,Live Oak Banking Company,5.0,120.0,6.0,Paid in full,False,False,2026-06-30
Architecture & engineering,541320,Landscape Architectural Services,Tnre Llc,Puyallup,WA,2021-09-22,2021,2590000,1,Northwest Bank,4.5,257.0,14.0,Active,False,False,2026-06-30
Financial advisors,523930,Investment Advice,95 Up Staffing Inc.,Smithtown,NY,2021-09-23,2021,4130000,1,Live Oak Banking Company,4.5,120.0,8.0,Active,False,False,2026-06-30
Law firms,541110,Offices of Lawyers,Employers Solutions Law,Bellevue,WA,2021-09-23,2021,1346000,2,Heritage Bank,5.0,120.0,10.0,Active,False,True,2026-06-30
Architecture & engineering,541330,Engineering Services,"Walden, Ashworth & Associates, Inc.",Canton,GA,2021-09-23,2021,412000,1,Builtwell Bank,2.75,120.0,7.0,Active,False,False,2026-06-30
Management consulting,541611,Administrative Management and General Management Consulting Services,"Development Solutions & Services, Inc.",Manhattan Beach,CA,2021-09-24,2021,100000,1,First Bank of the Lake,5.5,60.0,28.0,Active,True,True,2026-06-30
"Accounting, tax & bookkeeping",541219,Other Accounting Services,Level Plain Consulting Llc,Sterling,VA,2021-09-25,2021,670000,1,Live Oak Banking Company,5.3,120.0,4.0,Paid in full,False,False,2026-06-30
Management consulting,541611,Administrative Management and General Management Consulting Services,Cash Flow Acquisitions Inc. 401K Plan,Bixby,OK,2021-09-26,2021,1391400,1,First Oklahoma Bank,5.25,120.0,5.0,Active,False,False,2026-06-30
IT & software services,541519,Other Computer Related Services,"B2, Llc",Omaha,NE,2021-09-27,2021,430000,1,First National Bank of Omaha,4.25,48.0,11.0,Paid in full,False,False,2026-06-30
Management consulting,541611,Administrative Management and General Management Consulting Services,"Impact Group, Inc.",Saint Paul,MN,2021-09-27,2021,475000,1,Minnesota Lakes Bank,5.25,120.0,5.0,Paid in full,False,False,2026-06-30
Architecture & engineering,541350,Building Inspection Services,"Starfire Sprinkler Services, Inc.",San Antonio,TX,2021-09-27,2021,600000,1,Broadway National Bank,4.5,120.0,10.0,Active,False,False,2026-06-30
IT & software services,541519,Other Computer Related Services,"B2, Llc",Omaha,NE,2021-09-28,2021,50000,1,First National Bank of Omaha,3.75,120.0,11.0,Paid in full,True,True,2026-06-30
"Accounting, tax & bookkeeping",541211,Offices of Certified Public Accountants,Hayes & Mccolloch Cpas Pllc,Tacoma,WA,2021-09-28,2021,1542300,1,Heritage Bank,4.25,120.0,14.0,Active,False,False,2026-06-30
Management consulting,541620,Environmental Consulting Services,Hc Environmental Llc,Divide,CO,2021-09-28,2021,355000,1,Midwest Regional Bank,6.0,120.0,14.0,Active,False,False,2026-06-30
Advertising & marketing agencies,541810,Advertising Agencies,"Entrepreneur Advertising Group, Llc",Kansas City,MO,2021-09-29,2021,2000000,1,Busey Bank,5.25,120.0,17.0,Active,False,False,2026-06-30
Architecture & engineering,541330,Engineering Services,Interlink Engineering Llc,Phoenix,AZ,2021-09-29,2021,702000,1,Banterra Bank,6.0,120.0,10.0,Active,False,False,2026-06-30
Insurance agencies,524210,Insurance Agencies and Brokerages,B Redmon Insurance Partners Llc,Clarksville,IN,2021-10-01,2022,149400,1,German American Bank,4.82,120.0,2.0,Active,True,False,2026-06-30
"Accounting, tax & bookkeeping",541211,Offices of Certified Public Accountants,"Sandzimier, Shoemaker & Company, Llc",Dunbar,PA,2021-10-01,2022,275000,1,Somerset Trust Company,4.9,120.0,6.0,Active,True,False,2026-06-30
"Accounting, tax & bookkeeping",541211,Offices of Certified Public Accountants,James P. Moriarty Cpa Llc Or Nominee,Wilmington,MA,2021-10-05,2022,297500,2,Eastern Bank,5.0,120.0,1.0,Active,True,True,2026-06-30
Law firms,541110,Offices of Lawyers,"Thomas P. Peters Ii, & Associates P.A.",Lewiston,ME,2021-10-08,2022,126000,1,Androscoggin Savings Bank,4.25,120.0,5.0,Active,False,False,2026-06-30
Law firms,541110,Offices of Lawyers,Florida Law Advisors P.A.,Tampa,FL,2021-10-12,2022,1478000,1,Celtic Bank Corporation,5.5,300.0,11.0,Active,False,False,2026-06-30
Advertising & marketing agencies,541840,Media Representatives,13 Stars,Atascadero,CA,2021-10-15,2022,540000,1,Customers Bank,5.5,120.0,10.0,Active,False,False,2026-06-30
Management consulting,541618,Other Management Consulting Services,"Bright Spark Strategies, Llc",Lansing,MI,2021-10-18,2022,304500,1,The Huntington National Bank,5.75,120.0,4.0,Active,False,False,2026-06-30
Law firms,541110,Offices of Lawyers,"Thomas P. Peters Ii, & Associates P.A.",Lewiston,ME,2021-10-18,2022,20000,1,Androscoggin Savings Bank,4.5,120.0,3.0,Active,True,True,2026-06-30
Insurance agencies,524210,Insurance Agencies and Brokerages,"Pin High Financial, Llc",Eagle,ID,2021-10-19,2022,350000,1,Pathward National Association,5.25,120.0,6.0,Active,False,False,2026-06-30
Insurance agencies,524210,Insurance Agencies and Brokerages,"Go Direct Agency, Inc.",Littleton,CO,2021-10-20,2022,2058600,1,United Midwest Savings Bank National Association,5.5,99.0,12.0,Paid in full,False,False,2026-06-30
Insurance agencies,524210,Insurance Agencies and Brokerages,Pirzada Ali Incorporated,Valley Stream,NY,2021-10-20,2022,1034900,1,"MVB Bank, Inc.",6.0,105.0,7.0,Charged off,False,False,2026-06-30
Insurance agencies,524210,Insurance Agencies and Brokerages,"Snead Agency, Llc",Wappingers Falls,NY,2021-10-20,2022,615000,1,United Midwest Savings Bank National Association,6.0,120.0,3.0,Active,False,False,2026-06-30
Architecture & engineering,541320,Landscape Architectural Services,The Plant Concierge,Dallas,TX,2021-10-20,2022,975000,1,Live Oak Banking Company,5.65,120.0,0.0,Active,False,False,2026-06-30
"Accounting, tax & bookkeeping",541211,Offices of Certified Public Accountants,Lewis & Amwake Pllc,Phoenix,AZ,2021-10-25,2022,50000,1,Sunflower Bank National Association,5.75,120.0,1.0,Active,True,True,2026-06-30
Insurance agencies,524210,Insurance Agencies and Brokerages,Mariner Insurance Inc,Fort Myers,FL,2021-10-26,2022,1399900,1,Regions Bank,6.0,137.0,8.0,Active,False,False,2026-06-30
"Accounting, tax & bookkeeping",541211,Offices of Certified Public Accountants,Lewis & Amwake Pllc,Phoenix,AZ,2021-10-27,2022,369100,1,Sunflower Bank National Association,4.15,120.0,1.0,Active,False,False,2026-06-30
Insurance agencies,524210,Insurance Agencies and Brokerages,Melissa Dawn Agency Llc,Tulsa,OK,2021-10-27,2022,188000,1,United Bank of Philadelphia,6.0,120.0,4.0,Active,False,False,2026-06-30
Advertising & marketing agencies,541810,Advertising Agencies,Marion Mint Of Florida Inc,Ocala,FL,2021-11-01,2022,1682000,1,Beacon Bank and Trust,5.5,183.0,8.0,Paid in full,False,False,2026-06-30
Architecture & engineering,541330,Engineering Services,"Nobis Engineering, Inc. Esop",Concord,NH,2021-11-01,2022,2571000,1,"TD Bank, National Association",3.6,120.0,70.0,Paid in full,False,False,2026-06-30
IT & software services,541519,Other Computer Related Services,Archsys Incorporated,Bulverde,TX,2021-11-02,2022,2350000,1,Encore Bank,6.0,84.0,13.0,Active,False,False,2026-06-30
Architecture & engineering,541380,Testing Laboratories,"Clinical Collection Management, Inc.",Saint Louis,MO,2021-11-02,2022,689000,1,St. Louis Bank,6.0,120.0,30.0,Active,False,False,2026-06-30
"Accounting, tax & bookkeeping",541219,Other Accounting Services,Jg1 Enterprises Llc,Moraine,OH,2021-11-03,2022,38300,1,The Huntington National Bank,5.75,120.0,6.0,Active,False,False,2026-06-30
Insurance agencies,524210,Insurance Agencies and Brokerages,"Monument Commercial Insurance Services, Inc.",Tehachapi,CA,2021-11-03,2022,388000,1,United Midwest Savings Bank National Association,6.0,120.0,2.0,Active,False,False,2026-06-30
"Accounting, tax & bookkeeping",541211,Offices of Certified Public Accountants,W Clay Blue Jr Cpa,Fuquay Varina,NC,2021-11-03,2022,450000,1,Live Oak Banking Company,5.5,120.0,6.0,Active,False,False,2026-06-30
"Accounting, tax & bookkeeping",541211,Offices of Certified Public Accountants,Hungeling-Grace Cpas,Atlanta,GA,2021-11-06,2022,2000000,1,Live Oak Banking Company,5.5,120.0,6.0,Paid in full,False,False,2026-06-30
"Accounting, tax & bookkeeping",541213,Tax Preparation Services,"Guernsey Accounting, Llc",Kansas City,MO,2021-11-08,2022,464000,1,Landmark National Bank,6.0,120.0,6.0,Active,False,False,2026-06-30
Management consulting,541620,Environmental Consulting Services,R3 Consulting Group Inc.,Roseville,CA,2021-11-09,2022,340000,1,Pathward National Association,6.0,120.0,2.0,Paid in full,False,False,2026-06-30
Advertising & marketing agencies,541890,Other Services Related to Advertising,Buyside Global Llc,Chicago,IL,2021-11-10,2022,830000,1,HomeTrust Bank,5.75,85.0,4.0,Active,False,False,2026-06-30
Management consulting,541611,Administrative Management and General Management Consulting Services,Seneca Real Estate Services Inc.,Rancho Cucamonga,CA,2021-11-10,2022,2600000,1,First Service Credit Union,5.5,108.0,10.0,Active,False,False,2026-06-30
Management consulting,541618,Other Management Consulting Services,The Father Solanus Casey Mission Llc,Shakopee,MN,2021-11-10,2022,882200,2,BankVista,5.75,120.0,6.0,Active,False,True,2026-06-30
Insurance agencies,524210,Insurance Agencies and Brokerages,Insure Nj Services L.L.C. D/B/A Colonial Insurance Agency,Keyport,NJ,2021-11-15,2022,2775000,1,Bankwell Bank,5.5,120.0,7.0,Paid in full,False,False,2026-06-30
"Accounting, tax & bookkeeping",541211,Offices of Certified Public Accountants,North Valley Financial Services Llc,Westlake,OH,2021-11-16,2022,900000,1,Live Oak Banking Company,5.25,120.0,9.0,Active,False,False,2026-06-30
"Accounting, tax & bookkeeping",541213,Tax Preparation Services,"Taxmegan, Inc",Bloomington,IN,2021-11-16,2022,488100,2,Old National Bank,4.75,120.0,25.0,Active,False,True,2026-06-30
"Accounting, tax & bookkeeping",541211,Offices of Certified Public Accountants,Cooper Cpa Pllc,Winston Salem,NC,2021-11-18,2022,270000,1,Live Oak Banking Company,5.95,120.0,4.0,Active,False,False,2026-06-30
Insurance agencies,524210,Insurance Agencies and Brokerages,"Hixon Agency, Inc.",Scottsboro,AL,2021-11-18,2022,1180000,1,United Midwest Savings Bank National Association,6.0,120.0,4.0,Active,False,False,2026-06-30
Management consulting,541611,Administrative Management and General Management Consulting Services,"Management Science & Innovation, Llc",Reston,VA,2021-11-18,2022,4563000,1,First Bank of the Lake,5.75,132.0,25.0,Paid in full,False,False,2026-06-30
"Accounting, tax & bookkeeping",541211,Offices of Certified Public Accountants,"Jonathan Hicks, Cpa Pllc",Matthews,NC,2021-11-19,2022,510000,1,Live Oak Banking Company,5.5,120.0,3.0,Active,False,False,2026-06-30
"Accounting, tax & bookkeeping",541213,Tax Preparation Services,Hope Loose Tax Inc,Oregon City,OR,2021-11-21,2022,1327800,1,Embold Federal Credit Union,5.2,120.0,11.0,Charged off,False,False,2026-06-30
"Accounting, tax & bookkeeping",541213,Tax Preparation Services,"William Paul Holdings, Llc",Macon,GA,2021-11-22,2022,1421100,1,HomeTrust Bank,5.5,120.0,6.0,Active,False,False,2026-06-30
Management consulting,541690,Other Scientific and Technical Consulting Services,"Ocl Acquisition, Llc",Bloomingburg,NY,2021-11-23,2022,402000,1,Firstrust Savings Bank,4.75,120.0,30.0,Paid in full,False,False,2026-06-30
Insurance agencies,524210,Insurance Agencies and Brokerages,"The Hale Agency, Llc",Chattanooga,TN,2021-11-23,2022,661000,1,First Bank,5.75,120.0,3.0,Active,False,False,2026-06-30
IT & software services,541512,Computer Systems Design Services,Noema Software Inc,Mankato,MN,2021-11-29,2022,1139300,1,Village Bank,5.0,120.0,10.0,Paid in full,False,False,2026-06-30
Insurance agencies,524210,Insurance Agencies and Brokerages,"Premier Choice Insurance, Llc",Peoria,AZ,2021-12-01,2022,930000,1,Live Oak Banking Company,5.1,120.0,3.0,Paid in full,False,False,2026-06-30
Insurance agencies,524210,Insurance Agencies and Brokerages,Crumpton Insurance Agency Llc,Taylorsville,MS,2021-12-02,2022,360000,1,United Midwest Savings Bank National Association,6.0,120.0,3.0,Active,False,False,2026-06-30
"Accounting, tax & bookkeeping",541211,Offices of Certified Public Accountants,"Fl Tnt, Llc",Tampa,FL,2021-12-02,2022,765000,1,National Bank of Commerce,4.73,120.0,3.0,Active,False,False,2026-06-30
"Accounting, tax & bookkeeping",541211,Offices of Certified Public Accountants,Pccg Real Estate Llc,Indianapolis,IN,2021-12-02,2022,1463600,1,Citizens State Bank of New Castle,5.0,300.0,2.0,Active,False,False,2026-06-30
Insurance agencies,524210,Insurance Agencies and Brokerages,Robert Castoral Agency Llc,Hamilton,NJ,2021-12-02,2022,828000,1,United Midwest Savings Bank National Association,6.0,120.0,8.0,Active,False,False,2026-06-30
Architecture & engineering,541330,Engineering Services,"True Bear Engineering, Llc",Menasha,WI,2021-12-02,2022,167500,1,First National Bank & Trust Co,5.0,84.0,5.0,Active,False,False,2026-06-30
Insurance agencies,524210,Insurance Agencies and Brokerages,Daughhetee Insurance Sales Llc,Shawnee,OK,2021-12-03,2022,703000,1,Mechanics and Farmers Bank,5.25,120.0,3.0,Paid in full,False,False,2026-06-30
"Accounting, tax & bookkeeping",541211,Offices of Certified Public Accountants,Ejg Cpa Advisors Llc,Phoenix,AZ,2021-12-03,2022,250000,1,Plumas Bank,5.75,120.0,3.0,Active,False,False,2026-06-30
IT & software services,541519,Other Computer Related Services,"Wyant Data Systems, Inc.",Louisville,CO,2021-12-03,2022,843000,1,Customers Bank,6.0,120.0,12.0,Active,False,False,2026-06-30
IT & software services,541512,Computer Systems Design Services,Wise Solutions Inc.,Greenville,MS,2021-12-05,2022,466800,1,Planters Bank and Trust Company,5.75,168.0,8.0,Active,False,False,2026-06-30
"Accounting, tax & bookkeeping",541211,Offices of Certified Public Accountants,"Toohey & Diez, Cpa'S, Llc",Myrtle Beach,SC,2021-12-06,2022,199000,1,"22nd State Bank, A Division of 22nd State Banking Company",5.5,120.0,1.0,Active,False,False,2026-06-30
"Accounting, tax & bookkeeping",541211,Offices of Certified Public Accountants,"M&G Partners, Llp",Agoura Hills,CA,2021-12-08,2022,3189000,1,First-Citizens Bank & Trust Company,5.0,120.0,12.0,Active,False,False,2026-06-30
Advertising & marketing agencies,541810,Advertising Agencies,"Ppa Agency, Llc",Canal Winchester,OH,2021-12-08,2022,1623000,1,Live Oak Banking Company,5.25,120.0,12.0,Paid in full,False,False,2026-06-30
Architecture & engineering,541330,Engineering Services,Cmj Engineering And Testing Inc,Fort Worth,TX,2021-12-09,2022,1752300,1,"BOKF, National Association",4.5,120.0,25.0,Active,False,False,2026-06-30
Insurance agencies,524210,Insurance Agencies and Brokerages,"Bolles & Associates, Llc",Shawnee,OK,2021-12-10,2022,865000,1,Live Oak Banking Company,5.4,120.0,4.0,Paid in full,False,False,2026-06-30
Insurance agencies,524210,Insurance Agencies and Brokerages,"Helsabeck-Hall Insurance Agency, Inc.",King,NC,2021-12-14,2022,1125000,1,Live Oak Banking Company,5.1,120.0,2.0,Paid in full,False,False,2026-06-30
IT & software services,541511,Custom Computer Programming Services,"Mdcentric Technologies Newco, Inc.",Mooresville,NC,2021-12-15,2022,4850000,2,Live Oak Banking Company,4.4,120.0,23.0,Paid in full,False,True,2026-06-30
"Accounting, tax & bookkeeping",541213,Tax Preparation Services,R&C Susedik Tax & Accounting Llc,Grantsburg,WI,2021-12-15,2022,267300,1,Frandsen Bank and Trust,4.75,120.0,6.0,Active,False,False,2026-06-30
"Accounting, tax & bookkeeping",541219,Other Accounting Services,Appletree Business Services,Londonderry,NH,2021-12-16,2022,1276000,2,Needham Bank,1.5,120.0,13.0,Active,False,True,2026-06-30
"Accounting, tax & bookkeeping",541211,Offices of Certified Public Accountants,Bsrr Llc,Mexia,TX,2021-12-16,2022,585000,1,"Newtek Small Business Finance, Inc.",6.0,120.0,2.0,Paid in full,False,False,2026-06-30
Insurance agencies,524210,Insurance Agencies and Brokerages,North Texas Insurance Agency Inc.,Bastrop,TX,2021-12-17,2022,510000,1,Live Oak Banking Company,5.49,120.0,13.0,Paid in full,False,False,2026-06-30
Law firms,541110,Offices of Lawyers,Long Law Group Llc,Denver,CO,2021-12-20,2022,1000000,1,"U.S. Bank, National Association",6.0,120.0,11.0,Active,False,False,2026-06-30
Law firms,541110,Offices of Lawyers,Richard Lupo Llc,North Brunswick,NJ,2021-12-20,2022,325000,1,First Bank,6.0,120.0,6.0,Active,False,False,2026-06-30
Insurance agencies,524210,Insurance Agencies and Brokerages,Wild Rice Insurance Agency Llc,Twin Valley,MN,2021-12-21,2022,162000,1,Bravera Bank,4.5,120.0,1.0,Active,True,False,2026-06-30
Insurance agencies,524210,Insurance Agencies and Brokerages,Wood Insurance Agency Llc,Columbia,SC,2021-12-22,2022,773000,1,United Bank of Philadelphia,5.25,120.0,5.0,Active,False,False,2026-06-30
Advertising & marketing agencies,541890,Other Services Related to Advertising,"Well Done Marketing, Inc.",Indianapolis,IN,2021-12-23,2022,350000,1,Citizens State Bank of New Castle,4.75,120.0,57.0,Active,True,True,2026-06-30
Financial advisors,523930,Investment Advice,"Equilibria Wealth Management, Llc",Katy,TX,2021-12-27,2022,260000,1,Byline Bank,6.0,120.0,7.0,Paid in full,False,False,2026-06-30
"Accounting, tax & bookkeeping",541213,Tax Preparation Services,"Jk Elan, Inc",Long Beach,CA,2021-12-27,2022,342900,1,"U.S. Bank, National Association",4.77,120.0,4.0,Paid in full,False,False,2026-06-30
Management consulting,541611,Administrative Management and General Management Consulting Services,"Management Science & Innovation, Inc.",Reston,VA,2021-12-27,2022,350000,1,First Bank of the Lake,5.75,120.0,24.0,Paid in full,True,True,2026-06-30
Insurance agencies,524210,Insurance Agencies and Brokerages,"Scalise Group, Llc",Roswell,GA,2021-12-27,2022,1590000,1,First Bank of the Lake,6.0,120.0,10.0,Paid in full,False,False,2026-06-30
Advertising & marketing agencies,541890,Other Services Related to Advertising,"Well Done Marketing, Inc.",Indianapolis,IN,2021-12-27,2022,515000,1,Citizens State Bank of New Castle,5.0,120.0,60.0,Paid in full,False,False,2026-06-30
"Accounting, tax & bookkeeping",541211,Offices of Certified Public Accountants,Accounting Management And Advisory Services Inc,Wesley Chapel,FL,2021-12-28,2022,1175000,1,"SouthState Bank, National Association",6.0,120.0,12.0,Paid in full,False,False,2026-06-30
Architecture & engineering,541380,Testing Laboratories,"Gaynes Lab Holdings, Llc",Wheeling,IL,2021-12-28,2022,1461000,1,"CenTrust Bank, A Division of SmartBiz Bank National Association",6.0,120.0,5.0,Paid in full,False,False,2026-06-30
IT & software services,541519,Other Computer Related Services,Iron Horse Venture Group Llc,Castle Rock,CO,2021-12-28,2022,1160000,1,BankVista,5.25,119.0,5.0,Active,False,False,2026-06-30
Financial advisors,523930,Investment Advice,Thomas Financial Associates,Westborough,MA,2021-12-28,2022,2035000,1,Live Oak Banking Company,5.75,120.0,4.0,Active,False,False,2026-06-30
"Accounting, tax & bookkeeping",541219,Other Accounting Services,"Mangum & Associates, Inc",Shelby,NC,2022-01-03,2022,1545000,1,Live Oak Banking Company,5.45,144.0,9.0,Paid in full,False,False,2026-06-30
"Accounting, tax & bookkeeping",541211,Offices of Certified Public Accountants,Padden Cooper Llc,Medford,NJ,2022-01-05,2022,1450000,1,"Fulton Bank, National Association",4.79,120.0,8.0,Active,False,False,2026-06-30
Advertising & marketing agencies,541613,Marketing Consulting Services,Ideaworks Incorporated,Wyoming,PA,2022-01-06,2022,195000,1,PS Bank,4.5,120.0,8.0,Active,False,False,2026-06-30
"Accounting, tax & bookkeeping",541219,Other Accounting Services,"Api Accounting, Tax & Advisory, Inc.",Concord,CA,2022-01-07,2022,2250000,2,Live Oak Banking Company,5.25,120.0,15.0,Paid in full,False,True,2026-06-30
Law firms,541199,All Other Legal Services,Scott Burke Process Service Llc,Boca Raton,FL,2022-01-07,2022,940000,1,Beacon Bank and Trust,5.5,120.0,5.0,Paid in full,False,False,2026-06-30
Management consulting,541611,Administrative Management and General Management Consulting Services,Treck Solutions L. L. C.,Edina,MN,2022-01-07,2022,1305000,1,"UMB Bank, National Association",5.45,120.0,4.0,Active,False,False,2026-06-30
Financial advisors,523930,Investment Advice,Bestgate Wealth Advisors Llc,Frederick,MD,2022-01-10,2022,500000,1,Manufacturers and Traders Trust Company,5.75,120.0,8.0,Active,False,False,2026-06-30
"Accounting, tax & bookkeeping",541213,Tax Preparation Services,Hiepler Financial Group Llc,Elizabethtown,PA,2022-01-10,2022,50000,1,First National Bank of Pennsylvania,6.0,120.0,4.0,Active,True,False,2026-06-30
Law firms,541191,Title Abstract and Settlement Offices,Alliance Abstract And Title L.L.C.,Socorro,NM,2022-01-13,2022,597500,1,First American Bank,6.0,84.0,10.0,Paid in full,False,False,2026-06-30
"Accounting, tax & bookkeeping",541211,Offices of Certified Public Accountants,"Kirkpatrick Cpa And Advisors, Pllc",Austin,TX,2022-01-13,2022,2250000,2,Live Oak Banking Company,5.25,120.0,8.0,Active,False,True,2026-06-30
"Accounting, tax & bookkeeping",541211,Offices of Certified Public Accountants,Lavoignet Cpa & Associates Inc.,Laguna Beach,CA,2022-01-14,2022,1650000,1,Live Oak Banking Company,5.0,120.0,3.0,Active,False,False,2026-06-30
"Accounting, tax & bookkeeping",541211,Offices of Certified Public Accountants,Mitch Boleware Cpa Llc,Columbus,MS,2022-01-14,2022,122700,1,BankFirst Financial Services,6.0,120.0,5.0,Active,False,False,2026-06-30
Insurance agencies,524210,Insurance Agencies and Brokerages,Wood Enterprises Incorporated,Fulton,MS,2022-01-17,2022,400700,1,BankFirst Financial Services,6.0,120.0,5.0,Active,False,False,2026-06-30
"Accounting, tax & bookkeeping",541213,Tax Preparation Services,Hiepler Financial Group Llc,Elizabethtown,PA,2022-01-18,2022,267200,1,First National Bank of Pennsylvania,5.95,120.0,4.0,Active,False,False,2026-06-30
Insurance agencies,524210,Insurance Agencies and Brokerages,"Loftis Insurance Agency, Llc",Yukon,OK,2022-01-18,2022,1100000,1,Live Oak Banking Company,5.49,120.0,4.0,Active,False,False,2026-06-30
"Accounting, tax & bookkeeping",541213,Tax Preparation Services,Arcpa Llc,Ridley Park,PA,2022-01-19,2022,320000,1,Live Oak Banking Company,5.95,120.0,10.0,Paid in full,False,False,2026-06-30
Law firms,541110,Offices of Lawyers,"Abernethy & Hagerman, Llc",Allison Park,PA,2022-01-20,2022,787500,2,First National Bank of Pennsylvania,5.6,300.0,4.0,Paid in full,False,True,2026-06-30
"Accounting, tax & bookkeeping",541211,Offices of Certified Public Accountants,Feuerhelm Langer And Ruza Llc,Lake Elmo,MN,2022-01-20,2022,870000,1,21st Century Bank,5.5,120.0,11.0,Active,False,False,2026-06-30
"Accounting, tax & bookkeeping",541211,Offices of Certified Public Accountants,Mcclanahan Advisory Group Pc,Southbury,CT,2022-01-20,2022,2590000,2,Live Oak Banking Company,5.25,120.0,12.0,Active,False,True,2026-06-30
"Accounting, tax & bookkeeping",541219,Other Accounting Services,Orange Coast Tax Inc,Orange,CA,2022-01-21,2022,236500,1,"U.S. Bank, National Association",6.1,120.0,9.0,Active,False,False,2026-06-30
Management consulting,541612,Human Resources Consulting Services,Three By Six Group Llc,Saint Peters,MO,2022-01-21,2022,500000,1,Midwest Regional Bank,6.0,120.0,10.0,Active,False,False,2026-06-30
IT & software services,541519,Other Computer Related Services,"Colo Solutions, Llc",Orlando,FL,2022-01-24,2022,860000,1,Live Oak Banking Company,5.75,120.0,4.0,Paid in full,False,False,2026-06-30
Advertising & marketing agencies,541613,Marketing Consulting Services,Gpp Marketing Llc,Woodbury,MN,2022-01-24,2022,446500,1,21st Century Bank,5.25,120.0,4.0,Paid in full,False,False,2026-06-30
"Accounting, tax & bookkeeping",541211,Offices of Certified Public Accountants,Silver And Company Cpas And Advisors  P.C.,South Bend,IN,2022-01-24,2022,645000,1,Live Oak Banking Company,6.0,120.0,4.0,Paid in full,False,False,2026-06-30
Insurance agencies,524210,Insurance Agencies and Brokerages,Smith Family Insurance Llc,Bloomington,IN,2022-01-24,2022,377000,1,The Huntington National Bank,6.0,120.0,3.0,Paid in full,False,False,2026-06-30
"Accounting, tax & bookkeeping",541211,Offices of Certified Public Accountants,"Adservio, Inc.",Broomfield,CO,2022-01-26,2022,415000,1,United Midwest Savings Bank National Association,4.75,120.0,9.0,Paid in full,False,False,2026-06-30
"Accounting, tax & bookkeeping",541211,Offices of Certified Public Accountants,Delta Wealth Cpa'S & Advisors Llc,Indianapolis,IN,2022-01-26,2022,876500,1,Merchants Bank of Indiana,4.75,120.0,11.0,Paid in full,False,False,2026-06-30
Insurance agencies,524210,Insurance Agencies and Brokerages,"The Cove, Craft Cocktails & Cuisine, Llc",Wildwood,NJ,2022-01-27,2022,1315000,1,Tioga-Franklin Savings Bank,4.75,300.0,32.0,Paid in full,False,False,2026-06-30
Insurance agencies,524210,Insurance Agencies and Brokerages,Jhovanny Hernandez Agency Corporation,Summit,NJ,2022-01-28,2022,1339300,1,Byline Bank,6.0,120.0,8.0,Paid in full,False,False,2026-06-30
"Accounting, tax & bookkeeping",541213,Tax Preparation Services,Benton Holdings Llc,Hammond,LA,2022-01-31,2022,645000,1,Beacon Bank and Trust,6.0,120.0,40.0,Active,False,False,2026-06-30
"Accounting, tax & bookkeeping",541211,Offices of Certified Public Accountants,Bennet & Company Pc,Saint Paul,MN,2022-02-04,2022,129000,1,Lakeview Bank,5.0,120.0,9.0,Active,False,False,2026-06-30
Insurance agencies,524210,Insurance Agencies and Brokerages,"Kortny Coleman Insurance, Llc",Norman,OK,2022-02-07,2022,120000,1,Valliance Bank,6.0,60.0,10.0,Paid in full,True,False,2026-06-30
"Accounting, tax & bookkeeping",541213,Tax Preparation Services,Nlbs Co.,Nazareth,PA,2022-02-08,2022,518600,1,"PNC Bank, National Association",4.25,120.0,16.0,Active,False,False,2026-06-30
Insurance agencies,524210,Insurance Agencies and Brokerages,Sb Agency Inc,Mcdonough,GA,2022-02-08,2022,1057500,1,Mechanics and Farmers Bank,5.25,120.0,4.0,Active,False,False,2026-06-30
Insurance agencies,524210,Insurance Agencies and Brokerages,"Resolve Insurance Group Spartanburg Sc, Llc",Spartanburg,SC,2022-02-09,2022,1105000,1,Live Oak Banking Company,5.49,120.0,7.0,Paid in full,False,False,2026-06-30
"Accounting, tax & bookkeeping",541211,Offices of Certified Public Accountants,Vermillion Tax Llc,Fayetteville,AR,2022-02-09,2022,430500,1,Equity Bank,4.737,240.0,2.0,Active,False,False,2026-06-30
Advertising & marketing agencies,541810,Advertising Agencies,"Seo Werkz, Llc",Riverton,UT,2022-02-10,2022,3165000,1,"T Bank, National Association",6.0,120.0,30.0,Active,False,False,2026-06-30
"Accounting, tax & bookkeeping",541211,Offices of Certified Public Accountants,"Nicholas Medeiros, Cpa, Pc",Caruthers,CA,2022-02-11,2022,297000,1,BMO Bank National Association,5.5,119.0,5.0,Active,False,False,2026-06-30
"Accounting, tax & bookkeeping",541211,Offices of Certified Public Accountants,Walbolt & Associates Inc,Toledo,OH,2022-02-11,2022,315000,1,Live Oak Banking Company,5.95,120.0,1.0,Paid in full,False,False,2026-06-30
Financial advisors,523930,Investment Advice,Steven Jenness,Decatur,IL,2022-02-16,2022,420000,1,Byline Bank,5.75,120.0,1.0,Active,False,False,2026-06-30
Architecture & engineering,541310,Architectural Services,"Ega Architects, P.C.",Newburyport,MA,2022-02-17,2022,1740000,2,First Bank,7.0,120.0,12.0,Active,False,True,2026-06-30
"Accounting, tax & bookkeeping",541211,Offices of Certified Public Accountants,Tiffany Phillips Cpa Llc,Magnolia,TX,2022-02-17,2022,785000,1,Live Oak Banking Company,5.5,120.0,3.0,Active,False,False,2026-06-30
IT & software services,541519,Other Computer Related Services,Alltech Computer Works Inc,Dothan,AL,2022-02-18,2022,1465400,1,Regions Bank,5.25,120.0,10.0,Active,False,False,2026-06-30
"Accounting, tax & bookkeeping",541219,Other Accounting Services,Aspen Billing Llc,Oklahoma City,OK,2022-02-18,2022,919700,1,Western Alliance Bank,5.0,120.0,17.0,Paid in full,False,False,2026-06-30
Management consulting,541611,Administrative Management and General Management Consulting Services,"Energy Transition Partners, Inc",Boulder,CO,2022-02-18,2022,2737500,1,Blue Ridge Bank National Association,5.0,300.0,21.0,Active,False,False,2026-06-30
Insurance agencies,524210,Insurance Agencies and Brokerages,"Infocus Advisors, Inc.",Liverpool,NY,2022-02-22,2022,1875000,1,Manufacturers and Traders Trust Company,5.7,120.0,13.0,Active,False,False,2026-06-30
Architecture & engineering,541310,Architectural Services,Magellan Associates Pllc,Redmond,WA,2022-02-22,2022,100000,1,Banner Bank,5.25,84.0,19.0,Paid in full,True,True,2026-06-30
Insurance agencies,524210,Insurance Agencies and Brokerages,Londiaz Agency Corp,Norwalk,CT,2022-02-23,2022,1597000,2,Manufacturers and Traders Trust Company,6.0,127.0,6.0,Active,False,False,2026-06-30
IT & software services,541511,Custom Computer Programming Services,"Pigler Automation, Llc",Louisville,CO,2022-02-24,2022,1349000,1,Busey Bank,5.25,120.0,23.0,Active,False,False,2026-06-30
IT & software services,541512,Computer Systems Design Services,"I.T. Now, Inc.",Pleasant Grove,UT,2022-02-25,2022,2000000,1,Byline Bank,5.25,120.0,47.0,Paid in full,False,False,2026-06-30
Insurance agencies,524210,Insurance Agencies and Brokerages,Lisa Dalton Agency Llc,Bradenton,FL,2022-02-25,2022,2809000,1,"MVB Bank, Inc.",6.0,85.0,18.0,Active,False,False,2026-06-30
Insurance agencies,524210,Insurance Agencies and Brokerages,Nicholas David Valenziano,Pleasanton,CA,2022-02-25,2022,350000,1,Live Oak Banking Company,5.74,120.0,2.0,Active,False,False,2026-06-30
"Accounting, tax & bookkeeping",541213,Tax Preparation Services,Parallel Tax Llc,Redding,CA,2022-03-01,2022,295000,1,Pathward National Association,6.0,120.0,6.0,Paid in full,False,False,2026-06-30
Insurance agencies,524210,Insurance Agencies and Brokerages,"Psurance Insurance, Inc.",Saint Petersburg,FL,2022-03-01,2022,1529000,1,Valley National Bank,6.25,120.0,9.0,Paid in full,False,False,2026-06-30
IT & software services,541511,Custom Computer Programming Services,Secure Hr Inc,Seattle,WA,2022-03-02,2022,1192000,1,TowneBank,6.0,120.0,10.0,Paid in full,False,False,2026-06-30
Insurance agencies,524210,Insurance Agencies and Brokerages,J Martin Insurance Agency Llc,Tempe,AZ,2022-03-03,2022,1400000,1,"MVB Bank, Inc.",6.0,90.0,3.0,Active,False,False,2026-06-30
Financial advisors,523940,Portfolio Management and Investment Advice,Douglas William Kenoyer,Arlington,WA,2022-03-07,2022,506000,1,Byline Bank,5.75,120.0,5.0,Active,False,False,2026-06-30
"Accounting, tax & bookkeeping",541211,Offices of Certified Public Accountants,"William A. Bostic, Cpa, Pa",Richlands,NC,2022-03-07,2022,100000,1,Customers Bank,6.0,120.0,4.0,Active,False,False,2026-06-30
Advertising & marketing agencies,541850,Indoor and Outdoor Display Advertising,Cape May Aerial Advertising Llc,Middle Township,NJ,2022-03-09,2022,1000000,1,Byline Bank,6.0,204.0,30.0,Active,False,False,2026-06-30
Architecture & engineering,541350,Building Inspection Services,Miller-Dodson Associates Inc,Annapolis,MD,2022-03-10,2022,1400000,1,The Huntington National Bank,2.75,120.0,2.0,Active,False,False,2026-06-30
Architecture & engineering,541330,Engineering Services,"Glenn Engineering And Associates, Ltd.",North Huntingdon,PA,2022-03-11,2022,1109400,1,First Commonwealth Bank,5.25,120.0,10.0,Paid in full,False,False,2026-06-30
"Accounting, tax & bookkeeping",541211,Offices of Certified Public Accountants,Janssen And Igar Cpas Pa,Saint Petersburg,FL,2022-03-15,2022,561000,2,DFCU Financial,6.0,120.0,11.0,Active,False,True,2026-06-30
IT & software services,541519,Other Computer Related Services,"Zenops, Inc..",Pleasant Hill,CA,2022-03-15,2022,720000,1,United Business Bank,5.25,120.0,8.0,Active,False,False,2026-06-30
Advertising & marketing agencies,541430,Graphic Design Services,"Lnr Inspirations, Llc",Santa Rosa,CA,2022-03-18,2022,290000,1,Redwood CU,5.75,120.0,4.0,Active,False,False,2026-06-30
"Accounting, tax & bookkeeping",541211,Offices of Certified Public Accountants,"2022 West Group, Llc",Colorado Springs,CO,2022-03-21,2022,302000,1,Busey Bank,5.5,120.0,3.0,Active,False,False,2026-06-30
Insurance agencies,524210,Insurance Agencies and Brokerages,"Navigant Insurance Solutions, Llc",Katy,TX,2022-03-21,2022,1150000,1,Live Oak Banking Company,6.0,120.0,2.0,Active,False,False,2026-06-30
Insurance agencies,524210,Insurance Agencies and Brokerages,Englishbee Insurance,The Woodlands,TX,2022-03-24,2022,720000,1,Live Oak Banking Company,5.29,120.0,2.0,Active,False,False,2026-06-30
IT & software services,541519,Other Computer Related Services,"Shepherd Pacific Holdings, Llc",Bellevue,WA,2022-03-24,2022,5000000,2,Live Oak Banking Company,5.25,120.0,16.0,Paid in full,False,True,2026-06-30
Insurance agencies,524210,Insurance Agencies and Brokerages,"Thompson Insurance Agency, Llc",Fort Collins,CO,2022-03-25,2022,1538000,1,"MVB Bank, Inc.",6.25,120.0,5.0,Paid in full,False,False,2026-06-30
"Accounting, tax & bookkeeping",541211,Offices of Certified Public Accountants,"Crane & Holtzman Cpas, P.C.",Bee Cave,TX,2022-03-28,2022,260000,1,Byline Bank,6.0,120.0,5.0,Active,False,False,2026-06-30
IT & software services,541511,Custom Computer Programming Services,Sakha Global Inc.,Fremont,CA,2022-03-29,2022,1250000,1,Byline Bank,5.5,120.0,5.0,Paid in full,False,False,2026-06-30
Insurance agencies,524210,Insurance Agencies and Brokerages,J T Davis Insurance Agency Inc,Nathalie,VA,2022-03-30,2022,1119400,1,Blue Ridge Bank National Association,6.25,120.0,2.0,Active,False,False,2026-06-30
Insurance agencies,524210,Insurance Agencies and Brokerages,Larson Insurance Brokers Inc.,Walnut Creek,CA,2022-03-30,2022,735000,1,Live Oak Banking Company,5.39,120.0,19.0,Active,False,False,2026-06-30
Insurance agencies,524210,Insurance Agencies and Brokerages,Memberfy Llc,Fort Lauderdale,FL,2022-03-31,2022,1353000,1,Pinnacle Bank,6.0,120.0,19.0,Paid in full,False,False,2026-06-30
"Accounting, tax & bookkeeping",541219,Other Accounting Services,Kc Accountants & Business Advisors Llc,Liberty,MO,2022-04-01,2022,194500,1,"U.S. Bank, National Association",6.0,120.0,11.0,Active,False,False,2026-06-30
Architecture & engineering,541320,Landscape Architectural Services,Johnston Holdings Inc.,Wimberley,TX,2022-04-05,2022,1138900,1,First United Bank and Trust Company,5.5,119.0,8.0,Active,False,False,2026-06-30
Management consulting,541620,Environmental Consulting Services,"Nutshell Enterprises, Ltd.",Towson,MD,2022-04-05,2022,335000,1,"Fulton Bank, National Association",6.25,123.0,3.0,Active,False,False,2026-06-30
IT & software services,541519,Other Computer Related Services,Centurica Ventures Llc,Austin,TX,2022-04-06,2022,2240000,1,First Business Bank,6.25,120.0,4.0,Active,False,False,2026-06-30
"Accounting, tax & bookkeeping",541211,Offices of Certified Public Accountants,Heroic Solutions Inc.,London,KY,2022-04-06,2022,825000,2,Live Oak Banking Company,5.49,119.0,5.0,Active,False,True,2026-06-30
Advertising & marketing agencies,541810,Advertising Agencies,Phelps Creative House,Indianapolis,IN,2022-04-07,2022,728000,2,Old National Bank,5.9,120.0,9.0,Active,False,True,2026-06-30
IT & software services,541511,Custom Computer Programming Services,"Jackson, Key And Associates",Mobile,AL,2022-04-08,2022,350000,1,Trustmark Bank,5.18,120.0,2.0,Active,False,False,2026-06-30
Advertising & marketing agencies,541430,Graphic Design Services,The Designery Hub Llc,Saint Louis,MO,2022-04-08,2022,832500,1,Southern Bank,5.75,120.0,9.0,Active,False,False,2026-06-30
"Accounting, tax & bookkeeping",541213,Tax Preparation Services,Lynn Shoemaker Ea Pllc,Phoenix,AZ,2022-04-11,2022,276300,1,Enterprise Bank & Trust,4.25,120.0,3.0,Active,False,False,2026-06-30
Insurance agencies,524210,Insurance Agencies and Brokerages,The Shay Agency Llc,Wilkes Barre,PA,2022-04-11,2022,300000,1,Fidelity Deposit and Discount Bank,4.5,84.0,2.0,Paid in full,True,False,2026-06-30
Insurance agencies,524210,Insurance Agencies and Brokerages,Parker Family Agency,Lexington,SC,2022-04-12,2022,555000,1,First Bank of the Lake,6.0,120.0,3.0,Active,False,False,2026-06-30
Insurance agencies,524210,Insurance Agencies and Brokerages,Wexford Insurance Llc,Greenwood,IN,2022-04-12,2022,309000,1,United Midwest Savings Bank National Association,6.25,120.0,2.0,Active,False,False,2026-06-30
"Accounting, tax & bookkeeping",541211,Offices of Certified Public Accountants,Alc Tax & Accounting Solutions Llc,Dyer,IN,2022-04-14,2022,320000,1,Old Plank Trail Community Bank National Association,4.68,84.0,6.0,Active,True,False,2026-06-30
IT & software services,541512,Computer Systems Design Services,Greater Heights Technology Llc,Nashville,TN,2022-04-14,2022,1000000,1,"U.S. Bank, National Association",7.0,120.0,6.0,Active,False,False,2026-06-30
Insurance agencies,524210,Insurance Agencies and Brokerages,Ing Electric Company,Adamstown,MD,2022-04-15,2022,1515000,1,Atlantic Union Bank,5.0,120.0,18.0,Active,False,False,2026-06-30
Insurance agencies,524210,Insurance Agencies and Brokerages,"M&J Agency, Llc",Overland Park,KS,2022-04-19,2022,415000,1,Lincoln Savings Bank,6.0,120.0,5.0,Active,False,False,2026-06-30
Advertising & marketing agencies,541810,Advertising Agencies,"Encore Communications, Llc",Longview,TX,2022-04-20,2022,2245000,1,Byline Bank,6.25,120.0,20.0,Active,False,False,2026-06-30
Insurance agencies,524210,Insurance Agencies and Brokerages,Ty Leath Allstate Insurance Agency,Pensacola,FL,2022-04-21,2022,1065500,1,First Bank of the Lake,6.0,120.0,3.0,Active,False,False,2026-06-30
Management consulting,541611,Administrative Management and General Management Consulting Services,Intecon Llc,Colorado Springs,CO,2022-04-22,2022,1370000,1,"SouthState Bank, National Association",6.0,120.0,34.0,Paid in full,False,False,2026-06-30
Law firms,541191,Title Abstract and Settlement Offices,Robles Consulting Llc,Centennial,CO,2022-04-25,2022,2720000,1,Port 51 Lending LLC,5.75,300.0,13.0,Paid in full,False,False,2026-06-30
IT & software services,541519,Other Computer Related Services,Tectroniq Llc,Warsaw,MO,2022-04-25,2022,616500,1,OakStar Bank,6.25,120.0,3.0,Active,False,False,2026-06-30
Insurance agencies,524210,Insurance Agencies and Brokerages,Affordable Insurance Solutions Llc,Denver,CO,2022-04-26,2022,265000,1,Live Oak Banking Company,6.24,120.0,1.0,Active,False,False,2026-06-30
Management consulting,541612,Human Resources Consulting Services,Eastern Shore Pb Llc,Fairhope,AL,2022-04-26,2022,199300,1,The Bancorp Bank National Association,6.25,121.0,14.0,Active,False,False,2026-06-30
Insurance agencies,524210,Insurance Agencies and Brokerages,Trinity Ins. Llc,Pittsburg,TX,2022-04-26,2022,495000,1,Glacier Bank,6.25,167.0,1.0,Active,False,False,2026-06-30
Architecture & engineering,541380,Testing Laboratories and Services,"Calibration, Inc.",Stafford,TX,2022-04-27,2022,516000,1,Frost Bank,5.5,120.0,16.0,Active,False,False,2026-06-30
Advertising & marketing agencies,541613,Marketing Consulting Services,"Promos 911, Inc.",Hinsdale,IL,2022-04-28,2022,180000,1,Fifth Third Bank,6.45,120.0,1.0,Active,True,False,2026-06-30
Financial advisors,523940,Portfolio Management and Investment Advice,Cheryl Nelson Boyd,Arvada,CO,2022-04-29,2022,2250000,1,Byline Bank,6.0,120.0,1.0,Active,False,False,2026-06-30
Advertising & marketing agencies,541613,Marketing Consulting Services,"Idfive, Llc",Baltimore,MD,2022-04-29,2022,3330000,1,Celtic Bank Corporation,5.75,120.0,35.0,Active,False,False,2026-06-30
Management consulting,541611,Administrative Management and General Management Consulting Services,"Klm Properties, Inc.",Morgantown,WV,2022-04-29,2022,1637000,1,"Clear Mountain Bank, Inc.",5.63,146.0,38.0,Active,False,False,2026-06-30
Advertising & marketing agencies,541613,Marketing Consulting Services,"Promos 911, Inc.",Hinsdale,IL,2022-04-29,2022,100000,1,Fifth Third Bank,6.45,120.0,1.0,Active,True,True,2026-06-30
Advertising & marketing agencies,541613,Marketing Consulting Services,Top Suite Web Marketing Llc,Dallas,TX,2022-05-05,2022,475000,1,First Business Bank,6.25,120.0,4.0,Active,False,False,2026-06-30
Insurance agencies,524210,Insurance Agencies and Brokerages,"Mc-Wright Insurance Group, Llc",Belmont,MS,2022-05-06,2022,400000,1,Live Oak Banking Company,5.73,179.0,5.0,Active,False,False,2026-06-30
Management consulting,541611,Administrative Management and General Management Consulting Services,Nihg Services Llc,Dallas,TX,2022-05-09,2022,1730000,1,Live Oak Banking Company,6.0,156.0,1.0,Paid in full,False,False,2026-06-30
Insurance agencies,524210,Insurance Agencies and Brokerages,"Alliance Insurance Agency, Inc.",Corpus Christi,TX,2022-05-12,2022,200000,1,Live Oak Banking Company,6.24,120.0,5.0,Active,False,False,2026-06-30
"Accounting, tax & bookkeeping",541211,Offices of Certified Public Accountants,Ashworth Knuff & Company Cpas Inc.,Cleveland,OH,2022-05-13,2022,275600,1,Fifth Third Bank,5.75,120.0,9.0,Active,True,False,2026-06-30
IT & software services,541511,Custom Computer Programming Services,Insightleap Technologies Llc,Coronado,CA,2022-05-13,2022,225000,1,CDC Small Business Finance Corp.,6.75,120.0,0.0,Active,False,False,2026-06-30
Financial advisors,523940,Portfolio Management and Investment Advice,Sydney Alexander Manderson,Pinellas Park,FL,2022-05-13,2022,74700,1,BayFirst National Bank,6.0,120.0,2.0,Active,False,False,2026-06-30
Insurance agencies,524210,Insurance Agencies and Brokerages,"Insure Quality Insurance Solutions, Llc",Covina,CA,2022-05-16,2022,200000,1,United Midwest Savings Bank National Association,6.25,120.0,5.0,Active,False,False,2026-06-30
Architecture & engineering,541330,Engineering Services,"Sgm Engineering, Inc.",Orlando,FL,2022-05-16,2022,2900000,1,Live Oak Banking Company,6.25,120.0,1.0,Paid in full,False,False,2026-06-30
IT & software services,541519,Other Computer Related Services,Creative Tech Team Llc,Tomah,WI,2022-05-17,2022,135000,1,CCFBank National Association,6.75,120.0,2.0,Active,True,False,2026-06-30
Architecture & engineering,541330,Engineering Services,"Je Engineering, Inc.",Kalispell,MT,2022-05-17,2022,343700,1,Three Rivers Bank of Montana,6.25,120.0,5.0,Active,False,False,2026-06-30
Architecture & engineering,541310,Architectural Services,3Dls Ventures Llc,Indian Trail,NC,2022-05-19,2022,1100000,2,Live Oak Banking Company,6.0,120.0,10.0,Paid in full,False,True,2026-06-30
Insurance agencies,524210,Insurance Agencies and Brokerages,"Altany, Loynd & Lindquist, Llc",Tarentum,PA,2022-05-19,2022,1850000,1,Live Oak Banking Company,5.99,120.0,18.0,Paid in full,False,False,2026-06-30
IT & software services,541512,Computer Systems Design Services,"Cw It Support, Inc.",Jacksonville,NC,2022-05-20,2022,425000,1,Live Oak Banking Company,6.0,300.0,16.0,Paid in full,False,False,2026-06-30
Insurance agencies,524210,Insurance Agencies and Brokerages,Gabico Insurance & Financial Services Inc,Port Orange,FL,2022-05-20,2022,550000,1,United Midwest Savings Bank National Association,6.25,120.0,3.0,Active,False,False,2026-06-30
IT & software services,541512,Computer Systems Design Services,"Rapid Ts, Llc",Tampa,FL,2022-05-20,2022,603000,1,Bank of Central Florida,6.25,120.0,6.0,Active,False,False,2026-06-30
Advertising & marketing agencies,541613,Marketing Consulting Services,The Drug Rehab Agency,Grain Valley,MO,2022-05-20,2022,890000,2,Live Oak Banking Company,6.25,120.0,5.0,Active,False,True,2026-06-30
Advertising & marketing agencies,541430,Graphic Design Services,Outer Realm Llc,Albany,NY,2022-05-23,2022,574500,1,BMO Bank National Association,6.5,120.0,1.0,Active,False,False,2026-06-30
Advertising & marketing agencies,541860,Direct Mail Advertising,Rsvp Seattle Tacoma,Tacoma,WA,2022-05-23,2022,1304300,1,TowneBank,6.25,120.0,4.0,Paid in full,False,False,2026-06-30
Insurance agencies,524210,Insurance Agencies and Brokerages,Vanidestine Agency Inc.,Venice,FL,2022-05-23,2022,1341500,1,First Bank of the Lake,6.0,91.0,5.0,Active,False,False,2026-06-30
Insurance agencies,524210,Insurance Agencies and Brokerages,Curtis Agency L.L.C.,Sausalito,CA,2022-05-24,2022,1458500,1,First Bank of the Lake,6.25,120.0,2.0,Active,False,False,2026-06-30
Financial advisors,523940,Portfolio Management and Investment Advice,"Gratus Wealth Advisors, Llc",Virginia Beach,VA,2022-05-24,2022,3600000,1,Byline Bank,6.25,120.0,5.0,Paid in full,False,False,2026-06-30
Advertising & marketing agencies,541820,Public Relations Agencies,"Issues Management Group Public Affairs, Llc",Boston,MA,2022-05-24,2022,1250000,1,Salem Five Cents Savings Bank,5.75,84.0,47.0,Active,False,False,2026-06-30
Insurance agencies,524210,Insurance Agencies and Brokerages,Robbins Insurance Agency Llc,Tahlequah,OK,2022-05-25,2022,486000,1,BancFirst,5.75,120.0,5.0,Active,False,False,2026-06-30
Insurance agencies,524210,Insurance Agencies and Brokerages,North Texas Insurance Agency Inc.,Denton,TX,2022-05-26,2022,540000,1,Live Oak Banking Company,5.74,120.0,1.0,Paid in full,False,False,2026-06-30
Architecture & engineering,541330,Engineering Services,"Alpers Engineering Group, Llc",San Diego,CA,2022-05-31,2022,391100,1,Mission Valley Bank,5.75,121.0,6.0,Active,False,False,2026-06-30
Architecture & engineering,541320,Landscape Architectural Services,"Smart Contractors, Inc.",Attica,IN,2022-06-01,2022,100000,1,Horizon Bank,5.5,60.0,10.0,Not yet disbursed,True,True,2026-06-30
IT & software services,541513,Computer Facilities Management Services,"Enhanced It, Inc.",Fayetteville,NC,2022-06-03,2022,1000000,1,Byline Bank,6.5,120.0,2.0,Paid in full,False,False,2026-06-30
Advertising & marketing agencies,541613,Marketing Consulting Services,"Cr Consultants, Llc",Waxhaw,NC,2022-06-06,2022,628200,1,Customers Bank,5.75,120.0,2.0,Paid in full,False,False,2026-06-30
Law firms,541110,Offices of Lawyers,"Harris Law Firm, P.C.",Hillsboro,OR,2022-06-06,2022,941000,1,Heritage Bank,4.75,120.0,1.0,Active,False,False,2026-06-30
"Accounting, tax & bookkeeping",541211,Offices of Certified Public Accountants,Qfa Pros Llc,Clarendon Hills,IL,2022-06-10,2022,3375000,1,Live Oak Banking Company,6.0,120.0,22.0,Active,False,False,2026-06-30
"Accounting, tax & bookkeeping",541211,Offices of Certified Public Accountants,Wilderman And Associates Inc,Saint Augustine,FL,2022-06-10,2022,175000,1,"SouthState Bank, National Association",6.25,120.0,0.0,Active,False,False,2026-06-30
Insurance agencies,524210,Insurance Agencies and Brokerages,"Bremax, Llc",Antigo,WI,2022-06-13,2022,500000,1,IncredibleBank,6.0,177.0,2.0,Paid in full,False,False,2026-06-30
"Accounting, tax & bookkeeping",541211,Offices of Certified Public Accountants,"Barbour & Marino Cpa Group, Inc.",Worthington,OH,2022-06-14,2022,2300000,1,Live Oak Banking Company,6.19,120.0,11.0,Active,False,False,2026-06-30
Financial advisors,523940,Portfolio Management and Investment Advice,"Evergreen Wealth Management, Llc",Williamston,MI,2022-06-14,2022,625000,1,Live Oak Banking Company,7.75,121.0,1.0,Paid in full,False,False,2026-06-30
Financial advisors,523940,Portfolio Management and Investment Advice,"Integrated Financial Strategies, Llc",Charlotte,NC,2022-06-14,2022,1400000,1,Byline Bank,6.75,120.0,4.0,Paid in full,False,False,2026-06-30
Advertising & marketing agencies,541810,Advertising Agencies,"Moxley Carmichael, Inc",Knoxville,TN,2022-06-14,2022,1722600,1,First Horizon Bank,6.75,120.0,17.0,Paid in full,False,False,2026-06-30
Insurance agencies,524210,Insurance Agencies and Brokerages,Canyon Lake Insurance Agency Llc,Canyon Lake,TX,2022-06-16,2022,300000,1,United Midwest Savings Bank National Association,6.75,120.0,3.0,Paid in full,False,False,2026-06-30
Advertising & marketing agencies,541810,Advertising Agencies,Heart Of Maine Publishing Llc,Bradley,ME,2022-06-16,2022,63000,1,Machias Savings Bank,6.0,72.0,2.0,Paid in full,False,False,2026-06-30
Insurance agencies,524210,Insurance Agencies and Brokerages,"Ksa Insurance, Llc",North Charleston,SC,2022-06-16,2022,850000,1,Live Oak Banking Company,6.74,121.0,20.0,Active,False,False,2026-06-30
Insurance agencies,524210,Insurance Agencies and Brokerages,Winter Insurance Services Llc,Greenville,MI,2022-06-16,2022,2225000,1,Live Oak Banking Company,5.99,139.0,5.0,Active,False,False,2026-06-30
Advertising & marketing agencies,541613,Marketing Consulting Services,"Creative Noggin, Llc",San Antonio,TX,2022-06-17,2022,262500,1,American Momentum Bank,6.75,120.0,13.0,Paid in full,False,False,2026-06-30
Advertising & marketing agencies,541613,Marketing Consulting Services,Digital 25 Group Llc,Phoenix,AZ,2022-06-17,2022,1400000,1,United Midwest Savings Bank National Association,6.75,120.0,26.0,Active,False,False,2026-06-30
IT & software services,541511,Custom Computer Programming Services,Guerrilla Web Design & Seo Llc,Minneapolis,MN,2022-06-20,2022,1925000,2,Old National Bank,6.0,120.0,6.0,Paid in full,False,True,2026-06-30
Insurance agencies,524210,Insurance Agencies and Brokerages,J Perez Insurance Agency Llc,Sanford,FL,2022-06-20,2022,1644000,1,United Midwest Savings Bank National Association,6.75,120.0,6.0,Active,False,False,2026-06-30
Insurance agencies,524210,Insurance Agencies and Brokerages,Donnie R Phillips,Little River,SC,2022-06-21,2022,350000,1,Live Oak Banking Company,5.89,120.0,1.0,Active,False,False,2026-06-30
Management consulting,541618,Other Management Consulting Services,Grant Writing Usa,Atascadero,CA,2022-06-21,2022,695000,1,"U.S. Bank, National Association",6.75,120.0,4.0,Active,False,False,2026-06-30
Insurance agencies,524210,Insurance Agencies and Brokerages,"Retirement Joy, L.L.C.",Prairie Village,KS,2022-06-22,2022,374500,1,Kendall Bank,6.25,120.0,5.0,Active,False,False,2026-06-30
Insurance agencies,524210,Insurance Agencies and Brokerages,Saint Insurance Agency Inc.,Lake Orion,MI,2022-06-22,2022,3013000,1,Mechanics and Farmers Bank,6.0,120.0,4.0,Active,False,False,2026-06-30
Architecture & engineering,541330,Engineering Services,"Sleepy Creek Holdings, Inc.",Sykesville,MD,2022-06-24,2022,2527000,2,First Bank of the Lake,5.75,120.0,10.0,Active,False,True,2026-06-30
IT & software services,541519,Other Computer Related Services,"Stealth Technology Group, Inc.",Brandon,FL,2022-06-24,2022,900100,1,Customers Bank,6.25,120.0,1.0,Active,False,False,2026-06-30
Insurance agencies,524210,Insurance Agencies and Brokerages,"Carmella Walter Insurance Agency Inc,",Surfside Beach,SC,2022-06-27,2022,2587500,1,First Bank of the Lake,6.75,120.0,6.0,Active,False,False,2026-06-30
Insurance agencies,524210,Insurance Agencies and Brokerages,Everything Insurance Group Llc,Tucson,AZ,2022-06-27,2022,770000,1,Live Oak Banking Company,5.74,156.0,3.0,Active,False,False,2026-06-30
Advertising & marketing agencies,541613,Marketing Consulting Services,Hagaman Enterprises Llc,Carlsbad,CA,2022-06-27,2022,200000,1,CDC Small Business Finance Corp.,7.25,120.0,5.0,Active,False,False,2026-06-30
Management consulting,541690,Other Scientific and Technical Consulting Services,"Myta Technologies, Llc",Bethesda,MD,2022-06-27,2022,3500000,1,Live Oak Banking Company,6.5,120.0,10.0,Active,False,False,2026-06-30
IT & software services,541512,Computer Systems Design Services,"Personal Consulting Services International, Ltd",Inverness,IL,2022-06-27,2022,215100,1,American Community Bank & Trust,5.0,59.0,21.0,Paid in full,False,False,2026-06-30
IT & software services,541512,Computer Systems Design Services,Minic Ventures Llc.,Boise,ID,2022-06-30,2022,991000,2,Idaho Central CU,6.0,120.0,10.0,Paid in full,False,True,2026-06-30
"Accounting, tax & bookkeeping",541219,Other Accounting Services,"Bornazyan & Bornazyan, Llp",Burbank,CA,2022-07-07,2022,280000,1,Live Oak Banking Company,7.5,120.0,2.0,Active,False,False,2026-06-30
"Accounting, tax & bookkeeping",541211,Offices of Certified Public Accountants,"Hayes Cpa, Pllc",Wilmington,NC,2022-07-07,2022,900000,1,Live Oak Banking Company,6.48,120.0,5.0,Active,False,False,2026-06-30
Advertising & marketing agencies,541430,Graphic Design Services,Mark Vii Graphics Llc,Lafayette,IN,2022-07-07,2022,906800,2,Old National Bank,6.5,120.0,8.0,Active,False,True,2026-06-30
"Accounting, tax & bookkeeping",541211,Offices of Certified Public Accountants,Sdo Cpa,Duncanville,TX,2022-07-07,2022,425000,1,Live Oak Banking Company,7.0,120.0,3.0,Paid in full,False,False,2026-06-30
Advertising & marketing agencies,541810,Advertising Agencies,Marketpro Automotive Llc,Grand Prairie,TX,2022-07-08,2022,2780000,1,Stellar Bank,6.5,120.0,13.0,Active,False,False,2026-06-30
Architecture & engineering,541330,Engineering Services,"Aeg Atlas, Llc",Olympia,WA,2022-07-11,2022,2617900,1,Harborstone CU,7.5,120.0,14.0,Active,False,False,2026-06-30
IT & software services,541511,Custom Computer Programming Services,Freya Systems Llc,Media,PA,2022-07-13,2022,1075000,2,Manufacturers and Traders Trust Company,7.25,120.0,3.0,Active,False,True,2026-06-30
Financial advisors,523940,Portfolio Management and Investment Advice,"Grandview Asset Management, Llc",Harrisburg,PA,2022-07-13,2022,3500000,1,ACNB Bank,5.25,120.0,8.0,Paid in full,False,False,2026-06-30
Management consulting,541690,Other Scientific and Technical Consulting Services,"Rosbach Holdings, Inc.",Forksville,PA,2022-07-13,2022,742500,1,Mid Penn Bank,6.25,180.0,9.0,Active,False,False,2026-06-30
Insurance agencies,524210,Insurance Agencies and Brokerages,"Leigh Shirley Insurance Agency, Llc",Temple,GA,2022-07-18,2022,1260000,1,Live Oak Banking Company,6.77,120.0,4.0,Active,False,False,2026-06-30
IT & software services,541512,Computer Systems Design Services,Tekmanagement Inc.,Medford,OR,2022-07-18,2022,1446000,1,Banner Bank,6.75,120.0,23.0,Active,False,False,2026-06-30
Advertising & marketing agencies,541890,Other Services Related to Advertising,Express Revenue Network Llc,Sarasota,FL,2022-07-20,2022,3536000,1,"MVB Bank, Inc.",7.5,120.0,12.0,Active,False,False,2026-06-30
Architecture & engineering,541380,Testing Laboratories and Services,Cmg Upstate Llc,Rochester,NY,2022-07-21,2022,458000,1,The Canandaigua National Bank and Trust Company,5.25,120.0,7.0,Active,False,False,2026-06-30
Insurance agencies,524210,Insurance Agencies and Brokerages,Joey Lee Agency Incorporated,Hattiesburg,MS,2022-07-21,2022,1231000,1,United Midwest Savings Bank National Association,7.5,120.0,4.0,Active,False,False,2026-06-30
"Accounting, tax & bookkeeping",541211,Offices of Certified Public Accountants,A Wych Tax & Accounting Llc,Fort Collins,CO,2022-07-25,2022,1050000,1,Live Oak Banking Company,7.0,120.0,5.0,Paid in full,False,False,2026-06-30
Architecture & engineering,541320,Landscape Architectural Services,"Fortini Landscapes, Inc.",San Luis Obispo,CA,2022-07-25,2022,2204000,1,Customers Bank,6.5,120.0,22.0,Active,False,False,2026-06-30
Insurance agencies,524210,Insurance Agencies and Brokerages,Bosman 2020 Insurance Center,Huntington Beach,CA,2022-07-26,2022,650000,1,United Midwest Savings Bank National Association,7.5,120.0,10.0,Paid in full,False,False,2026-06-30
"Accounting, tax & bookkeeping",541211,Offices of Certified Public Accountants,Clearscope Tax 1 Inc.,Glen Head,NY,2022-07-26,2022,686300,1,"MVB Bank, Inc.",7.5,120.0,2.0,Paid in full,False,False,2026-06-30
Architecture & engineering,541330,Engineering Services,Icivil Joyce Inc.,Elizabeth City,NC,2022-07-26,2022,800000,2,United Community Bank,6.75,120.0,4.0,Active,False,True,2026-06-30
Insurance agencies,524210,Insurance Agencies and Brokerages,"The Miles Agency, Llc",Columbia,SC,2022-07-26,2022,865000,1,United Midwest Savings Bank National Association,7.5,120.0,9.0,Paid in full,False,False,2026-06-30
Insurance agencies,524210,Insurance Agencies and Brokerages,Tortorich Agency Inc,Madison,MS,2022-07-26,2022,1034000,1,First Internet Bank of Indiana,7.5,120.0,6.0,Paid in full,False,False,2026-06-30
Law firms,541191,Title Abstract and Settlement Offices,"Burcham'S Meridian Title, Llc",Joplin,MO,2022-07-27,2022,1264600,1,Regent Bank,6.75,120.0,21.0,Active,False,False,2026-06-30
Insurance agencies,524210,Insurance Agencies and Brokerages,Atlantic Risk Management Inc,Delray Beach,FL,2022-07-28,2022,400000,1,United Midwest Savings Bank National Association,7.5,120.0,6.0,Paid in full,False,False,2026-06-30
IT & software services,541513,Computer Facilities Management Services,"It Haven Pro, Llc",Richland,WA,2022-07-28,2022,322500,1,Columbia Bank,6.75,120.0,6.0,Active,False,False,2026-06-30
"Accounting, tax & bookkeeping",541211,Offices of Certified Public Accountants,"Kuttler & Bumbaugh, Cpas Pllc",Bryan,TX,2022-07-28,2022,500000,1,Live Oak Banking Company,7.32,119.0,4.0,Active,False,False,2026-06-30
Law firms,541110,Offices of Lawyers,"Cepeda Family Law, A Professional Corporation",San Diego,CA,2022-07-29,2022,135000,1,CDC Small Business Finance Corp.,9.5,120.0,4.0,Active,False,False,2026-06-30
"Accounting, tax & bookkeeping",541211,Offices of Certified Public Accountants,"Morgan & Morgan Cpas, Professional Corporation",Grand Rapids,MI,2022-07-29,2022,166000,1,ChoiceOne Bank,5.5,84.0,7.0,Paid in full,True,False,2026-06-30
"Accounting, tax & bookkeeping",541219,Other Accounting Services,"Foothills Accounting & Tax, Pllc",Cave Creek,AZ,2022-08-02,2022,445700,1,Sunflower Bank National Association,5.6,120.0,2.0,Active,False,False,2026-06-30
Insurance agencies,524210,Insurance Agencies and Brokerages,Diya Reddi Inc,Johns Creek,GA,2022-08-05,2022,1088500,1,First Bank of the Lake,8.25,120.0,6.0,Paid in full,False,False,2026-06-30
Financial advisors,523940,Portfolio Management and Investment Advice,R11 Holdings,Englewood,CO,2022-08-05,2022,425000,1,Byline Bank,8.25,120.0,1.0,Active,False,False,2026-06-30
Architecture & engineering,541370,Surveying and Mapping (except Geophysical) Services,Austin Survey Company Llc,Round Rock,TX,2022-08-08,2022,2850000,2,Live Oak Banking Company,7.25,120.0,4.0,Paid in full,False,True,2026-06-30
"Accounting, tax & bookkeeping",541219,Other Accounting Services,"Blodgett, Mickelsen, & Adamson, P.S.",Kennewick,WA,2022-08-09,2022,1200000,1,Banner Bank,6.75,120.0,12.0,Active,False,False,2026-06-30
Advertising & marketing agencies,541810,Advertising Agencies,Corey Advertising,Apex,NC,2022-08-09,2022,1950000,1,Live Oak Banking Company,7.0,120.0,11.0,Active,False,False,2026-06-30
Advertising & marketing agencies,541810,Advertising Agencies,"Corey Advertising,Corey Consulting,Core Companies,Corey Marketing,Corey Enterpr",Apex,NC,2022-08-09,2022,150000,1,Live Oak Banking Company,7.5,120.0,11.0,Active,True,True,2026-06-30
IT & software services,541511,Custom Computer Programming Services,Nrsm Capital Llc,New York,NY,2022-08-10,2022,1567000,1,First Business Bank,8.25,120.0,4.0,Active,False,False,2026-06-30
Insurance agencies,524210,Insurance Agencies and Brokerages,"Nickel City Insurance Agency, Inc.",Lancaster,NY,2022-08-11,2022,736000,1,Five Star Bank,6.75,120.0,2.0,Active,False,False,2026-06-30
Architecture & engineering,541320,Landscape Architectural Services,Jonathan Petty Landscape Design Llc,Harwich,MA,2022-08-12,2022,136300,1,Cape and Coast Bank,7.5,120.0,2.0,Active,False,False,2026-06-30
Insurance agencies,524210,Insurance Agencies and Brokerages,Asatryan Agency Inc.,Canoga Park,CA,2022-08-17,2022,211500,1,BMO Bank National Association,7.5,120.0,3.0,Active,False,False,2026-06-30
Financial advisors,523940,Portfolio Management and Investment Advice,Proxy Freedom Llc,Windermere,FL,2022-08-18,2022,2200000,1,United Midwest Savings Bank National Association,8.25,120.0,5.0,Active,False,False,2026-06-30
IT & software services,541512,Computer Systems Design Services,"The Computer Warriors, Inc",Jacksonville,NC,2022-08-22,2022,300000,1,Live Oak Banking Company,8.0,120.0,11.0,Paid in full,False,False,2026-06-30
"Accounting, tax & bookkeeping",541211,Offices of Certified Public Accountants,The Miller Group Llc,Prior Lake,MN,2022-08-23,2022,525600,1,BankVista,8.0,120.0,9.0,Paid in full,False,False,2026-06-30
Insurance agencies,524210,Insurance Agencies and Brokerages,"Design Underwriting, Inc.",Grand Rapids,MI,2022-08-24,2022,730300,1,The Huntington National Bank,7.75,120.0,2.0,Active,False,False,2026-06-30
Insurance agencies,524210,Insurance Agencies and Brokerages,"Cypress Risk Solutions, Llc",Snead,AL,2022-08-25,2022,2824200,1,ServisFirst Bank,6.0,120.0,8.0,Active,False,False,2026-06-30
Financial advisors,523940,Portfolio Management and Investment Advice,"Pom Wealth Management, Llc",Prescott,AZ,2022-08-26,2022,646500,1,Bell Bank,6.59,120.0,1.0,Active,False,False,2026-06-30
Insurance agencies,524210,Insurance Agencies and Brokerages,"Delco P&C, Llc",Rogers,AR,2022-08-29,2022,640000,1,United Midwest Savings Bank National Association,8.25,120.0,12.0,Paid in full,False,False,2026-06-30
Insurance agencies,524210,Insurance Agencies and Brokerages,Tjc Insurance Llc,Niles,OH,2022-08-29,2022,496900,1,Mechanics and Farmers Bank,7.5,120.0,6.0,Paid in full,False,False,2026-06-30
Architecture & engineering,541310,Architectural Services,"Four Seasons Group, Llc",Louisville,KY,2022-08-30,2022,645500,1,Columbia Bank,8.25,120.0,11.0,Active,False,False,2026-06-30
"Accounting, tax & bookkeeping",541211,Offices of Certified Public Accountants,Witesman Tax Services Llc,Sandy,UT,2022-08-31,2022,1420000,1,Live Oak Banking Company,7.47,120.0,16.0,Active,False,False,2026-06-30
Insurance agencies,524210,Insurance Agencies and Brokerages,Treece Agency Inc.,Smyrna,TN,2022-09-01,2022,346500,1,SNB Bank National Association,7.0,120.0,3.0,Active,False,False,2026-06-30
Architecture & engineering,541310,Architectural Services,Edwards + Hotchkiss Architects Pc,Brentwood,TN,2022-09-02,2022,545000,1,Renasant Bank,8.0,120.0,11.0,Paid in full,False,False,2026-06-30
Architecture & engineering,541350,Building Inspection Services,F3,Troy,MO,2022-09-02,2022,3100000,1,Live Oak Banking Company,7.09,132.0,35.0,Paid in full,False,False,2026-06-30
Architecture & engineering,541330,Engineering Services,Bay Environmental Inc.,Houston,TX,2022-09-06,2022,150000,1,"Newtek Small Business Finance, Inc.",8.5,120.0,4.0,Active,False,False,2026-06-30
"Accounting, tax & bookkeeping",541219,Other Accounting Services,Hommerding Advisors Llc,Coconut Creek,FL,2022-09-06,2022,1095500,1,The Bancorp Bank National Association,7.5,120.0,6.0,Active,False,False,2026-06-30
Architecture & engineering,541330,Engineering Services,"Kelley Engineering, Llc",Piedmont,SC,2022-09-09,2022,875000,1,"SouthState Bank, National Association",7.5,204.0,63.0,Active,False,False,2026-06-30
Insurance agencies,524210,Insurance Agencies and Brokerages,Em Insurance And Financial Services Llc,Sunrise,FL,2022-09-12,2022,347000,1,BayFirst National Bank,8.25,120.0,3.0,Active,False,False,2026-06-30
Architecture & engineering,541320,Landscape Architectural Services,"Keenan & Sveiven, Inc.",Minnetonka,MN,2022-09-12,2022,2059700,1,Old National Bank,5.5,174.0,2.0,Active,False,False,2026-06-30
Insurance agencies,524210,Insurance Agencies and Brokerages,Keathley Insurance Llc,Oklahoma City,OK,2022-09-13,2022,99000,1,BancFirst,7.0,84.0,2.0,Paid in full,False,False,2026-06-30
"Accounting, tax & bookkeeping",541211,Offices of Certified Public Accountants,"Rachel Armbruster, Cpa, Pllc",Amarillo,TX,2022-09-13,2022,401600,1,Citizens Bank,7.75,120.0,2.0,Active,False,False,2026-06-30
"Accounting, tax & bookkeeping",541213,Tax Preparation Services,Shorwood Llc,Saint Peters,MO,2022-09-13,2022,2720000,1,The Bank of Houston,7.25,120.0,14.0,Active,False,False,2026-06-30
IT & software services,541511,Custom Computer Programming Services,Aquarius Entertainment Llc,Pompano Beach,FL,2022-09-14,2022,594900,1,"MVB Bank, Inc.",8.25,120.0,2.0,Active,False,False,2026-06-30
Financial advisors,523940,Portfolio Management and Investment Advice,Dock Financial Solutions,Madison,WI,2022-09-16,2022,1644000,1,Byline Bank,8.25,120.0,2.0,Active,False,False,2026-06-30
Advertising & marketing agencies,541810,Advertising Agencies,Owens Harkey & Associates Llc,Phoenix,AZ,2022-09-20,2022,5000000,1,MidFirst Bank,6.5,120.0,107.0,Active,False,False,2026-06-30
"Accounting, tax & bookkeeping",541219,Other Accounting Services,"Traylor Business Services, Inc.",Kennesaw,GA,2022-09-20,2022,425800,1,Georgia's Own Credit Union,8.25,168.0,9.0,Active,False,False,2026-06-30
Insurance agencies,524210,Insurance Agencies and Brokerages,"Dc Insurance Services, Inc",Encino,CA,2022-09-21,2022,283000,1,First Internet Bank of Indiana,8.25,120.0,9.0,Paid in full,False,False,2026-06-30
Insurance agencies,524210,Insurance Agencies and Brokerages,"Jan Loewen Insurance Services, Inc.",Santa Rosa,CA,2022-09-21,2022,730000,1,Live Oak Banking Company,8.11,120.0,5.0,Active,False,False,2026-06-30
Architecture & engineering,541320,Landscape Architectural Services,"Tpg Holding I, Llc",Cornelius,NC,2022-09-21,2022,1142000,1,Bank of Oak Ridge,8.0,120.0,14.0,Active,False,False,2026-06-30
"Accounting, tax & bookkeeping",541211,Offices of Certified Public Accountants,Avraco Inc,Coconut Creek,FL,2022-09-22,2022,166000,1,BayFirst National Bank,8.25,120.0,2.0,Paid in full,False,False,2026-06-30
"Accounting, tax & bookkeeping",541211,Offices of Certified Public Accountants,"Wasatch Accounting Solutions, Llc",Tooele,UT,2022-09-22,2022,234800,1,Canyon View Federal Credit Union,8.0,120.0,2.0,Paid in full,False,False,2026-06-30
Insurance agencies,524210,Insurance Agencies and Brokerages,Madison Ramon Insurance Agency Llc,Leander,TX,2022-09-23,2022,597500,1,Live Oak Banking Company,6.42,120.0,4.0,Active,False,False,2026-06-30
"Accounting, tax & bookkeeping",541213,Tax Preparation Services,Padgett Advisors Of Middle Tennessee Inc,Old Hickory,TN,2022-09-24,2022,410000,1,BayFirst National Bank,8.5,120.0,8.0,Active,False,False,2026-06-30
Insurance agencies,524210,Insurance Agencies and Brokerages,Fuhrman Insurance Agency Unlimited,Franksville,WI,2022-09-26,2022,280000,1,Community State Bank,5.75,120.0,3.0,Active,False,False,2026-06-30
IT & software services,541519,Other Computer Related Services,Global Data Specialists,Mesa,AZ,2022-09-26,2022,4450000,2,Live Oak Banking Company,8.0,120.0,5.0,Active,False,True,2026-06-30
Advertising & marketing agencies,541613,Marketing Consulting Services,"Thompson Whitney, Llc",Apopka,FL,2022-09-26,2022,180000,1,Pathward National Association,8.25,120.0,1.0,Active,False,False,2026-06-30
"Accounting, tax & bookkeeping",541211,Offices of Certified Public Accountants,"Faller, Kincheloe & Co, Plc",Des Moines,IA,2022-09-27,2022,1620500,1,City State Bank,6.0,120.0,12.0,Active,False,False,2026-06-30
Advertising & marketing agencies,541810,Advertising Agencies,P S Media Inc.,Kennewick,WA,2022-09-27,2022,540000,1,Numerica CU,7.5,120.0,4.0,Active,False,False,2026-06-30
Law firms,541191,Title Abstract and Settlement Offices,Wool-King Llc,Hardy,AR,2022-09-27,2022,323500,1,FNBC Bank,7.0,120.0,1.0,Paid in full,False,False,2026-06-30
Insurance agencies,524210,Insurance Agencies and Brokerages,"Insurance Services Of Central Florida, Inc.",Sanford,FL,2022-09-28,2022,1070000,1,Banc of California,7.0,120.0,2.0,Paid in full,False,False,2026-06-30
"Accounting, tax & bookkeeping",541211,Offices of Certified Public Accountants,Sturgill & Associates Llp,Westminster,MD,2022-09-28,2022,2550000,2,Manufacturers and Traders Trust Company,6.5,120.0,15.0,Active,False,True,2026-06-30
Advertising & marketing agencies,541890,Other Services Related to Advertising,Cch Creates Llc,Saint Paul,MN,2022-09-30,2022,136100,1,"Alerus Financial, National Association",7.25,120.0,3.0,Active,False,False,2026-06-30
IT & software services,541512,Computer Systems Design Services,"Preferred Technologies, Llc",Houston,TX,2022-09-30,2022,4250000,1,Stellar Bank,6.15,120.0,107.0,Active,False,False,2026-06-30
"Accounting, tax & bookkeeping",541219,Other Accounting Services,Dayspring Afs Incorporated,Allen,TX,2022-10-03,2023,795200,1,Pinnacle Bank,2.75,120.0,13.0,Active,False,False,2026-06-30
Insurance agencies,524210,Insurance Agencies and Brokerages,"360 Insurance Solutions, Inc.",Richmond,VA,2022-10-05,2023,250000,1,United Midwest Savings Bank National Association,8.5,120.0,1.0,Active,False,False,2026-06-30
Architecture & engineering,541330,Engineering Services,Art Of Design Inc.,Van Nuys,CA,2022-10-06,2023,150000,1,Celtic Bank Corporation,9.0,120.0,2.0,Active,False,False,2026-06-30
Advertising & marketing agencies,541430,Graphic Design Services,"Rfs Enterprises, Inc.",Rogers,MN,2022-10-06,2023,1361700,2,Old National Bank,6.88,120.0,4.0,Active,False,True,2026-06-30
"Accounting, tax & bookkeeping",541211,Offices of Certified Public Accountants,Daniel W Anderson Cpa Pc,Placitas,NM,2022-10-07,2023,270000,1,BMO Bank National Association,9.0,120.0,4.0,Active,False,False,2026-06-30
"Accounting, tax & bookkeeping",541211,Offices of Certified Public Accountants,Red Rock Tax Svcs Llc,Mesa,AZ,2022-10-07,2023,1945000,1,Live Oak Banking Company,8.22,300.0,2.0,Active,False,False,2026-06-30
IT & software services,541519,Other Computer Related Services,"Sb Newco, Llc",Dallas,TX,2022-10-07,2023,1860000,2,Platinum Bank,9.0,120.0,7.0,Active,False,True,2026-06-30
"Accounting, tax & bookkeeping",541211,Offices of Certified Public Accountants,Beyond Accounting Llc,Indianapolis,IN,2022-10-10,2023,450000,1,Live Oak Banking Company,8.88,120.0,2.0,Paid in full,False,False,2026-06-30
"Accounting, tax & bookkeeping",541213,Tax Preparation Services,Gjm Advisory Llc,Kankakee,IL,2022-10-10,2023,1675000,1,Live Oak Banking Company,9.0,120.0,11.0,Active,False,False,2026-06-30
"Accounting, tax & bookkeeping",541211,Offices of Certified Public Accountants,"Fringe Advisory, Accounting And Cpas P.C.",Mount Pleasant,SC,2022-10-13,2023,343000,1,Live Oak Banking Company,8.74,120.0,4.0,Active,False,False,2026-06-30
"Accounting, tax & bookkeeping",541211,Offices of Certified Public Accountants,"Renner And Company, Cpa, P.C.",Alexandria,VA,2022-10-14,2023,2475000,1,Live Oak Banking Company,7.99,120.0,30.0,Active,False,False,2026-06-30
Insurance agencies,524210,Insurance Agencies and Brokerages,Pope & Associates Risk Management Llc,Fort Thomas,KY,2022-10-18,2023,495000,1,Stock Yards Bank & Trust Company,6.75,120.0,1.0,Active,True,False,2026-06-30
"Accounting, tax & bookkeeping",541211,Offices of Certified Public Accountants,Reliant Cpas Pa,Lake City,FL,2022-10-18,2023,1332900,1,Renasant Bank,8.0,120.0,8.0,Active,False,False,2026-06-30
"Accounting, tax & bookkeeping",541211,Offices of Certified Public Accountants,"Taxstra, Llc",Springfield,IL,2022-10-18,2023,969500,2,"INB, National Association",6.75,119.0,11.0,Active,False,False,2026-06-30
"Accounting, tax & bookkeeping",541211,Offices of Certified Public Accountants,Jag Cpa & Associates Inc.,Hampstead,NH,2022-10-19,2023,150000,1,Rockland Trust Company,7.25,120.0,11.0,Active,True,True,2026-06-30
IT & software services,541519,Other Computer Related Services,Onewhoserves,Asheville,NC,2022-10-19,2023,1170000,1,First Bank,9.0,120.0,9.0,Active,False,False,2026-06-30
Law firms,541191,Title Abstract and Settlement Offices,All World Title Corp.,Miami,FL,2022-10-20,2023,1468000,1,Byline Bank,8.75,104.0,8.0,Active,False,False,2026-06-30
IT & software services,541511,Custom Computer Programming Services,"Taphunter, Inc.",San Diego,CA,2022-10-20,2023,2110000,1,HomeTrust Bank,8.75,120.0,2.0,Active,False,False,2026-06-30
Insurance agencies,524210,Insurance Agencies and Brokerages,"Alliance Financial Advisors, Llc",Riverton,UT,2022-10-21,2023,350000,1,SNB Bank National Association,9.0,120.0,3.0,Active,False,False,2026-06-30
Financial advisors,523940,Portfolio Management and Investment Advice,"Wealth Management Group, Incorporated",Winston Salem,NC,2022-10-21,2023,2100000,1,Byline Bank,9.0,120.0,5.0,Active,False,False,2026-06-30
Architecture & engineering,541380,Testing Laboratories and Services,"Accurate Test Systems, Inc.",Saint Jacob,IL,2022-10-24,2023,522500,1,"U.S. Bank, National Association",7.2,120.0,4.0,Paid in full,False,False,2026-06-30
Insurance agencies,524210,Insurance Agencies and Brokerages,Innovative Insurance Of Fl Llc,Naples,FL,2022-10-24,2023,230000,1,Byline Bank,9.0,93.0,8.0,Active,False,False,2026-06-30
"Accounting, tax & bookkeeping",541211,Offices of Certified Public Accountants,"Accura  Accounting, Llc",Carmel,IN,2022-10-25,2023,387000,1,Live Oak Banking Company,8.68,120.0,4.0,Active,False,False,2026-06-30
"Accounting, tax & bookkeeping",541219,Other Accounting Services,"Beacon Tax & Accounting Solutions, Llc",Travelers Rest,SC,2022-10-25,2023,200000,1,TowneBank,9.0,120.0,3.0,Active,False,False,2026-06-30
Management consulting,541620,Environmental Consulting Services,"Eros Environmental, Llc",Las Vegas,NV,2022-10-25,2023,1530000,1,"Zions Bank, A Division of",8.75,120.0,7.0,Active,False,False,2026-06-30
Management consulting,541620,Environmental Consulting Services,Rocky Mountain Reclamation Llc,Laramie,WY,2022-10-25,2023,4462500,1,Byline Bank,8.25,120.0,20.0,Active,False,False,2026-06-30
Insurance agencies,524210,Insurance Agencies and Brokerages,All Access Agency Inc.,Morrow,GA,2022-10-26,2023,280000,1,United Midwest Savings Bank National Association,9.25,120.0,3.0,Paid in full,False,False,2026-06-30
"Accounting, tax & bookkeeping",541213,Tax Preparation Services,"Cape Fear Regional Tax Consultants, Llc",Wilmington,NC,2022-10-26,2023,971000,1,HomeTrust Bank,8.5,120.0,2.0,Paid in full,False,False,2026-06-30
Insurance agencies,524210,Insurance Agencies and Brokerages,"The Westfield Legacy Agency, Inc.",Westfield,NJ,2022-10-26,2023,5000000,1,Byline Bank,9.0,120.0,7.0,Active,False,False,2026-06-30
IT & software services,541512,Computer Systems Design Services,"Upside Technology Services, Llc",Indianapolis,IN,2022-10-26,2023,3205000,2,Live Oak Banking Company,8.24,120.0,12.0,Active,False,True,2026-06-30
"Accounting, tax & bookkeeping",541211,Offices of Certified Public Accountants,Valley Cpa Services Pllc,Phoenix,AZ,2022-10-26,2023,460000,1,"Alerus Financial, National Association",8.0,120.0,4.0,Paid in full,False,False,2026-06-30
"Accounting, tax & bookkeeping",541213,Tax Preparation Services,Gspc Llc,Spartanburg,SC,2022-10-27,2023,1675000,1,HomeTrust Bank,8.5,120.0,33.0,Paid in full,False,False,2026-06-30
"Accounting, tax & bookkeeping",541211,Offices of Certified Public Accountants,"Renner And Company, Cpa, P.C.",Alexandria,VA,2022-10-27,2023,200000,1,Live Oak Banking Company,7.99,120.0,30.0,Active,True,True,2026-06-30
Architecture & engineering,541330,Engineering Services,Deftec Corporation,Huntsville,AL,2022-10-28,2023,4714200,1,SouthPoint Bank,8.25,120.0,44.0,Active,False,False,2026-06-30
Insurance agencies,524210,Insurance Agencies and Brokerages,"Elig Franklin, Llc",Bridgeville,PA,2022-10-28,2023,4260000,1,Live Oak Banking Company,7.51,120.0,2.0,Active,False,False,2026-06-30
Management consulting,541690,Other Scientific and Technical Consulting Services,Swasen Inc,West Orange,NJ,2022-10-28,2023,5000000,1,Live Oak Banking Company,7.25,102.0,20.0,Paid in full,False,False,2026-06-30
"Accounting, tax & bookkeeping",541211,Offices of Certified Public Accountants,Bryant Harvey Wry Pllc,Houston,TX,2022-10-31,2023,2000000,1,Live Oak Banking Company,7.5,120.0,16.0,Active,False,False,2026-06-30
Insurance agencies,524210,Insurance Agencies and Brokerages,Hobbs Agency Llc,Ottumwa,IA,2022-11-02,2023,596000,1,Mechanics and Farmers Bank,8.25,120.0,4.0,Paid in full,False,False,2026-06-30
Architecture & engineering,541380,Testing Laboratories and Services,Kansas City Radon Llc,Overland Park,KS,2022-11-03,2023,350000,1,Kendall Bank,8.0,120.0,4.0,Active,False,False,2026-06-30
"Accounting, tax & bookkeeping",541211,Offices of Certified Public Accountants,Coastal Cpa Firm Pllc,Ormond Beach,FL,2022-11-04,2023,615000,1,Live Oak Banking Company,8.29,180.0,4.0,Active,False,False,2026-06-30
IT & software services,541511,Custom Computer Programming Services,"Creosen, Inc.",Marietta,GA,2022-11-04,2023,810000,1,Beacon Bank and Trust,8.75,120.0,12.0,Active,False,False,2026-06-30
"Accounting, tax & bookkeeping",541213,Tax Preparation Services,Bry Tax Llc,Charlotte,NC,2022-11-07,2023,2100000,1,HomeTrust Bank,8.75,99.0,57.0,Active,False,False,2026-06-30
Insurance agencies,524210,Insurance Agencies and Brokerages,Slstx Financial Corp,Dalworthington Gardens,TX,2022-11-07,2023,1429700,1,Citizens Bank,8.75,180.0,10.0,Active,False,False,2026-06-30
Insurance agencies,524210,Insurance Agencies and Brokerages,Stickel Insurance Group Llc,Troutdale,OR,2022-11-07,2023,980000,1,Pathward National Association,9.0,120.0,6.0,Active,False,False,2026-06-30
"Accounting, tax & bookkeeping",541211,Offices of Certified Public Accountants,Michael Woodmansee Tax & Accounting Llc,Springfield,OR,2022-11-08,2023,464000,1,"U.S. Bank, National Association",7.74,120.0,1.0,Active,False,False,2026-06-30
"Accounting, tax & bookkeeping",541219,Other Accounting Services,Arete Business Consulting Tax And Accounting,Metairie,LA,2022-11-09,2023,427500,1,Fidelity Bank,7.75,120.0,5.0,Active,True,False,2026-06-30
Architecture & engineering,541380,Testing Laboratories and Services,Grace/Accusure Analytical Laboratories Llc,Berkeley,IL,2022-11-09,2023,497300,2,"Beverly Bank & Trust Company, National Association",7.75,120.0,7.0,Active,True,True,2026-06-30
Insurance agencies,524210,Insurance Agencies and Brokerages,Felix Quintero Insurance Agency Llc,San Francisco,CA,2022-11-10,2023,1730000,1,First Bank of the Lake,9.0,120.0,2.0,Paid in full,False,False,2026-06-30
"Accounting, tax & bookkeeping",541211,Offices of Certified Public Accountants,Orcutt & Company Llc,Milford,OH,2022-11-10,2023,1800000,1,Live Oak Banking Company,7.99,120.0,13.0,Paid in full,False,False,2026-06-30
"Accounting, tax & bookkeeping",541211,Offices of Certified Public Accountants,"Ringler & Co., Pc",Clinton Township,MI,2022-11-15,2023,375000,1,Fifth Third Bank,6.99,120.0,11.0,Active,True,False,2026-06-30
Insurance agencies,524210,Insurance Agencies and Brokerages,"Ruby Rate Of Texas, Llc",Irving,TX,2022-11-15,2023,875000,1,Pathward National Association,9.0,120.0,2.0,Active,False,False,2026-06-30
"Accounting, tax & bookkeeping",541219,Other Accounting Services,"Dishion, Pllc",Louisville,KY,2022-11-17,2023,350000,1,Live Oak Banking Company,8.75,120.0,3.0,Paid in full,False,False,2026-06-30
"Accounting, tax & bookkeeping",541211,Offices of Certified Public Accountants,"Jag Cpa And Associates, Inc.",Hampstead,NH,2022-11-17,2023,1090000,1,Rockland Trust Company,5.5,120.0,11.0,Active,False,False,2026-06-30
"Accounting, tax & bookkeeping",541219,Other Accounting Services,Bohica Services Llc,Bakersfield,CA,2022-11-18,2023,2200000,1,Live Oak Banking Company,8.5,120.0,8.0,Paid in full,False,False,2026-06-30
"Accounting, tax & bookkeeping",541219,Other Accounting Services,"Cruz & Company, Inc.",Selma,CA,2022-11-18,2023,288500,1,SNB Bank National Association,9.25,120.0,2.0,Active,False,False,2026-06-30
"Accounting, tax & bookkeeping",541211,Offices of Certified Public Accountants,"Poppydunne, Llc",Lakewood,CO,2022-11-18,2023,270000,1,Byline Bank,8.75,95.0,1.0,Active,False,False,2026-06-30
"Accounting, tax & bookkeeping",541219,Other Accounting Services,Online Outsourced Bookkeeping Inc,North Hollywood,CA,2022-11-21,2023,585000,1,BMO Bank National Association,8.75,120.0,11.0,Active,False,False,2026-06-30
Architecture & engineering,541330,Engineering Services,D.R. Strong Llc,Kirkland,WA,2022-11-22,2023,5000000,1,Northwest Bank,8.75,120.0,29.0,Active,False,False,2026-06-30
"Accounting, tax & bookkeeping",541211,Offices of Certified Public Accountants,"Joshua T. Downs, Cpa, Pa",Waxhaw,NC,2022-11-22,2023,250000,1,Live Oak Banking Company,8.75,120.0,3.0,Active,False,False,2026-06-30
Law firms,541110,Offices of Lawyers,"Bridgman Law Offices, Pllc",Charlotte,NC,2022-11-28,2023,836100,1,"PNC Bank, National Association",5.69,120.0,5.0,Paid in full,False,False,2026-06-30
"Accounting, tax & bookkeeping",541219,Other Accounting Services,"Cfo Services, Inc.",Nashville,TN,2022-11-29,2023,496000,1,"U.S. Bank, National Association",9.08,120.0,2.0,Active,False,False,2026-06-30
Architecture & engineering,541330,Engineering Services,Engassist Llc,Fort Myers,FL,2022-11-29,2023,5000000,1,Live Oak Banking Company,8.25,120.0,16.0,Paid in full,False,False,2026-06-30
Management consulting,541690,Other Scientific and Technical Consulting Services,Microbial Research Incorporated,Fort Collins,CO,2022-11-30,2023,762300,1,Bank of Colorado,6.5,120.0,9.0,Active,False,False,2026-06-30
"Accounting, tax & bookkeeping",541219,Other Accounting Services,Provident Accounting And Tax Services Llc,Gilbert,AZ,2022-11-30,2023,231000,1,Arizona Capital Source,11.25,120.0,4.0,Active,False,False,2026-06-30
"Accounting, tax & bookkeeping",541211,Offices of Certified Public Accountants,Hock Bratcher  Llp,Morgan Hill,CA,2022-12-05,2023,3200000,1,Pinnacle Bank,8.25,120.0,20.0,Active,False,False,2026-06-30
"Accounting, tax & bookkeeping",541213,Tax Preparation Services,The Summit Group Llc,Salt Lake City,UT,2022-12-05,2023,569400,1,Busey Bank,9.0,120.0,11.0,Active,False,False,2026-06-30
Insurance agencies,524210,Insurance Agencies and Brokerages,"Evans, Ewan & Brady Insurance Agency, Inc.",Georgetown,TX,2022-12-06,2023,5000000,1,Live Oak Banking Company,7.24,120.0,10.0,Paid in full,False,False,2026-06-30
Architecture & engineering,541310,Architectural Services,"Indigo Architecture Consulting, Inc.",Fort Myers,FL,2022-12-07,2023,585000,1,The Huntington National Bank,9.25,120.0,4.0,Paid in full,False,False,2026-06-30
IT & software services,541512,Computer Systems Design Services,"Sonic Systems, Inc.",Victorville,CA,2022-12-07,2023,513300,1,FDIC - Community Bank & Trust-West Georgia,10.0,120.0,8.0,Active,False,False,2026-06-30
Advertising & marketing agencies,541810,Advertising Agencies,"K2Md, Inc.",Albuquerque,NM,2022-12-08,2023,350000,1,"Capital Bank, National Association",9.75,120.0,10.0,Active,False,False,2026-06-30
Management consulting,541620,Environmental Consulting Services,"Carnow, Conibear & Assoc., Ltd.",Chicago,IL,2022-12-09,2023,500000,1,"Schaumburg Bank & Trust Company, National Association",7.0,120.0,60.0,Active,True,False,2026-06-30
Insurance agencies,524210,Insurance Agencies and Brokerages,"The Badeaux Agency, Llc",Metairie,LA,2022-12-09,2023,403000,1,United Midwest Savings Bank National Association,9.75,98.0,5.0,Active,False,False,2026-06-30
"Accounting, tax & bookkeeping",541211,Offices of Certified Public Accountants,"Love & Company Cpas, Llc",St Petersburg,FL,2022-12-12,2023,1260700,1,The Bancorp Bank National Association,8.5,300.0,7.0,Active,False,False,2026-06-30
Architecture & engineering,541330,Engineering Services,"First Group Engineering, Inc",Indianapolis,IN,2022-12-13,2023,3756600,2,Old National Bank,7.0,120.0,26.0,Active,False,True,2026-06-30
Advertising & marketing agencies,541613,Marketing Consulting Services,"Snyder Group, Inc.",Wilton,CT,2022-12-13,2023,720000,1,BayFirst National Bank,9.75,120.0,9.0,Active,False,False,2026-06-30
Architecture & engineering,541340,Drafting Services,"Studio Pba, Inc.",Denver,CO,2022-12-14,2023,1827900,1,Busey Bank,8.25,120.0,50.0,Active,False,False,2026-06-30
Insurance agencies,524210,Insurance Agencies and Brokerages,"The Stephenson Agency, Inc.",Decatur,GA,2022-12-15,2023,545000,1,United Midwest Savings Bank National Association,10.0,120.0,6.0,Paid in full,False,False,2026-06-30
Insurance agencies,524210,Insurance Agencies and Brokerages,North Texas Insurance Agency Inc.,Denton,TX,2022-12-16,2023,1060000,1,Live Oak Banking Company,8.38,120.0,2.0,Paid in full,False,False,2026-06-30
Insurance agencies,524210,Insurance Agencies and Brokerages,"Panhandle Insurance Agency, Llc",Guymon,OK,2022-12-16,2023,1163700,1,Panhandle First Bank,8.5,180.0,6.0,Active,False,False,2026-06-30
"Accounting, tax & bookkeeping",541211,Offices of Certified Public Accountants,"Roczko & Associates, Llc",Pittsburgh,PA,2022-12-16,2023,650000,1,Live Oak Banking Company,8.73,120.0,6.0,Active,False,False,2026-06-30
Law firms,541110,Offices of Lawyers,"Charlotte Christian Law, Pc.",Huntsville,AL,2022-12-19,2023,2950000,2,Live Oak Banking Company,8.0,98.0,62.0,Charged off,False,True,2026-06-30
IT & software services,541513,Computer Facilities Management Services,Executive Decisions,Auburn,CA,2022-12-19,2023,500000,1,"22nd State Bank, A Division of 22nd State Banking Company",9.75,120.0,2.0,Active,False,False,2026-06-30
Architecture & engineering,541340,Drafting Services,"Valley Drafting Acquisition, Llc",Wrightstown,WI,2022-12-19,2023,1365000,1,Nicolet National Bank,7.5,120.0,13.0,Active,False,False,2026-06-30
"Accounting, tax & bookkeeping",541213,Tax Preparation Services,Bennett & Neilson Tax,Indianapolis,IN,2022-12-20,2023,285000,1,Live Oak Banking Company,8.94,195.0,3.0,Active,False,False,2026-06-30
Insurance agencies,524210,Insurance Agencies and Brokerages,"Alpha Nerds Insurance, Inc.",Mesa,AZ,2022-12-21,2023,761000,1,Mechanics and Farmers Bank,9.0,120.0,3.0,Active,False,False,2026-06-30
Insurance agencies,524210,Insurance Agencies and Brokerages,"Resolve Insurance Group Birmingham Al, Llc",Birmingham,AL,2022-12-21,2023,2393000,1,Live Oak Banking Company,8.64,120.0,6.0,Paid in full,False,False,2026-06-30
Insurance agencies,524210,Insurance Agencies and Brokerages,The Huneycutt Group Inc,Wilmington,NC,2022-12-21,2023,3085000,1,Live Oak Banking Company,7.47,120.0,11.0,Paid in full,False,False,2026-06-30
"Accounting, tax & bookkeeping",541211,Offices of Certified Public Accountants,Roper Accounting Group Llc,Raleigh,NC,2022-12-22,2023,612600,1,North State Bank,10.5,120.0,19.0,Active,False,False,2026-06-30
"Accounting, tax & bookkeeping",541213,Tax Preparation Services,Bennett & Neilson Tax,Mooresville,IN,2022-12-23,2023,290000,1,Live Oak Banking Company,8.94,120.0,3.0,Active,False,False,2026-06-30
Insurance agencies,524210,Insurance Agencies and Brokerages,Lage Enterprises Inc.,Shelby Township,MI,2022-12-28,2023,1925000,1,Live Oak Banking Company,8.04,120.0,4.0,Active,False,False,2026-06-30
Insurance agencies,524210,Insurance Agencies and Brokerages,"Winkler Hiznay & Associates, Llc",Birmingham,AL,2022-12-28,2023,1142000,1,SouthPoint Bank,9.0,120.0,4.0,Active,False,False,2026-06-30
Insurance agencies,524210,Insurance Agencies and Brokerages,"Gendusa Insurance Agency, L.L.C.",Hammond,LA,2022-12-29,2023,860000,1,Live Oak Banking Company,9.0,120.0,2.0,Paid in full,False,False,2026-06-30
Insurance agencies,524210,Insurance Agencies and Brokerages,Brandon Riley Agency Llc,Glenwood,IL,2022-12-30,2023,190000,1,"Capital Bank, National Association",9.75,120.0,4.0,Active,False,False,2026-06-30
IT & software services,541519,Other Computer Related Services,"E-Vergent.Com, Llc",Spokane Valley,WA,2022-12-30,2023,5000000,1,Live Oak Banking Company,7.74,120.0,19.0,Paid in full,False,False,2026-06-30
Architecture & engineering,541330,Engineering Services,"J.R. Boeshans Engineering, Pllc",Laurel,MT,2023-01-04,2023,590000,1,Glacier Bank,8.0,120.0,6.0,Active,False,False,2026-06-30
"Accounting, tax & bookkeeping",541213,Tax Preparation Services,Allison Bookkeeping & Tax,Concord,NC,2023-01-06,2023,215000,1,Live Oak Banking Company,10.25,120.0,2.0,Active,False,False,2026-06-30
Management consulting,541620,Environmental Consulting Services,"Compass Environmental Solutions, Llc",Rosenberg,TX,2023-01-06,2023,1250000,1,Stellar Bank,8.15,120.0,3.0,Active,False,False,2026-06-30
Architecture & engineering,541320,Landscape Architectural Services,"Native Landscapes, Inc.",Ketchum,ID,2023-01-06,2023,3393000,1,Glacier Bank,9.0,120.0,80.0,Paid in full,False,False,2026-06-30
Management consulting,541618,Other Management Consulting Services,The Mcgarrh Group Inc.,Henderson,KY,2023-01-10,2023,340000,1,Heritage Federal Credit Union,6.9,84.0,4.0,Active,False,False,2026-06-30
"Accounting, tax & bookkeeping",541211,Offices of Certified Public Accountants,Blu Jax Accounting Llc,Leesburg,FL,2023-01-11,2023,705900,1,Citizens Bank,9.75,120.0,7.0,Active,False,False,2026-06-30
Architecture & engineering,541310,Architectural Services,Dva Architecture Llc,Cleveland,OH,2023-01-11,2023,2243100,1,First Commonwealth Bank,9.75,120.0,2.0,Paid in full,False,False,2026-06-30
Management consulting,541614,"Process, Physical Distribution, and Logistics Consulting Services","Sol Business Services, Llc",Fairfield,CA,2023-01-11,2023,1790000,2,Live Oak Banking Company,9.0,120.0,210.0,Active,False,True,2026-06-30
Advertising & marketing agencies,541810,Advertising Agencies,Errant Venture Llc,Baltimore,MD,2023-01-12,2023,1041000,1,Manufacturers and Traders Trust Company,9.75,120.0,4.0,Active,False,False,2026-06-30
"Accounting, tax & bookkeeping",541211,Offices of Certified Public Accountants,360 Business Management,Burbank,CA,2023-01-19,2023,1340000,1,"U.S. Bank, National Association",8.28,120.0,14.0,Active,False,False,2026-06-30
Architecture & engineering,541330,Engineering Services,Leavins Engineering & Design Llc,Beaumont,TX,2023-01-19,2023,1369000,1,The Huntington National Bank,10.0,120.0,8.0,Active,False,False,2026-06-30
"Accounting, tax & bookkeeping",541219,Other Accounting Services,The Jbee Method Llc,Mcdonough,GA,2023-01-19,2023,525000,1,Live Oak Banking Company,9.47,164.0,4.0,Active,False,False,2026-06-30
"Accounting, tax & bookkeeping",541213,Tax Preparation Services,Apex Accounting And Tax Inc.,Littleton,CO,2023-01-20,2023,4015000,1,Live Oak Banking Company,9.27,120.0,14.0,Active,False,False,2026-06-30
Architecture & engineering,541330,Engineering Services,"Waterengineers, Inc",Cypress,TX,2023-01-20,2023,1599000,1,"Zions Bank, A Division of",9.75,120.0,13.0,Active,False,False,2026-06-30
Financial advisors,523940,Portfolio Management and Investment Advice,Erik Rosvold,Hopkins,MN,2023-01-23,2023,690000,1,Live Oak Banking Company,8.5,120.0,1.0,Active,False,False,2026-06-30
"Accounting, tax & bookkeeping",541219,Other Accounting Services,Qmn Ventures Llc,Midlothian,VA,2023-01-24,2023,359000,1,TowneBank,10.0,120.0,5.0,Paid in full,False,False,2026-06-30
Insurance agencies,524210,Insurance Agencies and Brokerages,Scott Cohen,Rancho Palos Verdes,CA,2023-01-24,2023,1151000,1,Live Oak Banking Company,8.5,120.0,2.0,Paid in full,False,False,2026-06-30
"Accounting, tax & bookkeeping",541213,Tax Preparation Services,P&C Accounting And Tax Llc,Shallotte,NC,2023-01-26,2023,670000,1,Live Oak Banking Company,10.0,119.0,1.0,Active,False,False,2026-06-30
Law firms,541110,Offices of Lawyers,"Mara Law, P.A.",Daytona Beach,FL,2023-01-30,2023,455000,1,"SouthState Bank, National Association",9.5,300.0,11.0,Active,False,False,2026-06-30
"Accounting, tax & bookkeeping",541211,Offices of Certified Public Accountants,"Kelly And Company, Llc",Vienna,VA,2023-01-31,2023,2037000,1,Bank of Clarke,10.25,120.0,7.0,Active,False,False,2026-06-30
Law firms,541110,Offices of Lawyers,"Raimondo | Miller, A Law Corporation",Fresno,CA,2023-01-31,2023,651300,1,Plumas Bank,8.25,120.0,9.0,Paid in full,False,False,2026-06-30
Architecture & engineering,541320,Landscape Architectural Services,"Beach Property Solutions, Llc",Melbourne,FL,2023-02-07,2023,549400,1,The Bancorp Bank National Association,9.5,121.0,8.0,Active,False,False,2026-06-30
Architecture & engineering,541320,Landscape Architectural Services,"Back Paw Ii, Llc",Royal Oak,MI,2023-02-08,2023,340000,1,Pathward National Association,9.0,120.0,5.0,Paid in full,False,False,2026-06-30
Architecture & engineering,541330,Engineering Services,"Class One Professionals, Llc",Strongsville,OH,2023-02-10,2023,3084300,1,Old National Bank,7.0,120.0,30.0,Active,False,False,2026-06-30
Insurance agencies,524210,Insurance Agencies and Brokerages,"Junze Gao Insurance, Inc.",Huntington Beach,CA,2023-02-10,2023,590000,1,Byline Bank,10.25,120.0,6.0,Active,False,False,2026-06-30
Insurance agencies,524210,Insurance Agencies and Brokerages,Richard Galgano Sole Proprietorship,Franklin Lakes,NJ,2023-02-10,2023,2080000,1,Live Oak Banking Company,8.23,120.0,7.0,Active,False,False,2026-06-30
"Accounting, tax & bookkeeping",541211,Offices of Certified Public Accountants,Tax 40 Corporation,Boise,ID,2023-02-13,2023,203400,1,Glacier Bank,9.5,119.0,4.0,Active,False,False,2026-06-30
Law firms,541110,Offices of Lawyers,"Luther Lanard, Pc",Newport Beach,CA,2023-02-14,2023,950000,2,Live Oak Banking Company,9.47,120.0,10.0,Active,False,True,2026-06-30
IT & software services,541511,Custom Computer Programming Services,"Agencyone Group, Inc.",Redmond,WA,2023-02-16,2023,3233500,1,Northwest Bank,8.75,120.0,3.0,Paid in full,False,False,2026-06-30
"Accounting, tax & bookkeeping",541213,Tax Preparation Services,Bta Group Inc,Newport Beach,CA,2023-02-16,2023,778000,1,"U.S. Bank, National Association",8.7,120.0,1.0,Active,False,False,2026-06-30
Architecture & engineering,541330,Engineering Services,Gilman Engineered Solutions Llc,Janesville,WI,2023-02-16,2023,700000,1,Ixonia Bank,7.75,120.0,16.0,Paid in full,False,False,2026-06-30
Management consulting,541611,Administrative Management and General Management Consulting Services,Johnson Mechanical Solutions Llc,Keystone Heights,FL,2023-02-16,2023,200000,1,"Capital Bank, National Association",10.25,120.0,0.0,Active,False,False,2026-06-30
Management consulting,541690,Other Scientific and Technical Consulting Services,Cumula 3 Group Llc,Colorado Springs,CO,2023-02-24,2023,1760000,1,InBank,9.25,120.0,53.0,Active,False,False,2026-06-30
Architecture & engineering,541350,Building Inspection Services,Nurture And Nest Llc,Lithia,FL,2023-03-03,2023,256000,1,BayFirst National Bank,10.5,120.0,9.0,Active,False,False,2026-06-30
Advertising & marketing agencies,541810,Advertising Agencies,"Crossroads Mail Hold Co, Llc",Winter Park,FL,2023-03-06,2023,5000000,1,Byline Bank,10.5,120.0,70.0,Active,False,False,2026-06-30
Architecture & engineering,541310,Architectural Services,"Yates-Chreitzberg-Hughes Architects, P.A.",Concord,NC,2023-03-06,2023,3293000,2,Pinnacle Bank,9.75,120.0,11.0,Active,False,True,2026-06-30
Insurance agencies,524210,Insurance Agencies and Brokerages,"Roestenburg Insurance Agency, Inc.",Salt Lake City,UT,2023-03-07,2023,1635000,1,Live Oak Banking Company,8.78,160.0,2.0,Active,False,False,2026-06-30
Financial advisors,523940,Portfolio Management and Investment Advice,"Schreiner Financial, Llc",Troy,MI,2023-03-10,2023,2055000,1,Byline Bank,10.5,120.0,2.0,Active,False,False,2026-06-30
Advertising & marketing agencies,541860,Direct Mail Advertising,Tmr Direct,Colorado Springs,CO,2023-03-10,2023,527000,1,"22nd State Bank, A Division of 22nd State Banking Company",10.5,120.0,9.0,Active,False,False,2026-06-30
Advertising & marketing agencies,541810,Advertising Agencies,Motion Video Llc,Glen Allen,VA,2023-03-14,2023,967000,1,First Internet Bank of Indiana,10.5,120.0,1.0,Paid in full,False,False,2026-06-30
Advertising & marketing agencies,541810,Advertising Agencies,Revenuea1 Llc,Lakeville,MN,2023-03-14,2023,999800,2,Old National Bank,9.5,120.0,1.0,Charged off,False,True,2026-06-30
Management consulting,541618,Other Management Consulting Services,Elearning Uintah Inc.,Lindon,UT,2023-03-15,2023,1622000,1,American Momentum Bank,10.5,120.0,9.0,Active,False,False,2026-06-30
Management consulting,541618,Other Management Consulting Services,Skweston & Company Llc,Towson,MD,2023-03-15,2023,4000000,1,"Newtek Bank, National Association",10.75,120.0,50.0,Active,False,False,2026-06-30
Law firms,541199,All Other Legal Services,Rioserve Llc,Summerland Key,FL,2023-03-16,2023,253000,1,Grasshopper Bank National Association,10.75,120.0,2.0,Active,False,False,2026-06-30
Law firms,541110,Offices of Lawyers,The Brown Law Group Pllc,Tucson,AZ,2023-03-16,2023,2095000,1,American Momentum Bank,8.75,120.0,6.0,Active,False,False,2026-06-30
Architecture & engineering,541330,Engineering Services,"Sjb Group, Llc",Baton Rouge,LA,2023-03-17,2023,2738000,1,Bank of St. Francisville,8.75,145.0,37.0,Paid in full,False,False,2026-06-30
Insurance agencies,524210,Insurance Agencies and Brokerages,Agency Insurance & Financial Services,Portage,MI,2023-03-21,2023,3075000,1,Live Oak Banking Company,8.19,120.0,2.0,Active,False,False,2026-06-30
Architecture & engineering,541380,Testing Laboratories and Services,Lead Safe Technicians Usa Corporation,Philadelphia,PA,2023-03-22,2023,555100,1,Pinnacle Bank,10.5,120.0,4.0,Active,False,False,2026-06-30
Insurance agencies,524210,Insurance Agencies and Brokerages,Dabler Insurance Services Llc,Wausau,WI,2023-03-24,2023,815000,1,IncredibleBank,10.0,120.0,3.0,Active,False,False,2026-06-30
IT & software services,541519,Other Computer Related Services,"Sycon International, Llc",Lafayette,LA,2023-03-27,2023,1765900,1,Rayne State Bank & Trust Company,9.0,120.0,16.0,Active,False,False,2026-06-30
Architecture & engineering,541350,Building Inspection Services,"Best Inspector In Town, Llc",Aurora,IL,2023-03-28,2023,230000,1,Byline Bank,10.5,120.0,13.0,Active,False,False,2026-06-30
Insurance agencies,524210,Insurance Agencies and Brokerages,"Lawrence Simpson Agency, Inc.",Atlanta,GA,2023-03-28,2023,950000,1,Byline Bank,10.5,106.0,10.0,Active,False,False,2026-06-30
"Accounting, tax & bookkeeping",541211,Offices of Certified Public Accountants,Mta Consulting Llc,South Jordan,UT,2023-03-29,2023,500000,1,Capital Community Bank,10.25,120.0,13.0,Paid in full,False,False,2026-06-30
IT & software services,541519,Other Computer Related Services,"Lentech, Inc.",Albuquerque,NM,2023-03-30,2023,4400000,1,Live Oak Banking Company,9.75,84.0,31.0,Paid in full,False,False,2026-06-30
Architecture & engineering,541320,Landscape Architectural Services,Belmire Sprinkler And Landscaping,Loveland,CO,2023-03-31,2023,894000,1,Busey Bank,9.25,144.0,56.0,Active,False,False,2026-06-30
Insurance agencies,524210,Insurance Agencies and Brokerages,Calhoun B Enterprises Llc,Atlanta,GA,2023-03-31,2023,1415000,1,First Internet Bank of Indiana,10.5,119.0,4.0,Active,False,False,2026-06-30
Advertising & marketing agencies,541430,Graphic Design Services,Top Shelf Originals Llc,Duluth,MN,2023-04-03,2023,56700,1,Members Cooperative Credit Union,7.33,120.0,8.0,Active,True,False,2026-06-30
Insurance agencies,524210,Insurance Agencies and Brokerages,Trusted Advisor'S Insurance Agency Incorporated,Berryville,AR,2023-04-03,2023,75000,1,Equity Bank,10.5,120.0,4.0,Active,False,False,2026-06-30
Advertising & marketing agencies,541810,Advertising Agencies,"Tullock Marketing, Llc",Fayetteville,AR,2023-04-05,2023,529200,1,ACC Capital,10.5,120.0,9.0,Active,False,False,2026-06-30
"Accounting, tax & bookkeeping",541219,Other Accounting Services,Accounting Bookkeeping Consultant Llc,Fyffe,AL,2023-04-06,2023,59700,2,BankFirst Financial Services,10.0,120.0,1.0,Active,False,True,2026-06-30
"Accounting, tax & bookkeeping",541219,Other Accounting Services,"Mars & Hirsch, Llc",Sanford,FL,2023-04-07,2023,50000,1,Customers Bank,10.25,120.0,8.0,Not yet disbursed,True,False,2026-06-30
"Accounting, tax & bookkeeping",541219,Other Accounting Services,Sage Bookkeeping Solutions Llc,Santa Monica,CA,2023-04-07,2023,500000,1,Live Oak Banking Company,9.5,120.0,17.0,Paid in full,False,False,2026-06-30
Management consulting,541611,Administrative Management and General Management Consulting Services,"Teamworks International, Inc.",Hugo,MN,2023-04-10,2023,603800,1,First State Bank and Trust,7.0,120.0,15.0,Active,False,False,2026-06-30
Management consulting,541614,"Process, Physical Distribution, and Logistics Consulting Services","Cowtown Express Logistics, Llc",Fort Worth,TX,2023-04-12,2023,270000,1,Valliance Bank,8.5,84.0,19.0,Active,True,False,2026-06-30
Financial advisors,523940,Portfolio Management and Investment Advice,Noah James Mazur,Eau Claire,WI,2023-04-12,2023,4622000,1,CCFBank National Association,8.75,120.0,4.0,Active,False,False,2026-06-30
"Accounting, tax & bookkeeping",541211,Offices of Certified Public Accountants,"Seitz, Demarco & Mcgovern",Tomball,TX,2023-04-12,2023,4875000,1,First-Citizens Bank & Trust Company,7.5,162.0,33.0,Active,False,False,2026-06-30
IT & software services,541519,Other Computer Related Services,"Cunningham Technical Solutions, Llc",Colorado Springs,CO,2023-04-18,2023,627000,1,BMO Bank National Association,10.25,120.0,8.0,Active,False,False,2026-06-30
IT & software services,541511,Custom Computer Programming Services,Mason Associates Inc,Falmouth,ME,2023-04-18,2023,800000,2,Androscoggin Savings Bank,6.4,120.0,10.0,Active,False,True,2026-06-30
Insurance agencies,524210,Insurance Agencies and Brokerages,"Rullo Group, Llc",Latham,NY,2023-04-19,2023,5000000,1,Bankwell Bank,10.25,120.0,4.0,Paid in full,False,False,2026-06-30
IT & software services,541511,Custom Computer Programming Services,Gritco Llc,Hurricane,UT,2023-04-20,2023,2266000,1,Byline Bank,10.75,120.0,15.0,Active,False,False,2026-06-30
Architecture & engineering,541330,Engineering Services,R4Sfunit1 Llc,Santa Fe,NM,2023-04-20,2023,499000,1,The Bancorp Bank National Association,9.25,120.0,3.0,Paid in full,False,False,2026-06-30
Insurance agencies,524210,Insurance Agencies and Brokerages,"Fortitude Insurance Solutions, Llc",Davie,FL,2023-04-24,2023,840000,1,Live Oak Banking Company,9.47,120.0,6.0,Active,False,False,2026-06-30
"Accounting, tax & bookkeeping",541219,Other Accounting Services,"Hopping Good Business Services, Llc",Sewell,NJ,2023-04-25,2023,259000,1,United Midwest Savings Bank National Association,10.75,120.0,8.0,Active,False,False,2026-06-30
"Accounting, tax & bookkeeping",541213,Tax Preparation Services,Quest Group Operations Llc,Caldwell,OH,2023-04-25,2023,735000,1,Live Oak Banking Company,10.0,120.0,6.0,Active,False,False,2026-06-30
"Accounting, tax & bookkeeping",541213,Tax Preparation Services,"Sbs Tax, Llc",Pewaukee,WI,2023-04-26,2023,275000,1,"VelocitySBA, LLC",10.75,120.0,2.0,Active,False,False,2026-06-30
Insurance agencies,524210,Insurance Agencies and Brokerages,"The Torrence Agency, Llc",Clinton,MS,2023-04-27,2023,643000,1,Byline Bank,10.75,120.0,5.0,Paid in full,False,False,2026-06-30
Management consulting,541614,"Process, Physical Distribution, and Logistics Consulting Services",Racr Shipping One Inc.,Croton On Hudson,NY,2023-04-28,2023,700000,1,Webster Bank National Association,8.5,120.0,1.0,Active,False,False,2026-06-30
Financial advisors,523940,Portfolio Management and Investment Advice,"Fortitude Wealth Planners, Llc",Traverse City,MI,2023-05-01,2023,1000000,1,Byline Bank,10.75,120.0,5.0,Active,False,False,2026-06-30
Insurance agencies,524210,Insurance Agencies and Brokerages,Ncia Holdings Llc,Timnath,CO,2023-05-01,2023,450000,1,"PNC Bank, National Association",7.78,120.0,1.0,Paid in full,False,False,2026-06-30
Architecture & engineering,541330,Engineering Services,Pearl Engineering Corporation,Wisconsin Rapids,WI,2023-05-01,2023,474300,1,Paper City Savings Bank S A,7.875,120.0,19.0,Active,False,False,2026-06-30
Insurance agencies,524210,Insurance Agencies and Brokerages,Dan Hoffman Insurance Agency,Spokane,WA,2023-05-09,2023,801000,1,First Interstate Bank,7.5,120.0,3.0,Active,False,False,2026-06-30
Insurance agencies,524210,Insurance Agencies and Brokerages,"Kingman Insurance Services, Llc",Henderson,NV,2023-05-09,2023,999000,1,Oconee State Bank,10.25,120.0,12.0,Active,False,False,2026-06-30
Advertising & marketing agencies,541430,Graphic Design Services,"Midlands Signs & Graphics, Llc",Aiken,SC,2023-05-09,2023,350000,1,United Community Bank,9.25,120.0,10.0,Active,False,False,2026-06-30
Management consulting,541690,Other Scientific and Technical Consulting Services,"Southpoint Solutions, Llc",Indian Land,SC,2023-05-09,2023,4250000,1,Pinnacle Bank,9.75,180.0,9.0,Active,False,False,2026-06-30
Insurance agencies,524210,Insurance Agencies and Brokerages,"D. Brown Agencies, Inc.",Gresham,OR,2023-05-11,2023,1092000,1,Mountain Pacific Bank,9.5,120.0,3.0,Paid in full,False,False,2026-06-30
"Accounting, tax & bookkeeping",541211,Offices of Certified Public Accountants,Pinnacle Accounting & Financial Services,Sacramento,CA,2023-05-17,2023,400000,1,Plumas Bank,8.25,120.0,5.0,Active,False,False,2026-06-30
"Accounting, tax & bookkeeping",541219,Other Accounting Services,Smart Pmc Llc,Orem,UT,2023-05-17,2023,254400,1,Sunflower Bank National Association,10.0,120.0,2.0,Active,False,False,2026-06-30
"Accounting, tax & bookkeeping",541219,Other Accounting Services,Integrated Wealth Services Llc,Phoenix,AZ,2023-05-19,2023,1077600,1,The Bancorp Bank National Association,9.0,120.0,7.0,Active,False,False,2026-06-30
"Accounting, tax & bookkeeping",541219,Other Accounting Services,Njan Llc,Spring Mills,PA,2023-05-22,2023,995000,1,Live Oak Banking Company,10.0,120.0,19.0,Active,False,False,2026-06-30
"Accounting, tax & bookkeeping",541211,Offices of Certified Public Accountants,Red Bike Advisors Llc,Wilmington,NC,2023-05-22,2023,1883000,2,Live Oak Banking Company,9.57,120.0,1.0,Active,False,True,2026-06-30
"Accounting, tax & bookkeeping",541211,Offices of Certified Public Accountants,Quantum Advisors Choice Llc,Miami Lakes,FL,2023-05-23,2023,819300,1,The Bancorp Bank National Association,10.0,120.0,6.0,Active,False,False,2026-06-30
Insurance agencies,524210,Insurance Agencies and Brokerages,"Rdm Agency, Llc",Circle Pines,MN,2023-05-23,2023,1450000,1,Pathward National Association,10.75,120.0,4.0,Paid in full,False,False,2026-06-30
IT & software services,541519,Other Computer Related Services,Uptime Usa Llc,Lafayette,CA,2023-05-23,2023,3323000,1,Live Oak Banking Company,9.5,120.0,4.0,Paid in full,False,False,2026-06-30
Advertising & marketing agencies,541613,Marketing Consulting Services,Peggy Lauritsen Design Group Inc.,Minneapolis,MN,2023-05-24,2023,2328500,2,CIBC Bank USA,10.0,120.0,18.0,Active,False,True,2026-06-30
Advertising & marketing agencies,541890,Other Services Related to Advertising,"Affiliate Partners, Llc",Saint George,UT,2023-05-25,2023,3150000,1,Live Oak Banking Company,9.75,120.0,4.0,Active,False,False,2026-06-30
Management consulting,541618,Other Management Consulting Services,"Taxvantage Consulting, Llc",Myakka City,FL,2023-05-25,2023,1560000,1,GBank,10.0,120.0,5.0,Active,False,False,2026-06-30
"Accounting, tax & bookkeeping",541211,Offices of Certified Public Accountants,Hw Real Estate Llc,Dublin,OH,2023-05-26,2023,3839300,1,"PNC Bank, National Association",6.67,119.0,31.0,Paid in full,False,False,2026-06-30
Insurance agencies,524210,Insurance Agencies and Brokerages,Zzams Llc,Espanola,NM,2023-05-31,2023,967500,1,Mechanics and Farmers Bank,10.25,120.0,5.0,Active,False,False,2026-06-30
"Accounting, tax & bookkeeping",541219,Other Accounting Services,Match Medical Practice Solutions Llc,Needham,MA,2023-06-01,2023,282500,1,First National Bank of Pennsylvania,10.25,120.0,8.0,Active,False,False,2026-06-30
Management consulting,541611,Administrative Management and General Management Consulting Services,"Percipio Consulting Group, Inc.",Portland,OR,2023-06-01,2023,5000000,1,Summit Bank,9.75,120.0,40.0,Active,False,False,2026-06-30
Advertising & marketing agencies,541613,Marketing Consulting Services,Conveyor Partners Llc,West Chester,PA,2023-06-06,2023,2314000,1,"PNC Bank, National Association",7.02,120.0,11.0,Active,False,False,2026-06-30
Architecture & engineering,541330,Engineering Services,Concept Solutions Corp,Sylvania,OH,2023-06-09,2023,1325000,1,Live Oak Banking Company,10.25,120.0,1.0,Active,False,False,2026-06-30
IT & software services,541512,Computer Systems Design Services,"Flowolf, Llc",Mason,OH,2023-06-09,2023,1124300,1,Republic Bank & Trust Company,6.6,120.0,3.0,Active,False,False,2026-06-30
Law firms,541110,Offices of Lawyers,"Steven H. Snyder, Attorney At Law, Llc",Maple Grove,MN,2023-06-09,2023,475000,1,Byline Bank,10.75,120.0,8.0,Active,False,False,2026-06-30
"Accounting, tax & bookkeeping",541219,Other Accounting Services,The Accounting Lab Group Llc,Lake Mary,FL,2023-06-12,2023,3745000,1,"Newtek Bank, National Association",11.25,95.0,266.0,Active,False,False,2026-06-30
IT & software services,541519,Other Computer Related Services,Deep Tech Inc.,New York,NY,2023-06-13,2023,800000,1,"OceanFirst Bank, National Association",9.75,120.0,2.0,Paid in full,False,False,2026-06-30
Insurance agencies,524210,Insurance Agencies and Brokerages,"Maher Insurance Services, Inc.",Troy,MI,2023-06-13,2023,1605000,1,Mechanics and Farmers Bank,10.25,120.0,6.0,Active,False,False,2026-06-30
IT & software services,541511,Custom Computer Programming Services,"Control Engineering, Inc.",Corona,CA,2023-06-15,2023,1604000,2,First Bank of the Lake,10.75,120.0,11.0,Active,False,True,2026-06-30
IT & software services,541519,Other Computer Related Services,Land Supply & Computer Service,Danvers,MA,2023-06-16,2023,432000,1,Eastern Bank,7.8,84.0,8.0,Active,True,False,2026-06-30
Architecture & engineering,541380,Testing Laboratories and Services,"Central Florida Water Testing, Llc",Leesburg,FL,2023-06-20,2023,387000,1,BayFirst National Bank,11.0,120.0,16.0,Active,False,False,2026-06-30
"Accounting, tax & bookkeeping",541211,Offices of Certified Public Accountants,"Chd, P.S.",Seattle,WA,2023-06-20,2023,300000,1,Harborstone CU,10.75,120.0,3.0,Active,False,False,2026-06-30
Insurance agencies,524210,Insurance Agencies and Brokerages,S. E. Sanford Corp.,San Jose,CA,2023-06-20,2023,2145000,1,Byline Bank,10.75,120.0,6.0,Active,False,False,2026-06-30
IT & software services,541519,Other Computer Related Services,"Mission Critical Systems, Inc.",Westminster,CO,2023-06-21,2023,1350000,1,EntreBank,9.25,120.0,10.0,Active,False,False,2026-06-30
Law firms,541199,All Other Legal Services,"United Corporate Services, Inc.",Sacramento,CA,2023-06-21,2023,5000000,1,Peapack Private Bank and Trust,10.25,120.0,108.0,Active,False,False,2026-06-30
Insurance agencies,524210,Insurance Agencies and Brokerages,"Cwc Of Grand Ledge, Inc.",Grand Ledge,MI,2023-06-22,2023,2115000,1,Live Oak Banking Company,9.65,144.0,6.0,Paid in full,False,False,2026-06-30
"Accounting, tax & bookkeeping",541219,Other Accounting Services,Bfg Accounting And Bookkeeping Llc,Gilbert,AZ,2023-06-23,2023,402000,1,Banc of California,10.5,120.0,7.0,Active,False,False,2026-06-30
Insurance agencies,524210,Insurance Agencies and Brokerages,"M/A Plan Services, Llc",Palm Harbor,FL,2023-06-23,2023,5000000,1,Live Oak Banking Company,9.29,120.0,7.0,Active,False,False,2026-06-30
"Accounting, tax & bookkeeping",541213,Tax Preparation Services,"R.L. Fortin, L.L.C.",Huntsville,AL,2023-06-23,2023,996000,2,Pinnacle Bank,8.25,120.0,4.0,Active,False,True,2026-06-30
Insurance agencies,524210,Insurance Agencies and Brokerages,The Pearl Agency Llc,Decatur,AL,2023-06-23,2023,1065400,1,Oconee State Bank,10.5,120.0,6.0,Active,False,False,2026-06-30
Architecture & engineering,541330,Engineering Services,"Wakelight Technologies, Inc.",Honolulu,HI,2023-06-23,2023,1350000,2,Live Oak Banking Company,10.25,84.0,19.0,Paid in full,False,True,2026-06-30
Architecture & engineering,541320,Landscape Architectural Services,Davis 7684 Llc,Springfield,MO,2023-06-28,2023,1433000,1,OakStar Bank,11.0,168.0,18.0,Active,False,False,2026-06-30
"Accounting, tax & bookkeeping",541211,Offices of Certified Public Accountants,Heroic Florida Llc,Williston,FL,2023-06-28,2023,519800,1,Citizens Bank,10.25,120.0,9.0,Active,False,False,2026-06-30
Architecture & engineering,541330,Engineering Services,"Phoenix Group Of Virginia, Inc.",Chesapeake,VA,2023-06-28,2023,3605000,1,Byline Bank,10.5,120.0,60.0,Paid in full,False,False,2026-06-30
"Accounting, tax & bookkeeping",541211,Offices of Certified Public Accountants,Brannan & Hessel Cpa Llc,Williston,FL,2023-06-29,2023,303000,1,Citizens Bank,9.5,300.0,1.0,Active,False,False,2026-06-30
Insurance agencies,524210,Insurance Agencies and Brokerages,Best Insurance Group Inc.,Trussville,AL,2023-06-30,2023,870000,1,Live Oak Banking Company,9.78,120.0,11.0,Active,False,False,2026-06-30
IT & software services,541512,Computer Systems Design Services,"Alecto, Llc",Chesterfield,MO,2023-07-05,2023,500000,1,Enterprise Bank & Trust,8.5,120.0,60.0,Active,False,False,2026-06-30
Management consulting,541614,"Process, Physical Distribution, and Logistics Consulting Services","Kleinhenz Holdings, Inc",Statesville,NC,2023-07-05,2023,3070000,1,The Bancorp Bank National Association,9.5,120.0,102.0,Active,False,False,2026-06-30
Insurance agencies,524210,Insurance Agencies and Brokerages,Legacy Insurance Enterprises Llc,Palos Heights,IL,2023-07-06,2023,545000,1,Live Oak Banking Company,10.04,120.0,9.0,Active,False,False,2026-06-30
Insurance agencies,524210,Insurance Agencies and Brokerages,Aav Consulting Llc,Columbia,SC,2023-07-07,2023,260000,1,"Capital Bank, National Association",11.0,120.0,1.0,Active,False,False,2026-06-30
Advertising & marketing agencies,541613,Marketing Consulting Services,Ingrid Design Llc,Louisville,KY,2023-07-07,2023,1087400,1,Republic Bank & Trust Company,7.85,108.0,2.0,Active,False,False,2026-06-30
Insurance agencies,524210,Insurance Agencies and Brokerages,"Lefferts Albany Holdings, Llc",New York,NY,2023-07-07,2023,2550000,1,Live Oak Banking Company,9.74,120.0,2.0,Active,False,False,2026-06-30
IT & software services,541512,Computer Systems Design Services,"Standish Technologies International, Inc.",New Brighton,PA,2023-07-11,2023,329300,1,First Commonwealth Bank,11.0,120.0,3.0,Active,False,False,2026-06-30
IT & software services,541519,Other Computer Related Services,"Empire It Solutions, Inc.",Sarasota,FL,2023-07-13,2023,1185000,1,Live Oak Banking Company,9.75,156.0,6.0,Active,False,False,2026-06-30
Architecture & engineering,541380,Testing Laboratories and Services,The Compatibility Center Llc,Louisburg,KS,2023-07-17,2023,925000,1,Kendall Bank,9.5,120.0,6.0,Active,False,False,2026-06-30
Insurance agencies,524210,Insurance Agencies and Brokerages,Trmg 2 Corp,Deerfield Beach,FL,2023-07-17,2023,1585000,1,"SouthState Bank, National Association",10.25,120.0,1.0,Paid in full,False,False,2026-06-30
Insurance agencies,524210,Insurance Agencies and Brokerages,Tovmasyan Insurance Agency Inc.,Granada Hills,CA,2023-07-18,2023,2268900,1,Customers Bank,8.5,120.0,5.0,Active,False,False,2026-06-30
Insurance agencies,524210,Insurance Agencies and Brokerages,"Pares Agency, Llc",Bethlehem,PA,2023-07-19,2023,962000,1,United Midwest Savings Bank National Association,10.75,120.0,4.0,Active,False,False,2026-06-30
Insurance agencies,524210,Insurance Agencies and Brokerages,N. T. Insurance Agency,North Tonawanda,NY,2023-07-20,2023,499000,1,Northwest Bank,11.25,120.0,1.0,Active,False,False,2026-06-30
"Accounting, tax & bookkeeping",541211,Offices of Certified Public Accountants,"Premier Accounting Services, Llc",Jeffersonville,IN,2023-07-20,2023,170600,1,First Harrison Bank,7.99,120.0,6.0,Active,False,False,2026-06-30
Advertising & marketing agencies,541613,Marketing Consulting Services,"Amplyfi Digital, Llc",The Colony,TX,2023-07-21,2023,786000,1,American Momentum Bank,11.0,120.0,8.0,Active,False,False,2026-06-30
Architecture & engineering,541330,Engineering Services,The Fibersmith Company,Bay Springs,MS,2023-07-21,2023,2000000,1,United Prairie Bank,9.99,60.0,40.0,Active,False,False,2026-06-30
"Accounting, tax & bookkeeping",541219,Other Accounting Services,Usa Dvn Tax N Tech Llc,Austin,TX,2023-07-21,2023,1146200,1,Fifth Third Bank,7.75,120.0,2.0,Active,False,False,2026-06-30
"Accounting, tax & bookkeeping",541211,Offices of Certified Public Accountants,Lynn Cpas Llc,Thornton,CO,2023-07-24,2023,450000,1,Live Oak Banking Company,10.23,120.0,1.0,Active,False,False,2026-06-30
Insurance agencies,524210,Insurance Agencies and Brokerages,Insurance Inc,Shawnee,KS,2023-07-25,2023,635000,1,Live Oak Banking Company,11.0,120.0,5.0,Paid in full,False,False,2026-06-30
Insurance agencies,524210,Insurance Agencies and Brokerages,Smartway Insurance Services Inc.,Santa Maria,CA,2023-07-26,2023,310500,1,United Midwest Savings Bank National Association,11.0,120.0,2.0,Active,False,False,2026-06-30
"Accounting, tax & bookkeeping",541211,Offices of Certified Public Accountants,Wealth Compass Tax & Accounting Inc.,Carlsbad,CA,2023-07-26,2023,715000,1,Live Oak Banking Company,10.22,120.0,10.0,Active,False,False,2026-06-30
"Accounting, tax & bookkeeping",541219,Other Accounting Services,Lang Custom Bookkeeping Pllc,Gig Harbor,WA,2023-07-27,2023,325000,1,Live Oak Banking Company,10.72,179.0,3.0,Active,False,False,2026-06-30
Insurance agencies,524210,Insurance Agencies and Brokerages,"The Gladden Agency, Llc",Lexington,SC,2023-07-27,2023,415000,1,Mechanics and Farmers Bank,10.25,120.0,5.0,Active,False,False,2026-06-30
"Accounting, tax & bookkeeping",541219,Other Accounting Services,Bay Business Group Llc,Falls Church,VA,2023-07-28,2023,3825000,1,Live Oak Banking Company,8.9,120.0,28.0,Active,False,False,2026-06-30
Insurance agencies,524210,Insurance Agencies and Brokerages,"Chargoy Agency, Llc",Irving,TX,2023-07-28,2023,566500,1,"Patriot Bank, National Association",10.25,121.0,13.0,Active,False,False,2026-06-30
Advertising & marketing agencies,541810,Advertising Agencies,"Dotta, Llc",Eau Claire,WI,2023-07-28,2023,793300,1,Prevail Bank,10.25,120.0,5.0,Paid in full,False,False,2026-06-30
Architecture & engineering,541320,Landscape Architectural Services,Ppe Ventures Llc,Louisville,KY,2023-07-28,2023,625000,1,Byline Bank,10.75,120.0,13.0,Active,False,False,2026-06-30
Insurance agencies,524210,Insurance Agencies and Brokerages,"Samuel Bond, Llc",Henderson,NV,2023-07-28,2023,735800,1,Oconee State Bank,10.25,120.0,6.0,Paid in full,False,False,2026-06-30
Advertising & marketing agencies,541430,Graphic Design Services,J&M Graphics Group Llc,Tampa,FL,2023-07-31,2023,552600,1,American Momentum Bank,10.75,120.0,6.0,Active,False,False,2026-06-30
"Accounting, tax & bookkeeping",541211,Offices of Certified Public Accountants,P&L Accountants Inc,Naples,FL,2023-07-31,2023,919000,1,First Internet Bank of Indiana,11.0,120.0,3.0,Active,False,False,2026-06-30
"Accounting, tax & bookkeeping",541211,Offices of Certified Public Accountants,"Vs Cooper & Company, Llc",Atlanta,GA,2023-07-31,2023,825000,1,Live Oak Banking Company,9.49,120.0,4.0,Active,False,False,2026-06-30
Architecture & engineering,541380,Testing Laboratories and Services,"Grey Reef, Llc",Louisville,CO,2023-08-03,2023,898000,1,"BOKF, National Association",8.0,120.0,9.0,Active,False,False,2026-06-30
Management consulting,541618,Other Management Consulting Services,"Omnitek Consulting, Inc.",Mc Lean,VA,2023-08-08,2023,3847000,1,Evolve Bank and Trust,11.0,120.0,18.0,Active,False,False,2026-06-30
"Accounting, tax & bookkeeping",541211,Offices of Certified Public Accountants,"Young Accounting And Tax, Llc",Charlotte,NC,2023-08-08,2023,600000,2,Live Oak Banking Company,11.25,120.0,1.0,Active,False,True,2026-06-30
Advertising & marketing agencies,541810,Advertising Agencies,"Aams, Llc",Argyle,TX,2023-08-09,2023,3059500,1,Security National Bank of Omaha,9.5,120.0,13.0,Active,False,False,2026-06-30
Architecture & engineering,541380,Testing Laboratories and Services,"Grey Reef, Llc",Louisville,CO,2023-08-09,2023,75000,1,"BOKF, National Association",9.5,120.0,9.0,Not yet disbursed,True,True,2026-06-30
"Accounting, tax & bookkeeping",541219,Other Accounting Services,Beyond Accounting Llc,Indianapolis,IN,2023-08-10,2023,1575000,2,Live Oak Banking Company,10.53,120.0,24.0,Paid in full,False,True,2026-06-30
Management consulting,541618,Other Management Consulting Services,"Lc Custer Enterprises, Llc",Oak Grove,MN,2023-08-10,2023,274000,1,BankVista,10.25,120.0,2.0,Active,False,False,2026-06-30
Financial advisors,523940,Portfolio Management and Investment Advice,"Financial Management Associates, Llc",North Andover,MA,2023-08-11,2023,2000000,1,Pentucket Bank,7.25,120.0,4.0,Active,False,False,2026-06-30
IT & software services,541519,Other Computer Related Services,Cochise Internet Services Inc,Sierra Vista,AZ,2023-08-15,2023,1214000,1,Celtic Bank Corporation,11.5,120.0,5.0,Active,False,False,2026-06-30
"Accounting, tax & bookkeeping",541219,Other Accounting Services,Jacobs Tax Services Llc,Minneapolis,MN,2023-08-15,2023,410500,1,"Alerus Financial, National Association",7.5,120.0,3.0,Paid in full,False,False,2026-06-30
Advertising & marketing agencies,541430,Graphic Design Services,T A Hoffman Enterprises Llc,Arma,KS,2023-08-15,2023,136300,1,Equity Bank,9.513,180.0,4.0,Active,False,False,2026-06-30
Insurance agencies,524210,Insurance Agencies and Brokerages,"Adriana Baskins Insurance Agency, Llc",Jacksonville,FL,2023-08-16,2023,1300000,1,Byline Bank,11.25,120.0,1.0,Active,False,False,2026-06-30
Advertising & marketing agencies,541613,Marketing Consulting Services,"Built-Right Digital, Llc",Casper,WY,2023-08-16,2023,2030600,1,Columbia Bank,11.25,120.0,10.0,Active,False,False,2026-06-30
IT & software services,541519,Other Computer Related Services,"New Horizon Technology, Inc",Little Elm,TX,2023-08-16,2023,538000,1,First Internet Bank of Indiana,11.25,120.0,16.0,Active,False,False,2026-06-30
Advertising & marketing agencies,541613,Marketing Consulting Services,Three Pillars Media Inc.,Lincoln,NE,2023-08-16,2023,288000,1,Union Bank and Trust Company,8.25,120.0,5.0,Active,False,False,2026-06-30
Insurance agencies,524210,Insurance Agencies and Brokerages,First Choice Insurance Partners,Katy,TX,2023-08-17,2023,3555000,1,Live Oak Banking Company,9.71,120.0,10.0,Paid in full,False,False,2026-06-30
Architecture & engineering,541330,Engineering Services,Advanced Engineering & Design,Pinellas Park,FL,2023-08-18,2023,515000,1,Hancock Whitney Bank,11.0,120.0,10.0,Active,False,False,2026-06-30
"Accounting, tax & bookkeeping",541219,Other Accounting Services,"828 Asheville Accounting, Llc",Asheville,NC,2023-08-21,2023,1700000,1,Live Oak Banking Company,10.21,120.0,2.0,Paid in full,False,False,2026-06-30
Architecture & engineering,541320,Landscape Architectural Services,Ema Premier Landscaping Llc,Mundelein,IL,2023-08-21,2023,438000,1,The Huntington National Bank,10.5,120.0,5.0,Active,False,False,2026-06-30
Insurance agencies,524210,Insurance Agencies and Brokerages,Marsh & Associates Llc,Westminster,MD,2023-08-21,2023,720000,1,United Midwest Savings Bank National Association,11.25,120.0,4.0,Paid in full,False,False,2026-06-30
Insurance agencies,524210,Insurance Agencies and Brokerages,Wyatt Bowers Agency Llc,Ellisville,MS,2023-08-21,2023,561000,1,United Midwest Savings Bank National Association,11.25,120.0,8.0,Active,False,False,2026-06-30
"Accounting, tax & bookkeeping",541211,Offices of Certified Public Accountants,"Yatooma Cpas & Advisors, P.C.",Bloomfield Hills,MI,2023-08-21,2023,480000,1,Live Oak Banking Company,10.23,120.0,3.0,Active,False,False,2026-06-30
"Accounting, tax & bookkeeping",541211,Offices of Certified Public Accountants,"Accounting Zen, Llc",Temple Terrace,FL,2023-08-23,2023,165000,1,"Capital Bank, National Association",11.25,120.0,1.0,Active,False,False,2026-06-30
Insurance agencies,524210,Insurance Agencies and Brokerages,Manzur Insurance Agency,Scottsdale,AZ,2023-08-23,2023,980000,1,Live Oak Banking Company,9.99,120.0,4.0,Active,False,False,2026-06-30
IT & software services,541512,Computer Systems Design Services,Nv Jfg Systems Llc,Carson City,NV,2023-08-23,2023,890000,2,First Merchants Bank,11.25,120.0,6.0,Active,False,True,2026-06-30
Law firms,541199,All Other Legal Services,"Bluebear Solutions, Incorporated",Peachtree Corners,GA,2023-08-24,2023,1350000,1,"SouthState Bank, National Association",10.5,120.0,8.0,Paid in full,False,False,2026-06-30
Insurance agencies,524210,Insurance Agencies and Brokerages,Ejw Insurance Inc,Evansville,IN,2023-08-24,2023,998000,1,United Midwest Savings Bank National Association,11.25,120.0,4.0,Active,False,False,2026-06-30
Insurance agencies,524210,Insurance Agencies and Brokerages,4Lj Insurance Services Inc.,Countryside,IL,2023-08-25,2023,570000,1,Byline Bank,11.25,120.0,8.0,Active,False,False,2026-06-30
Insurance agencies,524210,Insurance Agencies and Brokerages,Ali Insurance Agency Llc,Las Vegas,NV,2023-08-26,2023,783000,1,Oconee State Bank,10.75,120.0,10.0,Active,False,False,2026-06-30
"Accounting, tax & bookkeeping",541219,Other Accounting Services,Valley Cfo Inc,Beaverton,OR,2023-08-26,2023,685100,1,Columbia Bank,11.25,120.0,2.0,Active,False,False,2026-06-30
Advertising & marketing agencies,541613,Marketing Consulting Services,The Affiliate Pros Llc,Plymouth,MN,2023-08-30,2023,250000,1,"CRF Small Business Loan Company, LLC",11.25,120.0,3.0,Active,False,False,2026-06-30
"Accounting, tax & bookkeeping",541219,Other Accounting Services,Common Cents Business Llc,Georgetown,TX,2023-09-03,2023,1565000,2,"INB, National Association",9.0,240.0,9.0,Active,False,False,2026-06-30
Financial advisors,523940,Portfolio Management and Investment Advice,"Paul Dellamonica, Jr.",Glenside,PA,2023-09-08,2023,320000,1,Byline Bank,11.25,120.0,1.0,Active,False,False,2026-06-30
Advertising & marketing agencies,541613,Marketing Consulting Services,Ajax Acquistion Company Llc,Roswell,GA,2023-09-10,2023,4561000,1,First Internet Bank of Indiana,11.25,120.0,10.0,Active,False,False,2026-06-30
Insurance agencies,524210,Insurance Agencies and Brokerages,"Protection Benefit Solutions, Llc",Longmont,CO,2023-09-13,2023,645000,1,United Midwest Savings Bank National Association,11.0,120.0,2.0,Paid in full,False,False,2026-06-30
"Accounting, tax & bookkeeping",541219,Other Accounting Services,Upcfo,Oakland,CA,2023-09-13,2023,170000,1,TowneBank,11.5,120.0,2.0,Active,False,False,2026-06-30
IT & software services,541511,Custom Computer Programming Services,Knowledge Accelerators Llc,Saint Petersburg,FL,2023-09-14,2023,3290000,2,First National Bank of Pennsylvania,10.37,120.0,18.0,Active,False,True,2026-06-30
Advertising & marketing agencies,541860,Direct Mail Advertising,"Peak Postal Services, Llc",Missoula,MT,2023-09-14,2023,350000,2,Clearwater FCU,8.5,60.0,10.0,Active,True,True,2026-06-30
"Accounting, tax & bookkeeping",541211,Offices of Certified Public Accountants,"Amit Gulecha, Cpa, Pc",Portland,OR,2023-09-15,2023,500000,1,Plumas Bank,8.25,120.0,3.0,Active,False,False,2026-06-30
IT & software services,541519,Other Computer Related Services,Ctss It Llc,Jacksonville,FL,2023-09-15,2023,1840000,1,First Internet Bank of Indiana,11.25,120.0,17.0,Active,False,False,2026-06-30
IT & software services,541519,Other Computer Related Services,Superior It Solutions Llc,Jacksonville,FL,2023-09-15,2023,1188000,1,First Internet Bank of Indiana,11.25,180.0,3.0,Active,False,False,2026-06-30
Insurance agencies,524210,Insurance Agencies and Brokerages,The Sterling Insurance Group,Plano,TX,2023-09-15,2023,260000,1,Live Oak Banking Company,10.02,120.0,11.0,Active,False,False,2026-06-30
Architecture & engineering,541380,Testing Laboratories and Services,Cms Testing Llc,San Antonio,TX,2023-09-16,2023,180000,1,Frost Bank,10.5,120.0,3.0,Active,False,False,2026-06-30
Insurance agencies,524210,Insurance Agencies and Brokerages,"Matthew Smith Agency, Llc",Columbia,MO,2023-09-16,2023,63000,1,Commerce Bank,8.5,84.0,1.0,Active,False,False,2026-06-30
IT & software services,541512,Computer Systems Design Services,"Prodigy Voice And Data, Llc",Hickory,NC,2023-09-16,2023,822000,1,"PNC Bank, National Association",8.25,120.0,2.0,Active,False,False,2026-06-30
IT & software services,541512,Computer Systems Design Services,Canwill Athenaworks Holdings Llc,Furlong,PA,2023-09-19,2023,2800000,1,Live Oak Banking Company,10.5,120.0,6.0,Active,False,False,2026-06-30
IT & software services,541512,Computer Systems Design Services,"Tomo Technologies, Llc",Lewisburg,PA,2023-09-19,2023,875000,1,Burke & Herbert Bank & Trust Company,10.5,120.0,13.0,Active,False,False,2026-06-30
"Accounting, tax & bookkeeping",541213,Tax Preparation Services,Dmp Management Etbf Llc,Seattle,WA,2023-09-20,2023,3500000,1,United Midwest Savings Bank National Association,11.0,120.0,33.0,Active,False,False,2026-06-30
Architecture & engineering,541330,Engineering Services,Justice Systems Corporation,Auburn,WA,2023-09-20,2023,1212600,1,First Interstate Bank,9.5,120.0,5.0,Paid in full,False,False,2026-06-30
Insurance agencies,524210,Insurance Agencies and Brokerages,"First Community Financial, Inc.",Pembroke Pines,FL,2023-09-21,2023,500000,1,Gulf Coast Bank and Trust Company,11.0,120.0,5.0,Active,False,False,2026-06-30
IT & software services,541512,Computer Systems Design Services,"Hx3 Solutions, Inc.",Westford,MA,2023-09-21,2023,1623800,1,American Momentum Bank,11.25,120.0,3.0,Active,False,False,2026-06-30
Insurance agencies,524210,Insurance Agencies and Brokerages,Wiregrass Insurance Llc,Dothan,AL,2023-09-21,2023,1325000,1,Live Oak Banking Company,9.93,120.0,1.0,Paid in full,False,False,2026-06-30
Architecture & engineering,541380,Testing Laboratories and Services,Aqua Treat Llc,New Hyde Park,NY,2023-09-22,2023,2314000,1,First Internet Bank of Indiana,11.0,120.0,4.0,Active,False,False,2026-06-30
"Accounting, tax & bookkeeping",541211,Offices of Certified Public Accountants,"Hillhouse Merit, Llc",Westport,CT,2023-09-22,2023,2000000,1,Live Oak Banking Company,10.22,120.0,7.0,Active,False,False,2026-06-30
Management consulting,541690,Other Scientific and Technical Consulting Services,Parel Bio Llc,Wayne,PA,2023-09-22,2023,800000,1,Beacon Bank and Trust,11.0,120.0,2.0,Active,False,False,2026-06-30
Advertising & marketing agencies,541810,Advertising Agencies,Paradigm Digital,Indianapolis,IN,2023-09-24,2023,2775000,2,Live Oak Banking Company,11.0,120.0,10.0,Active,False,True,2026-06-30
Insurance agencies,524210,Insurance Agencies and Brokerages,Briana Nicholson Llc,Austin,TX,2023-09-27,2023,1085000,1,Live Oak Banking Company,10.94,120.0,2.0,Active,False,False,2026-06-30
Management consulting,541690,Other Scientific and Technical Consulting Services,Ebner Enterprises Llc,Cameron,WI,2023-09-27,2023,351000,1,Community Bank of Cameron,8.5,120.0,2.0,Active,False,False,2026-06-30
Architecture & engineering,541350,Building Inspection Services,"Endeavor Home Performance, Llc",Overland Park,KS,2023-09-27,2023,150000,1,Capitol Federal Savings Bank,8.5,84.0,6.0,Paid in full,False,False,2026-06-30
"Accounting, tax & bookkeeping",541211,Offices of Certified Public Accountants,Pace Consulting Services Llc,Campbell,CA,2023-09-27,2023,403500,1,"U.S. Bank, National Association",9.62,120.0,3.0,Active,False,False,2026-06-30
"Accounting, tax & bookkeeping",541211,Offices of Certified Public Accountants,Ssw Accountants Llc,Calabash,NC,2023-09-27,2023,569200,1,Old National Bank,11.5,119.0,6.0,Active,False,False,2026-06-30
"Accounting, tax & bookkeeping",541211,Offices of Certified Public Accountants,"The Accounting Nook, Pllc",Tulsa,OK,2023-09-27,2023,775000,2,Customers Bank,9.5,120.0,10.0,Active,False,True,2026-06-30
"Accounting, tax & bookkeeping",541213,Tax Preparation Services,Zito & Associates Llc,Coupeville,WA,2023-09-27,2023,297000,1,Peoples Bank,7.51,120.0,6.0,Active,False,False,2026-06-30
Advertising & marketing agencies,541820,Public Relations Agencies,"A H & M, Inc.",Pittsfield,MA,2023-09-28,2023,715000,1,Beacon Bank and Trust,11.0,120.0,6.0,Active,False,False,2026-06-30
"Accounting, tax & bookkeeping",541219,Other Accounting Services,Blackwell Cpa Services Llc,Crystal Lake,IL,2023-09-28,2023,560000,1,United Midwest Savings Bank National Association,11.25,120.0,3.0,Active,False,False,2026-06-30
"Accounting, tax & bookkeeping",541219,Other Accounting Services,No Worries L.L.C.,Mount Pleasant,WI,2023-09-28,2023,207000,1,Waukesha State Bank,11.25,120.0,4.0,Active,False,False,2026-06-30
Insurance agencies,524210,Insurance Agencies and Brokerages,Bowman Capital Solutions Llc,Mcdonough,GA,2023-09-29,2023,405000,1,United Midwest Savings Bank National Association,11.25,120.0,6.0,Active,False,False,2026-06-30
Management consulting,541611,Administrative Management and General Management Consulting Services,Half Full Llc,Providence,RI,2023-09-29,2023,450000,1,Beacon Bank and Trust,7.79,84.0,16.0,Active,False,False,2026-06-30
Insurance agencies,524210,Insurance Agencies and Brokerages,Matterhorn Reach Llc,Folsom,PA,2023-09-29,2023,1896000,1,Oconee State Bank,10.5,120.0,3.0,Paid in full,False,False,2026-06-30
"Accounting, tax & bookkeeping",541219,Other Accounting Services,Better Accounting Advisors Llc,North Chesterfield,VA,2023-10-04,2024,663500,1,Citizens Bank,10.75,99.0,5.0,Active,False,False,2026-06-30
Insurance agencies,524210,Insurance Agencies and Brokerages,The Gerstman Agency Llc,Lutherville Timonium,MD,2023-10-05,2024,650000,1,United Midwest Savings Bank National Association,11.25,120.0,15.0,Active,False,False,2026-06-30
IT & software services,541519,Other Computer Related Services,"Cirrus Partners, Inc.",Madison,WI,2023-10-06,2024,280000,1,Wisconsin Women's Business Initiative Corporation,9.25,120.0,8.0,Active,False,False,2026-06-30
Insurance agencies,524210,Insurance Agencies and Brokerages,"Leigh Agency, Llc",Freehold,NJ,2023-10-10,2024,1135000,1,Bankwell Bank,11.0,120.0,3.0,Paid in full,False,False,2026-06-30
IT & software services,541511,Custom Computer Programming Services,Keysearch Llc,Saint Paul,MN,2023-10-12,2024,1702000,1,Associated Bank National Association,8.75,120.0,4.0,Active,False,False,2026-06-30
IT & software services,541519,Other Computer Related Services,Global Ultimate Management,Alhambra,CA,2023-10-14,2024,3383000,1,First Internet Bank of Indiana,11.25,103.0,1.0,Active,False,False,2026-06-30
"Accounting, tax & bookkeeping",541213,Tax Preparation Services,Biltmore Tax & Accounting Llc,Phoenix,AZ,2023-10-18,2024,367500,1,United Midwest Savings Bank National Association,10.75,120.0,4.0,Active,False,False,2026-06-30
IT & software services,541519,Other Computer Related Services,"Martin-Williams, Llc",Irvine,CA,2023-10-18,2024,1150000,2,Live Oak Banking Company,10.0,120.0,8.0,Paid in full,False,True,2026-06-30
Financial advisors,523940,Portfolio Management and Investment Advice,Appaloosa Capital Management Inc.,Sacramento,CA,2023-10-19,2024,1395000,1,Live Oak Banking Company,9.3,120.0,2.0,Active,False,False,2026-06-30
"Accounting, tax & bookkeeping",541213,Tax Preparation Services,Nessa Tax & Accounting Inc,Falls Church,VA,2023-10-19,2024,210000,1,United Midwest Savings Bank National Association,11.5,120.0,6.0,Active,False,False,2026-06-30
Financial advisors,523940,Portfolio Management and Investment Advice,Transformational Advisory Group Llc,Seattle,WA,2023-10-19,2024,2885000,1,Live Oak Banking Company,9.21,120.0,5.0,Paid in full,False,False,2026-06-30
Advertising & marketing agencies,541810,Advertising Agencies,Outside Roi Llc,Hillsborough,NJ,2023-10-20,2024,516500,1,Celtic Bank Corporation,11.5,120.0,6.0,Active,False,False,2026-06-30
"Accounting, tax & bookkeeping",541211,Offices of Certified Public Accountants,"Bkhm, P.A.",Orlando,FL,2023-10-24,2024,2608000,1,Beacon Bank and Trust,10.5,120.0,26.0,Paid in full,False,False,2026-06-30
Advertising & marketing agencies,541613,Marketing Consulting Services,Cliffside Marketing Inc.,Grand Rapids,MI,2023-10-25,2024,800000,1,Horizon Bank,9.5,120.0,13.0,Active,False,False,2026-06-30
Insurance agencies,524210,Insurance Agencies and Brokerages,Aaspire Agency Inc.,Fort Myers,FL,2023-10-26,2024,5000000,1,Pathward National Association,10.25,120.0,30.0,Active,False,False,2026-06-30
"Accounting, tax & bookkeeping",541219,Other Accounting Services,Jlcp Holdings Inc,Clarence,NY,2023-10-26,2024,306000,1,Five Star Bank,9.75,120.0,4.0,Active,True,False,2026-06-30
Insurance agencies,524210,Insurance Agencies and Brokerages,"Minderhout Insurance Brokers, Incorporated",Westlake Village,CA,2023-10-26,2024,441000,1,First Business Bank,11.25,120.0,1.0,Active,False,False,2026-06-30
Insurance agencies,524210,Insurance Agencies and Brokerages,Pro Insure,Cypress,TX,2023-10-27,2024,1835000,1,Pathward National Association,11.25,120.0,3.0,Paid in full,False,False,2026-06-30
"Accounting, tax & bookkeeping",541219,Other Accounting Services,Accudata Accounting Advisors,Irvine,CA,2023-10-28,2024,1550000,1,Live Oak Banking Company,10.35,120.0,17.0,Active,False,False,2026-06-30
"Accounting, tax & bookkeeping",541213,Tax Preparation Services,"Benham, Miller And Harris, Inc.",Boynton Beach,FL,2023-10-28,2024,744000,1,"BankUnited, National Association",7.5,120.0,2.0,Active,False,False,2026-06-30
"Accounting, tax & bookkeeping",541213,Tax Preparation Services,"Cfomate, Inc.",Whittier,CA,2023-10-28,2024,1417500,1,Live Oak Banking Company,10.27,120.0,1.0,Active,False,False,2026-06-30
"Accounting, tax & bookkeeping",541219,Other Accounting Services,Vb Consolidated Corp,Port Orange,FL,2023-10-28,2024,643500,1,Barwick Banking Company,9.5,120.0,6.0,Active,False,False,2026-06-30
Management consulting,541618,Other Management Consulting Services,"Anuva Advisors, Llc",Holladay,UT,2023-10-31,2024,677500,1,"Zions Bank, A Division of",11.1,120.0,5.0,Active,False,False,2026-06-30
"Accounting, tax & bookkeeping",541213,Tax Preparation Services,Pillar Of Autumn Holdings Llc,Manassas,VA,2023-11-02,2024,1525000,1,Live Oak Banking Company,10.75,120.0,5.0,Paid in full,False,False,2026-06-30
"Accounting, tax & bookkeeping",541213,Tax Preparation Services,Snap Advisory Inc.,San Jose,CA,2023-11-02,2024,705000,2,Live Oak Banking Company,10.5,120.0,4.0,Active,False,True,2026-06-30
"Accounting, tax & bookkeeping",541211,Offices of Certified Public Accountants,"Gateway Accounting & Tax Services, Inc",Fort Myers,FL,2023-11-04,2024,478200,1,Midwest BankCentre,10.75,120.0,4.0,Active,False,False,2026-06-30
Financial advisors,523940,Portfolio Management and Investment Advice,Hammond Capital Management Ltd,Oswego,IL,2023-11-04,2024,400000,1,Live Oak Banking Company,10.43,120.0,3.0,Active,False,False,2026-06-30
Advertising & marketing agencies,541613,Marketing Consulting Services,"Marketing Insider Group, Llc",Laguna Niguel,CA,2023-11-04,2024,977000,1,First Internet Bank of Indiana,11.0,120.0,14.0,Active,False,False,2026-06-30
"Accounting, tax & bookkeeping",541219,Other Accounting Services,Quest Growth Partners Llc,Davidson,NC,2023-11-07,2024,1850000,1,Live Oak Banking Company,10.0,120.0,3.0,Active,False,False,2026-06-30
"Accounting, tax & bookkeeping",541211,Offices of Certified Public Accountants,R.M.A. Taxes Inc.,Orland Park,IL,2023-11-07,2024,1074800,2,Old National Bank,8.25,120.0,11.0,Active,False,True,2026-06-30
Insurance agencies,524210,Insurance Agencies and Brokerages,Tuten Agency Inc.,Auburn,AL,2023-11-07,2024,2230000,1,United Midwest Savings Bank National Association,11.25,120.0,5.0,Active,False,False,2026-06-30
"Accounting, tax & bookkeeping",541211,Offices of Certified Public Accountants,Guzmangray,Long Beach,CA,2023-11-09,2024,1868900,1,Wells Fargo Bank National Association,7.25,120.0,14.0,Active,False,False,2026-06-30
Management consulting,541611,Administrative Management and General Management Consulting Services,"Lexa Records Holdings, Llc",Great Falls,VA,2023-11-11,2024,4125000,1,United Community Bank,8.0,120.0,32.0,Active,False,False,2026-06-30
Management consulting,541611,Administrative Management and General Management Consulting Services,"Lexa Records Holdings, Llc",Wilton Manors,FL,2023-11-11,2024,500000,1,United Community Bank,8.0,120.0,32.0,Not yet disbursed,True,True,2026-06-30
"Accounting, tax & bookkeeping",541211,Offices of Certified Public Accountants,Performance Financial Group Llc,Dublin,OH,2023-11-11,2024,1185000,1,United Midwest Savings Bank National Association,10.5,120.0,9.0,Active,False,False,2026-06-30
"Accounting, tax & bookkeeping",541219,Other Accounting Services,"Proven Financial Services, Llc",Provo,UT,2023-11-11,2024,2395000,1,United Midwest Savings Bank National Association,10.75,120.0,21.0,Active,False,False,2026-06-30
"Accounting, tax & bookkeeping",541213,Tax Preparation Services,Tax Pros Plus,San Clemente,CA,2023-11-11,2024,760700,1,Mission Valley Bank,11.25,120.0,7.0,Active,False,False,2026-06-30
Insurance agencies,524210,Insurance Agencies and Brokerages,"Dan Borowiak Agency, Inc.",Saint Charles,IL,2023-11-14,2024,201600,1,Midland States Bank,10.0,120.0,5.0,Active,False,False,2026-06-30
Advertising & marketing agencies,541430,Graphic Design Services,"Nlc, Llc",Bend,OR,2023-11-14,2024,1379300,1,Summit Bank,11.5,120.0,7.0,Active,False,False,2026-06-30
"Accounting, tax & bookkeeping",541213,Tax Preparation Services,Vfp Tax Services Llc,Montgomery,OH,2023-11-14,2024,500000,1,First Business Bank,11.25,120.0,6.0,Active,False,False,2026-06-30
"Accounting, tax & bookkeeping",541211,Offices of Certified Public Accountants,Chrysalis Business Partners Llc,Mesa,AZ,2023-11-15,2024,1515000,1,Live Oak Banking Company,9.24,120.0,25.0,Active,False,False,2026-06-30
Architecture & engineering,541330,Engineering Services,"Garcia Cocha, Llc",Littleton,CO,2023-11-15,2024,195000,1,Colorado Enterprise Fund,10.99,84.0,8.0,Active,False,False,2026-06-30
"Accounting, tax & bookkeeping",541211,Offices of Certified Public Accountants,"4 Pillars Group, Llc",Orlando,FL,2023-11-16,2024,2090000,2,Live Oak Banking Company,10.5,120.0,1.0,Active,False,True,2026-06-30
"Accounting, tax & bookkeeping",541219,Other Accounting Services,"Gms & Associates, Inc.",Oak Park,IL,2023-11-18,2024,358000,1,United Midwest Savings Bank National Association,11.0,120.0,1.0,Active,False,False,2026-06-30
Insurance agencies,524210,Insurance Agencies and Brokerages,Candice Marshall Agency Corp,Decatur,AL,2023-11-21,2024,718000,1,United Midwest Savings Bank National Association,11.25,120.0,4.0,Active,False,False,2026-06-30
"Accounting, tax & bookkeeping",541213,Tax Preparation Services,Archway Accounting Pllc,Philadelphia,PA,2023-11-22,2024,349000,1,United Midwest Savings Bank National Association,10.75,120.0,2.0,Active,False,False,2026-06-30
"Accounting, tax & bookkeeping",541211,Offices of Certified Public Accountants,Exactitude Tax & Accounting Services Llc,Baltimore,MD,2023-11-22,2024,150000,1,United Midwest Savings Bank National Association,11.25,120.0,2.0,Active,False,False,2026-06-30
"Accounting, tax & bookkeeping",541211,Offices of Certified Public Accountants,"Walston Bookkeeping, Llc",Cortez,CO,2023-11-26,2024,550000,2,The Huntington National Bank,10.75,120.0,2.0,Active,False,True,2026-06-30
"Accounting, tax & bookkeeping",541211,Offices of Certified Public Accountants,"Taxstra, Pllc",Chatham,IL,2023-11-28,2024,350000,2,"INB, National Association",10.0,120.0,6.0,Active,False,True,2026-06-30
Insurance agencies,524210,Insurance Agencies and Brokerages,"The Morrow Family Trust, Dated July 18, 2014",Atascadero,CA,2023-11-29,2024,508000,1,Columbia Bank,10.75,300.0,8.0,Active,False,False,2026-06-30
Architecture & engineering,541380,Testing Laboratories and Services,Tra-Cal,Gaithersburg,MD,2023-11-29,2024,3800000,1,Pathward National Association,10.0,120.0,9.0,Active,False,False,2026-06-30
"Accounting, tax & bookkeeping",541219,Other Accounting Services,Great Lakes Tax Group Llc,Castilla,OH,2023-11-30,2024,1250000,1,United Midwest Savings Bank National Association,10.75,120.0,6.0,Active,False,False,2026-06-30
Law firms,541110,Offices of Lawyers,"The Dunning Law Firm, A Professional Corporation",San Diego,CA,2023-11-30,2024,1139000,1,Banc of California,8.5,120.0,1.0,Active,False,False,2026-06-30
"Accounting, tax & bookkeeping",541211,Offices of Certified Public Accountants,Webb & Associates Cpa Llc,Pompano Beach,FL,2023-11-30,2024,3800000,1,Live Oak Banking Company,8.5,120.0,2.0,Active,False,False,2026-06-30
"Accounting, tax & bookkeeping",541211,Offices of Certified Public Accountants,Gerrells Cpa Llc,Dawsonville,GA,2023-12-01,2024,450000,1,United Community Bank,10.5,120.0,4.0,Active,False,False,2026-06-30
Architecture & engineering,541330,Engineering Services,"E.P. Engineering, L.L.C.",New York,NY,2023-12-02,2024,3680000,1,ConnectOne Bank,11.25,120.0,25.0,Active,False,False,2026-06-30
IT & software services,541519,Other Computer Related Services,"Soft Intelligence, Inc.",Dunwoody,GA,2023-12-02,2024,2672000,1,Beacon Bank and Trust,11.0,120.0,15.0,Active,False,False,2026-06-30
Insurance agencies,524210,Insurance Agencies and Brokerages,"Old Bay Insurance Agency, Inc.",Annapolis,MD,2023-12-04,2024,1520000,1,Live Oak Banking Company,9.97,120.0,6.0,Paid in full,False,False,2026-06-30
"Accounting, tax & bookkeeping",541211,Offices of Certified Public Accountants,Big Picture Financial Group Llc,Lafayette,CO,2023-12-06,2024,261000,1,United Midwest Savings Bank National Association,11.0,114.0,3.0,Active,False,False,2026-06-30
Management consulting,541690,Other Scientific and Technical Consulting Services,"D Pelkey Holdings, Inc.",Spokane Valley,WA,2023-12-06,2024,1440000,1,Idaho Central CU,11.0,120.0,21.0,Active,False,False,2026-06-30
"Accounting, tax & bookkeeping",541211,Offices of Certified Public Accountants,"Klemm & Associates, Llc",Ballwin,MO,2023-12-06,2024,718000,1,St. Louis Bank,11.25,120.0,12.0,Active,False,False,2026-06-30
"Accounting, tax & bookkeeping",541219,Other Accounting Services,Smart Finance And Accounting Llc,Plantation,FL,2023-12-06,2024,470000,1,United Midwest Savings Bank National Association,11.0,120.0,8.0,Active,False,False,2026-06-30
"Accounting, tax & bookkeeping",541219,Other Accounting Services,Sea Green Bookkeeping And Tax Services Inc.,Fairhaven,MA,2023-12-07,2024,67500,1,"Leader Bank, National Association",10.5,120.0,1.0,Active,False,False,2026-06-30
Insurance agencies,524210,Insurance Agencies and Brokerages,"E.G. Bowman Co., Inc.",New York,NY,2023-12-08,2024,1605000,1,Live Oak Banking Company,9.99,120.0,3.0,Active,False,False,2026-06-30
"Accounting, tax & bookkeeping",541211,Offices of Certified Public Accountants,Vault Financials Llc,Phoenix,AZ,2023-12-08,2024,925000,1,United Midwest Savings Bank National Association,11.0,120.0,13.0,Active,False,False,2026-06-30
"Accounting, tax & bookkeeping",541219,Other Accounting Services,"Zen Hub, Inc.",Los Angeles,CA,2023-12-08,2024,478000,1,United Midwest Savings Bank National Association,10.75,120.0,2.0,Active,False,False,2026-06-30
"Accounting, tax & bookkeeping",541211,Offices of Certified Public Accountants,"H & H Accounting Services, Llc",Tempe,AZ,2023-12-09,2024,257500,1,Bell Bank,10.0,120.0,10.0,Paid in full,False,False,2026-06-30
Architecture & engineering,541370,Surveying and Mapping (except Geophysical) Services,"Northland Exploration Surveys, Inc.",Flagstaff,AZ,2023-12-13,2024,661000,1,Evolve Bank and Trust,11.25,120.0,6.0,Active,False,False,2026-06-30
Advertising & marketing agencies,541810,Advertising Agencies,"Sportscom, Inc.",Scottsdale,AZ,2023-12-13,2024,495000,1,"UMB Bank, National Association",10.0,120.0,7.0,Active,False,False,2026-06-30
"Accounting, tax & bookkeeping",541211,Offices of Certified Public Accountants,"Jeff Hughes,Cpa, Inc",San Diego,CA,2023-12-15,2024,318000,1,Live Oak Banking Company,10.5,120.0,5.0,Paid in full,False,False,2026-06-30
"Accounting, tax & bookkeeping",541213,Tax Preparation Services,"On Point Tax Preparation, Llc",Parkville,MD,2023-12-15,2024,20000,1,The Huntington National Bank,11.25,120.0,1.0,Not yet disbursed,True,True,2026-06-30
"Accounting, tax & bookkeeping",541211,Offices of Certified Public Accountants,Pro Taxes And Accounting P.C.,Harwood Heights,IL,2023-12-15,2024,1260000,1,"PNC Bank, National Association",8.75,120.0,5.0,Active,False,False,2026-06-30
"Accounting, tax & bookkeeping",541211,Offices of Certified Public Accountants,Wallace Consulting Llc,Merrillville,IN,2023-12-15,2024,1580000,1,United Midwest Savings Bank National Association,11.0,120.0,6.0,Active,False,False,2026-06-30
"Accounting, tax & bookkeeping",541211,Offices of Certified Public Accountants,"May & Wood, Pc",Burlingame,CA,2023-12-16,2024,790500,1,"U.S. Bank, National Association",9.98,120.0,7.0,Active,False,False,2026-06-30
"Accounting, tax & bookkeeping",541211,Offices of Certified Public Accountants,Prep Tax Smart Inc.,Redding,CA,2023-12-16,2024,425000,1,Live Oak Banking Company,10.75,120.0,8.0,Active,False,False,2026-06-30
"Accounting, tax & bookkeeping",541213,Tax Preparation Services,"On Point Tax Preparation, Llc",Parkville,MD,2023-12-19,2024,300000,1,The Huntington National Bank,11.25,120.0,1.0,Not yet disbursed,False,False,2026-06-30
Architecture & engineering,541320,Landscape Architectural Services,R3 Landscape & Design Llc,Portland,OR,2023-12-20,2024,250000,1,United Midwest Savings Bank National Association,11.25,120.0,1.0,Active,False,False,2026-06-30
"Accounting, tax & bookkeeping",541213,Tax Preparation Services,Archway Accounting Pllc,Philadelphia,PA,2023-12-22,2024,490000,1,United Midwest Savings Bank National Association,10.75,120.0,2.0,Active,False,False,2026-06-30
"Accounting, tax & bookkeeping",541211,Offices of Certified Public Accountants,"Mcleod Ascanio Services, Llc",Cumberland Foreside,ME,2023-12-23,2024,200000,1,Bangor Savings Bank,9.5,120.0,18.0,Active,True,True,2026-06-30
Architecture & engineering,541330,Engineering Services,Trefz Engineering Inc,Horsham,PA,2023-12-23,2024,920000,1,Univest Bank and Trust Co,11.0,120.0,9.0,Active,False,False,2026-06-30
Financial advisors,523940,Portfolio Management and Investment Advice,Wealth Ridge Planning Llc,Black River Falls,WI,2023-12-23,2024,765000,1,CCFBank National Association,10.75,120.0,2.0,Active,False,False,2026-06-30
Insurance agencies,524210,Insurance Agencies and Brokerages,"Pji, Inc.",Silverdale,WA,2023-12-27,2024,500000,1,Pathward National Association,10.25,120.0,4.0,Active,False,False,2026-06-30
"Accounting, tax & bookkeeping",541211,Offices of Certified Public Accountants,"Sg & Associates, Ltd.",Naperville,IL,2023-12-27,2024,350000,1,The Huntington National Bank,9.5,120.0,14.0,Active,True,True,2026-06-30
Insurance agencies,524210,Insurance Agencies and Brokerages,Get A Policy Group Llc,Greenville,TX,2023-12-28,2024,1840000,1,Bankwell Bank,11.0,120.0,3.0,Active,False,False,2026-06-30
Advertising & marketing agencies,541890,Other Services Related to Advertising,"Good Goods, Llc",Las Vegas,NV,2023-12-28,2024,240000,1,GBank,10.25,120.0,5.0,Paid in full,False,False,2026-06-30
"Accounting, tax & bookkeeping",541211,Offices of Certified Public Accountants,Morales Hernandez & Co. Llc,San Juan,PR,2023-12-28,2024,340000,1,Oriental Bank,7.25,120.0,18.0,Active,False,False,2026-06-30
"Accounting, tax & bookkeeping",541211,Offices of Certified Public Accountants,"Sg & Associates, Ltd.",Naperville,IL,2023-12-28,2024,1637900,1,The Huntington National Bank,8.99,120.0,14.0,Active,False,False,2026-06-30
"Accounting, tax & bookkeeping",541211,Offices of Certified Public Accountants,Mataj Consulting Llc,Tampa,FL,2023-12-29,2024,450000,1,"Capital Bank, National Association",11.25,120.0,4.0,Active,False,False,2026-06-30
"Accounting, tax & bookkeeping",541211,Offices of Certified Public Accountants,O&K Accounting Inc,Lakewood,WA,2023-12-29,2024,292500,1,Gesa CU,10.25,119.0,4.0,Active,False,False,2026-06-30
"Accounting, tax & bookkeeping",541211,Offices of Certified Public Accountants,"Evans Sternau Cpa, Llc",Spring,TX,2023-12-31,2024,1110000,1,Susser Bank,10.25,120.0,4.0,Paid in full,False,False,2026-06-30
"Accounting, tax & bookkeeping",541211,Offices of Certified Public Accountants,Hashman Income Tax And Book Keeping Llc,Fairmont,WV,2023-12-31,2024,495000,1,United Midwest Savings Bank National Association,11.0,120.0,11.0,Active,False,False,2026-06-30
Management consulting,541611,Administrative Management and General Management Consulting Services,"Moss Hill Group, Llc",Stamford,CT,2023-12-31,2024,5000000,1,Truist Bank,10.99,120.0,5.0,Active,False,False,2026-06-30
"Accounting, tax & bookkeeping",541211,Offices of Certified Public Accountants,Carlson Hearne Cpa Llc,Laramie,WY,2024-01-03,2024,495000,1,United Midwest Savings Bank National Association,10.75,120.0,3.0,Active,False,False,2026-06-30
IT & software services,541519,Other Computer Related Services,"Npf Networks, Inc.",Oceanside,CA,2024-01-04,2024,823000,1,First Business Bank,11.0,120.0,4.0,Active,False,False,2026-06-30
"Accounting, tax & bookkeeping",541211,Offices of Certified Public Accountants,Lindenhurst Tax Services Llc,Lindenhurst,NY,2024-01-05,2024,271000,1,United Midwest Savings Bank National Association,11.0,120.0,1.0,Active,False,False,2026-06-30
Financial advisors,523940,Portfolio Management and Investment Advice,"Tyler J. Petersen, Sole Prop",Rapid City,SD,2024-01-05,2024,3438000,1,Live Oak Banking Company,9.25,120.0,5.0,Active,False,False,2026-06-30
"Accounting, tax & bookkeeping",541211,Offices of Certified Public Accountants,"Bodine And Company, Llc",Youngstown,OH,2024-01-09,2024,1520000,1,Live Oak Banking Company,9.41,120.0,20.0,Active,False,False,2026-06-30
Management consulting,541618,Other Management Consulting Services,Viewpoint Consulting Llc,Helena,MT,2024-01-09,2024,955800,1,"First Montana Bank, Inc.",10.0,300.0,1.0,Active,False,False,2026-06-30
"Accounting, tax & bookkeeping",541219,Other Accounting Services,Lps Accounting Llc,Sheboygan Falls,WI,2024-01-10,2024,50000,1,Summit CU,10.0,120.0,2.0,Active,True,True,2026-06-30
"Accounting, tax & bookkeeping",541211,Offices of Certified Public Accountants,Route 89 Ventures Llc,Charlottesville,VA,2024-01-10,2024,930000,2,The Huntington National Bank,10.25,120.0,7.0,Active,False,True,2026-06-30
"Accounting, tax & bookkeeping",541211,Offices of Certified Public Accountants,"Five Points Financial, Llc",Hamilton,NJ,2024-01-11,2024,620000,1,United Midwest Savings Bank National Association,11.0,120.0,6.0,Active,False,False,2026-06-30
"Accounting, tax & bookkeeping",541213,Tax Preparation Services,Pullen Accounting & Tax Prep Inc,De Pere,WI,2024-01-11,2024,640000,1,Live Oak Banking Company,11.0,168.0,1.0,Active,False,False,2026-06-30
"Accounting, tax & bookkeeping",541219,Other Accounting Services,S & R Accounting And Tax Llc,Fort Valley,GA,2024-01-11,2024,373000,1,United Midwest Savings Bank National Association,11.0,120.0,4.0,Active,False,False,2026-06-30
Advertising & marketing agencies,541613,Marketing Consulting Services,"Daybreak Agency, Llc",Katy,TX,2024-01-13,2024,780000,1,Byline Bank,11.0,120.0,6.0,Active,False,False,2026-06-30
"Accounting, tax & bookkeeping",541219,Other Accounting Services,Lps Accounting Llc,Sheboygan Falls,WI,2024-01-13,2024,136000,1,Summit CU,9.0,120.0,6.0,Active,False,False,2026-06-30
Insurance agencies,524210,Insurance Agencies and Brokerages,The Swanson Family Agency Llc,Katy,TX,2024-01-13,2024,730000,1,Oconee State Bank,10.5,120.0,5.0,Paid in full,False,False,2026-06-30
IT & software services,541512,Computer Systems Design Services,"Upside Technology Services, Llc",Portland,OR,2024-01-13,2024,1340000,1,Live Oak Banking Company,9.75,120.0,9.0,Active,False,False,2026-06-30
Management consulting,541611,Administrative Management and General Management Consulting Services,"Incendium Strategies, Llc",Dallas,TX,2024-01-14,2024,1794000,1,"U.S. Bank, National Association",10.0,120.0,11.0,Active,False,False,2026-06-30
"Accounting, tax & bookkeeping",541211,Offices of Certified Public Accountants,"Seibel, Inc.",Cincinnati,OH,2024-01-14,2024,1723000,2,The Huntington National Bank,10.5,120.0,16.0,Active,False,True,2026-06-30
Management consulting,541611,Administrative Management and General Management Consulting Services,Emaids Of Space Coast,Melbourne,FL,2024-01-17,2024,321300,1,"Readycap Lending, LLC",11.25,120.0,9.0,Paid in full,False,False,2026-06-30
"Accounting, tax & bookkeeping",541211,Offices of Certified Public Accountants,Drsjc 1775 Re Holdings Llc,Naperville,IL,2024-01-18,2024,845000,1,The Huntington National Bank,8.99,300.0,2.0,Active,False,False,2026-06-30
IT & software services,541519,Other Computer Related Services,Pc Parts Plus L. L. C.,Saint Paul,MN,2024-01-18,2024,4117000,1,CCFBank National Association,10.0,120.0,96.0,Active,False,False,2026-06-30
IT & software services,541519,Other Computer Related Services,Teamlogic It 64901,Little Suamico,WI,2024-01-18,2024,900000,1,Live Oak Banking Company,10.5,120.0,1.0,Active,False,False,2026-06-30
Financial advisors,523940,Portfolio Management and Investment Advice,Hoot Owl Tax & Accounting Llc,Blue Springs,MO,2024-01-19,2024,425000,1,Live Oak Banking Company,10.49,120.0,12.0,Active,False,False,2026-06-30
Insurance agencies,524210,Insurance Agencies and Brokerages,Mcbee Agency Corp,White Oak,TX,2024-01-19,2024,906000,1,United Midwest Savings Bank National Association,11.25,107.0,2.0,Paid in full,False,False,2026-06-30
"Accounting, tax & bookkeeping",541213,Tax Preparation Services,Mikaelson Tax Group Llc,Springfield,IL,2024-01-19,2024,20000,1,Bank of Springfield,9.5,63.0,4.0,Active,False,False,2026-06-30
Insurance agencies,524210,Insurance Agencies and Brokerages,Compass Group Northeast Llc,Milton,NY,2024-01-23,2024,347000,2,Rhinebeck Bank,7.86,84.0,2.0,Active,False,True,2026-06-30
"Accounting, tax & bookkeeping",541211,Offices of Certified Public Accountants,"Money Haus, Llc",Leavenworth,KS,2024-01-23,2024,294000,1,Bank of the Flint Hills,8.5,120.0,4.0,Paid in full,False,False,2026-06-30
"Accounting, tax & bookkeeping",541211,Offices of Certified Public Accountants,Wisely Advised Accounting Llc,Lansing,IL,2024-01-24,2024,375000,1,Live Oak Banking Company,10.49,120.0,1.0,Active,False,False,2026-06-30
"Accounting, tax & bookkeeping",541219,Other Accounting Services,"D' Accounting And Tax Resource, Llc",Aberdeen,MD,2024-01-25,2024,382000,1,United Midwest Savings Bank National Association,11.0,120.0,6.0,Active,False,False,2026-06-30
Advertising & marketing agencies,541810,Advertising Agencies,Absolute Marketing,Tampa,FL,2024-01-26,2024,740000,1,Pathward National Association,10.75,240.0,2.0,Active,False,False,2026-06-30
Advertising & marketing agencies,541890,Other Services Related to Advertising,Maptoons Llc,Long Beach,NY,2024-01-27,2024,231000,1,Dime Commercial Bank,11.5,119.0,1.0,Active,False,False,2026-06-30
Management consulting,541618,Other Management Consulting Services,Petra Coach,Franklin,TN,2024-01-27,2024,5000000,1,Live Oak Banking Company,9.75,120.0,18.0,Active,False,False,2026-06-30
Advertising & marketing agencies,541430,Graphic Design Services,"Struck, Inc.",Salt Lake City,UT,2024-01-29,2024,1233000,1,"Community Banks of Colorado, A Division of NBH Bank",9.5,120.0,25.0,Active,False,False,2026-06-30
"Accounting, tax & bookkeeping",541211,Offices of Certified Public Accountants,Cpatax Accounting & Consulting Llc,Elk Grove Village,IL,2024-01-30,2024,850000,1,United Midwest Savings Bank National Association,11.0,120.0,7.0,Active,False,False,2026-06-30
Management consulting,541611,Administrative Management and General Management Consulting Services,Focusmd Holdings Llc,Canonsburg,PA,2024-01-30,2024,1600000,1,"PNC Bank, National Association",7.23,120.0,37.0,Active,False,False,2026-06-30
Advertising & marketing agencies,541613,Marketing Consulting Services,"Modern Practice Consulting, Llc",Los Angeles,CA,2024-01-31,2024,275000,2,The Huntington National Bank,10.5,120.0,9.0,Active,False,True,2026-06-30
IT & software services,541519,Other Computer Related Services,"Adams Technology Group, Corp.",Meridian,ID,2024-02-01,2024,455000,1,Glacier Bank,10.0,120.0,26.0,Active,False,False,2026-06-30
"Accounting, tax & bookkeeping",541219,Other Accounting Services,"Balancing, Inc.",Hermosa Beach,CA,2024-02-02,2024,785000,1,Beneficial State Bank,9.25,120.0,7.0,Active,False,False,2026-06-30
"Accounting, tax & bookkeeping",541211,Offices of Certified Public Accountants,Gjm Advisory Llc,Kankakee,IL,2024-02-02,2024,1850000,2,Live Oak Banking Company,10.5,120.0,4.0,Active,False,True,2026-06-30
IT & software services,541512,Computer Systems Design Services,"I3 Business Solutions, Llc",Grand Rapids,MI,2024-02-02,2024,1500000,1,First National Bank of Michigan,8.14,120.0,44.0,Active,False,False,2026-06-30
"Accounting, tax & bookkeeping",541211,Offices of Certified Public Accountants,Rosenbaum Sobel Weinrub Llc,Fort Lauderdale,FL,2024-02-02,2024,999000,1,"BankUnited, National Association",7.75,120.0,5.0,Active,False,False,2026-06-30
"Accounting, tax & bookkeeping",541213,Tax Preparation Services,Melissa Tax Llc,New York,NY,2024-02-07,2024,847000,2,The Huntington National Bank,11.25,120.0,6.0,Active,False,True,2026-06-30
"Accounting, tax & bookkeeping",541211,Offices of Certified Public Accountants,Cpa Smith South Llc,Sanford,FL,2024-02-08,2024,1126500,1,Gulf Coast Bank and Trust Company,10.75,180.0,2.0,Active,False,False,2026-06-30
"Accounting, tax & bookkeeping",541219,Other Accounting Services,Nbpg Group Holding Inc,Athens,GA,2024-02-08,2024,360000,1,First Bank of the Lake,10.75,120.0,1.0,Active,False,False,2026-06-30
"Accounting, tax & bookkeeping",541213,Tax Preparation Services,Ferguson Financial Solutions Inc,Fort Pierce,FL,2024-02-09,2024,225000,1,Pinnacle Bank,11.25,120.0,7.0,Paid in full,False,False,2026-06-30
Architecture & engineering,541330,Engineering Services,"Simple Innovations, Inc.",Sussex,WI,2024-02-09,2024,600000,1,IncredibleBank,10.75,120.0,10.0,Active,False,False,2026-06-30
"Accounting, tax & bookkeeping",541213,Tax Preparation Services,Black Cat Financial Management Solutions Ltd,Shakopee,MN,2024-02-10,2024,220000,1,The Huntington National Bank,11.25,120.0,2.0,Paid in full,False,False,2026-06-30
"Accounting, tax & bookkeeping",541211,Offices of Certified Public Accountants,"Debra Bell & Associates, Cpas, Inc.",Riverside,CA,2024-02-11,2024,294000,1,Plumas Bank,8.75,120.0,10.0,Paid in full,False,False,2026-06-30
Advertising & marketing agencies,541810,Advertising Agencies,Revive Ratings Inc,Farragut,TN,2024-02-13,2024,500000,1,"Capital Bank, National Association",11.25,120.0,4.0,Active,False,False,2026-06-30
Law firms,541199,All Other Legal Services,"Christopher M. Diedling, Attorney At Law, Llc",Cincinnati,OH,2024-02-14,2024,1468000,2,The Huntington National Bank,10.5,120.0,7.0,Active,False,True,2026-06-30
Insurance agencies,524210,Insurance Agencies and Brokerages,Alphin Insurance L.L.C.,Cary,NC,2024-02-16,2024,974000,1,First Bank,11.0,120.0,7.0,Paid in full,False,False,2026-06-30
Architecture & engineering,541350,Building Inspection Services,Assure Inspections Inc.,New Lenox,IL,2024-02-16,2024,899000,1,"VelocitySBA, LLC",11.25,120.0,8.0,Active,False,False,2026-06-30
Architecture & engineering,541320,Landscape Architectural Services,Land Design By Armstrong,Holladay,UT,2024-02-17,2024,2531000,2,Beacon Bank and Trust,10.75,103.0,28.0,Active,False,True,2026-06-30
Management consulting,541611,Administrative Management and General Management Consulting Services,"R.W. Caldwell Associates, Inc.",Buffalo,NY,2024-02-20,2024,100000,1,Five Star Bank,10.5,120.0,6.0,Not yet disbursed,True,True,2026-06-30
Insurance agencies,524210,Insurance Agencies and Brokerages,Great Florida Insurance Of Lake Wales,Tarpon Springs,FL,2024-02-21,2024,290000,1,Live Oak Banking Company,10.73,120.0,6.0,Active,False,False,2026-06-30
IT & software services,541511,Custom Computer Programming Services,Sda Creative,Vista,CA,2024-02-21,2024,398000,1,"Lendistry SBLC, LLC",11.5,120.0,5.0,Active,False,False,2026-06-30
Advertising & marketing agencies,541830,Media Buying Agencies,"Aqua Marketing & Communications, Inc.",Saint Petersburg,FL,2024-02-22,2024,881000,2,Northwest Bank,11.5,120.0,15.0,Active,True,True,2026-06-30
Architecture & engineering,541320,Landscape Architectural Services,"Ml Trinity, Llc",Colorado Springs,CO,2024-02-23,2024,895000,1,Byline Bank,10.75,120.0,24.0,Active,False,False,2026-06-30
Management consulting,541620,Environmental Consulting Services,Mountain Consulting Services Llc,Spokane Valley,WA,2024-02-23,2024,226000,1,Washington Trust Bank,11.0,120.0,3.0,Active,False,False,2026-06-30
Insurance agencies,524210,Insurance Agencies and Brokerages,Kao Vang Insurance Agency Inc,Carmichael,CA,2024-02-24,2024,742500,2,The Huntington National Bank,10.5,120.0,4.0,Not yet disbursed,False,True,2026-06-30
Advertising & marketing agencies,541890,Other Services Related to Advertising,"Blue Shores Group, Llc",Stuart,FL,2024-02-25,2024,1765000,1,First Bank of Central Ohio,11.25,112.0,4.0,Active,False,False,2026-06-30
Insurance agencies,524210,Insurance Agencies and Brokerages,The Ellison Group Insurance Agency L.L.C.,Plymouth,MI,2024-02-26,2024,1739000,1,United Midwest Savings Bank National Association,11.25,120.0,7.0,Active,False,False,2026-06-30
Insurance agencies,524210,Insurance Agencies and Brokerages,Albert Smith Farmers Insurance Agency,San Jose,CA,2024-02-27,2024,789000,1,United Midwest Savings Bank National Association,11.25,120.0,4.0,Active,False,False,2026-06-30
Insurance agencies,524210,Insurance Agencies and Brokerages,"Design Concepts & Solutions, Llc",Wichita,KS,2024-02-28,2024,720700,1,The Huntington National Bank,11.25,119.0,6.0,Active,False,False,2026-06-30
Architecture & engineering,541310,Architectural Services,"Charles Matsinger Associates, Inc.",Philadelphia,PA,2024-03-01,2024,1000000,2,"PNC Bank, National Association",8.0,120.0,13.0,Active,False,True,2026-06-30
Advertising & marketing agencies,541860,Direct Mail Advertising,Burdiss Lettershop Services Co.,Lenexa,KS,2024-03-02,2024,500000,1,"UMB Bank, National Association",9.0,120.0,38.0,Active,False,False,2026-06-30
IT & software services,541513,Computer Facilities Management Services,"Granite Passage, Inc.",Greenville,SC,2024-03-06,2024,1205500,2,The Huntington National Bank,10.25,120.0,31.0,Active,False,True,2026-06-30
Advertising & marketing agencies,541613,Marketing Consulting Services,"R+M, Inc.",Cary,NC,2024-03-13,2024,1815000,1,The Fidelity Bank,10.5,120.0,15.0,Active,False,False,2026-06-30
Architecture & engineering,541380,Testing Laboratories and Services,Kansas City Radon Llc,Overland Park,KS,2024-03-15,2024,152800,1,Kendall Bank,10.75,120.0,5.0,Active,False,False,2026-06-30
Advertising & marketing agencies,541860,Direct Mail Advertising,Mail Processing Capital Llc,Lakeland,FL,2024-03-15,2024,4133200,1,Fifth Third Bank,8.0,120.0,24.0,Active,False,False,2026-06-30
Management consulting,541618,Other Management Consulting Services,"Risk Management Partners, Llc",Arlington,TX,2024-03-18,2024,1294500,1,Celtic Bank Corporation,11.25,120.0,6.0,Active,False,False,2026-06-30
Insurance agencies,524210,Insurance Agencies and Brokerages,Grand Risk Advisors Llc,Grand Rapids,MI,2024-03-19,2024,1457000,1,Live Oak Banking Company,9.79,120.0,5.0,Active,False,False,2026-06-30
Architecture & engineering,541330,Engineering Services,"Shah & Associates, Inc.",Gaithersburg,MD,2024-03-19,2024,5000000,1,Capital One National Association,5.9,120.0,24.0,Active,False,False,2026-06-30
Insurance agencies,524210,Insurance Agencies and Brokerages,Medicare Life Group Llc,Bozeman,MT,2024-03-20,2024,445000,1,United Midwest Savings Bank National Association,11.25,120.0,2.0,Active,False,False,2026-06-30
IT & software services,541513,Computer Facilities Management Services,"Mission Critical Services, Inc.",Hayesville,NC,2024-03-20,2024,1732000,1,First-Citizens Bank & Trust Company,8.55,120.0,27.0,Active,False,False,2026-06-30
"Accounting, tax & bookkeeping",541214,Payroll Services,"Luxa Enterprises, L.L.C.",Tulsa,OK,2024-03-21,2024,1964600,1,Simmons Bank,10.0,120.0,23.0,Active,False,False,2026-06-30
IT & software services,541512,Computer Systems Design Services,"Technology Support Services, Inc.",Westminster,MD,2024-03-21,2024,630000,1,"PNC Bank, National Association",7.94,120.0,2.0,Active,False,False,2026-06-30
Insurance agencies,524210,Insurance Agencies and Brokerages,Melnik Group Inc,Miramar,FL,2024-03-22,2024,2675600,1,Access Bank,10.0,120.0,8.0,Active,False,False,2026-06-30
Advertising & marketing agencies,541810,Advertising Agencies,Media Motion,Cleveland,OH,2024-03-23,2024,500000,1,First Internet Bank of Indiana,11.25,120.0,1.0,Active,False,False,2026-06-30
"Accounting, tax & bookkeeping",541213,Tax Preparation Services,John Craig Bookkeeping And Tax Preparation Llc,Canonsburg,PA,2024-03-25,2024,385000,2,The Huntington National Bank,11.25,120.0,6.0,Active,False,True,2026-06-30
Insurance agencies,524210,Insurance Agencies and Brokerages,"Freedom Ag Services, Llc",Mc Clave,CO,2024-03-26,2024,990000,1,First Southwest Bank,10.25,120.0,6.0,Active,False,False,2026-06-30
IT & software services,541511,Custom Computer Programming Services,"Mcs Parent, Llc",Green Bay,WI,2024-03-27,2024,814000,1,EntreBank,9.5,120.0,3.0,Active,False,False,2026-06-30
Architecture & engineering,541310,Architectural Services,Alvah M Levine Inc,Saint Louis,MO,2024-03-28,2024,60000,1,Midland States Bank,10.35,60.0,5.0,Active,True,False,2026-06-30
"Accounting, tax & bookkeeping",541219,Other Accounting Services,Mccoy Accounting Advisors Llc,Lees Summit,MO,2024-03-28,2024,194500,1,Elevate Bank National Association,11.25,120.0,5.0,Active,False,False,2026-06-30
IT & software services,541519,Other Computer Related Services,"Taylorworks, Inc.",Orlando,FL,2024-03-28,2024,790000,2,The Huntington National Bank,10.5,120.0,13.0,Active,False,True,2026-06-30
Advertising & marketing agencies,541870,Advertising Material Distribution Services,Better Signs And Awards Llc,Hurst,TX,2024-03-29,2024,446000,1,Texas Capital Bank,9.5,300.0,5.0,Paid in full,False,False,2026-06-30
Management consulting,541611,Administrative Management and General Management Consulting Services,"Coefficient Solutions, Llc.",Sacramento,CA,2024-03-30,2024,250000,1,CDC Small Business Finance Corp.,13.0,120.0,9.0,Active,False,False,2026-06-30
"Accounting, tax & bookkeeping",541219,Other Accounting Services,Las Vegas Professional Tax Llc,Las Vegas,NV,2024-04-02,2024,614200,1,America First Federal Credit Union,9.5,120.0,10.0,Active,False,False,2026-06-30
"Accounting, tax & bookkeeping",541211,Offices of Certified Public Accountants,"Bakken Newton & Associates, Llc",Marion,MA,2024-04-05,2024,1428000,1,United Midwest Savings Bank National Association,10.75,120.0,6.0,Paid in full,False,False,2026-06-30
Insurance agencies,524210,Insurance Agencies and Brokerages,Lucabella Insurance Agency Inc,Arlington,TX,2024-04-05,2024,730700,1,Oconee State Bank,10.75,120.0,12.0,Active,False,False,2026-06-30
IT & software services,541519,Other Computer Related Services,"Tinypilot, Llc",Winston Salem,NC,2024-04-05,2024,742500,1,First Bank of Central Ohio,11.25,120.0,8.0,Active,False,False,2026-06-30
Insurance agencies,524210,Insurance Agencies and Brokerages,Moody Family Insurance Llc,Auburn,IN,2024-04-10,2024,580000,1,United Midwest Savings Bank National Association,11.25,120.0,3.0,Active,False,False,2026-06-30
Architecture & engineering,541350,Building Inspection Services,Pillar To Post 46932-1,Wheat Ridge,CO,2024-04-10,2024,640000,1,First Internet Bank of Indiana,11.25,120.0,6.0,Active,False,False,2026-06-30
Advertising & marketing agencies,541830,Media Buying Agencies,Black Raven Media Llc,Chicago,IL,2024-04-13,2024,581000,1,TowneBank,11.5,120.0,2.0,Active,False,False,2026-06-30
IT & software services,541511,Custom Computer Programming Services,"Jfr Consulting, Inc., A California Corporation",San Diego,CA,2024-04-15,2024,965000,1,CalPrivate Bank,11.5,120.0,15.0,Active,False,False,2026-06-30
Management consulting,541690,Other Scientific and Technical Consulting Services,"Algoptimal, Llc",Bethesda,MD,2024-04-17,2024,722600,1,TowneBank,11.25,120.0,8.0,Active,False,False,2026-06-30
Architecture & engineering,541330,Engineering Services,"Hales Engineering Group, Llc",Lehi,UT,2024-04-18,2024,2628000,1,"Community Banks of Colorado, A Division of NBH Bank",9.75,120.0,5.0,Active,False,False,2026-06-30
Law firms,541191,Title Abstract and Settlement Offices,Jtr Title Co Llc,Port Huron,MI,2024-04-19,2024,870000,1,Grasshopper Bank National Association,11.25,120.0,13.0,Active,False,False,2026-06-30
Insurance agencies,524210,Insurance Agencies and Brokerages,Kennedy Professional Insurance Agency,Apple Valley,CA,2024-04-19,2024,358000,1,Live Oak Banking Company,9.99,120.0,3.0,Paid in full,False,False,2026-06-30
IT & software services,541512,Computer Systems Design Services,"Absolute Computer Solutions, L.L.C.",Saint Louis,MO,2024-04-23,2024,462900,1,Gulf Coast Bank and Trust Company,10.75,120.0,10.0,Paid in full,False,False,2026-06-30
Advertising & marketing agencies,541613,Marketing Consulting Services,Jebcommerce Llc,Hayden,ID,2024-04-24,2024,50000,1,Washington Trust Bank,10.0,120.0,7.0,Active,True,True,2026-06-30
IT & software services,541519,Other Computer Related Services,Badger Fortress L.L.C.,Huntersville,NC,2024-04-25,2024,4100000,1,Live Oak Banking Company,9.75,120.0,23.0,Active,False,False,2026-06-30
IT & software services,541519,Other Computer Related Services,"Sab Interests, Llc",New Braunfels,TX,2024-04-25,2024,279000,1,Live Oak Banking Company,11.0,120.0,2.0,Active,False,False,2026-06-30
"Accounting, tax & bookkeeping",541219,Other Accounting Services,"Varc Solutions, Llc",Friendswood,TX,2024-04-26,2024,5000000,2,Live Oak Banking Company,10.0,120.0,18.0,Active,False,True,2026-06-30
Insurance agencies,524210,Insurance Agencies and Brokerages,"Mnj Insurance Solutions, Inc.",Laguna Niguel,CA,2024-04-29,2024,507200,1,Gulf Coast Bank and Trust Company,10.75,120.0,6.0,Active,False,False,2026-06-30
Architecture & engineering,541330,Engineering Services,"Dunn & Associates, Inc.",Jacksonville,FL,2024-04-30,2024,3000000,1,Millennial Bank,9.95,120.0,45.0,Active,False,False,2026-06-30
Architecture & engineering,541330,Engineering Services,"Somat Engineering, Inc.",Detroit,MI,2024-04-30,2024,2520000,1,Fifth Third Bank,9.5,120.0,114.0,Active,False,False,2026-06-30
IT & software services,541519,Other Computer Related Services,Shopawalla Llc,Manassas,VA,2024-05-03,2024,969000,2,The Huntington National Bank,11.25,120.0,2.0,Active,False,True,2026-06-30
"Accounting, tax & bookkeeping",541211,Offices of Certified Public Accountants,"Cummings & Company, Pc",Page,AZ,2024-05-06,2024,1031000,1,United Midwest Savings Bank National Association,11.0,120.0,8.0,Active,False,False,2026-06-30
Management consulting,541614,"Process, Physical Distribution, and Logistics Consulting Services",Victor Leigh Llc,Lincoln,NE,2024-05-06,2024,300000,1,Cornhusker Bank,8.5,12.0,3.0,Paid in full,True,True,2026-06-30
IT & software services,541519,Other Computer Related Services,"New River Computing, Inc.",Blacksburg,VA,2024-05-07,2024,1070000,1,Pathward National Association,10.5,120.0,13.0,Paid in full,False,False,2026-06-30
Architecture & engineering,541320,Landscape Architectural Services,Interstate Companies Lc,Oconomowoc,WI,2024-05-08,2024,2700000,1,Ixonia Bank,7.4,120.0,11.0,Active,False,False,2026-06-30
Architecture & engineering,541320,Landscape Architectural Services,"Apm Landscaping, Llc",Channahon,IL,2024-05-10,2024,1051000,1,"VelocitySBA, LLC",11.25,109.0,26.0,Active,False,False,2026-06-30
Law firms,541110,Offices of Lawyers,Eluvayt Law Llc,Andover,MA,2024-05-10,2024,985000,1,Live Oak Banking Company,9.71,120.0,4.0,Active,False,False,2026-06-30
Advertising & marketing agencies,541810,Advertising Agencies,"Building Generosity, Llc",Cornelius,NC,2024-05-13,2024,150000,1,Live Oak Banking Company,10.5,120.0,15.0,Not yet disbursed,True,True,2026-06-30
Advertising & marketing agencies,541810,Advertising Agencies,"Building Generosity, Llc",Cornelius,NC,2024-05-14,2024,3275000,1,Live Oak Banking Company,10.0,120.0,15.0,Active,False,False,2026-06-30
Advertising & marketing agencies,541613,Marketing Consulting Services,"Simpletiger, Llc",Sarasota,FL,2024-05-14,2024,500000,1,Truliant FCU,11.5,120.0,30.0,Active,False,False,2026-06-30
Insurance agencies,524210,Insurance Agencies and Brokerages,The Gray Group Insurance Brokerage Inc.,Denton,TX,2024-05-14,2024,1650000,1,Live Oak Banking Company,9.67,139.0,2.0,Paid in full,False,False,2026-06-30
"Accounting, tax & bookkeeping",541211,Offices of Certified Public Accountants,"X & L Cpas, Llp",Arcadia,CA,2024-05-14,2024,831100,1,"U.S. Bank, National Association",8.46,120.0,5.0,Active,False,False,2026-06-30
"Accounting, tax & bookkeeping",541219,Other Accounting Services,"North Sound Accounting, Llc",Mukilteo,WA,2024-05-15,2024,200000,1,KeyBank National Association,11.0,120.0,4.0,Active,False,False,2026-06-30
Advertising & marketing agencies,541613,Marketing Consulting Services,Day 2 Marketing Inc.,Little Rock,AR,2024-05-16,2024,1114000,1,First Internet Bank of Indiana,11.25,120.0,8.0,Active,False,False,2026-06-30
Insurance agencies,524210,Insurance Agencies and Brokerages,Genesis Insurance Group Llc,Irving,TX,2024-05-16,2024,492500,1,The Huntington National Bank,10.5,120.0,7.0,Active,False,False,2026-06-30
Insurance agencies,524210,Insurance Agencies and Brokerages,Legendary Insurance Solutions Llc,Lewisville,TX,2024-05-17,2024,820000,1,Live Oak Banking Company,9.97,120.0,3.0,Active,False,False,2026-06-30
Advertising & marketing agencies,541810,Advertising Agencies,"C360, L.L.C.",Upper Marlboro,MD,2024-05-20,2024,1149000,2,Live Oak Banking Company,9.5,120.0,7.0,Active,False,True,2026-06-30
Financial advisors,523940,Portfolio Management and Investment Advice,Ascend Planning Partners Llc,Greenwood Village,CO,2024-05-21,2024,85000,1,Live Oak Banking Company,11.99,120.0,1.0,Active,False,False,2026-06-30
Insurance agencies,524210,Insurance Agencies and Brokerages,Copilot Insurance Inc.,Issaquah,WA,2024-05-21,2024,1133000,1,United Midwest Savings Bank National Association,11.25,120.0,4.0,Active,False,False,2026-06-30
Insurance agencies,524210,Insurance Agencies and Brokerages,Luna Insurance Company,Saint Petersburg,FL,2024-05-22,2024,1470200,1,Oconee State Bank,10.5,120.0,10.0,Active,False,False,2026-06-30
Insurance agencies,524210,Insurance Agencies and Brokerages,"Rizwan Shaikh Insurance Solutions, Llc",Millbrae,CA,2024-05-22,2024,548000,1,First Bank of the Lake,11.25,120.0,4.0,Paid in full,False,False,2026-06-30
"Accounting, tax & bookkeeping",541211,Offices of Certified Public Accountants,Kpt Llc,Ogden,UT,2024-05-23,2024,1514000,2,The Huntington National Bank,10.25,120.0,5.0,Active,False,True,2026-06-30
IT & software services,541511,Custom Computer Programming Services,Ryzlink Corp.,Santa Clara,CA,2024-05-24,2024,4595500,1,Banner Bank,9.75,120.0,227.0,Active,False,False,2026-06-30
Insurance agencies,524210,Insurance Agencies and Brokerages,"Smarterhsa, Llc",Chanhassen,MN,2024-05-24,2024,701000,1,Old National Bank,7.99,120.0,2.0,Active,False,False,2026-06-30
Advertising & marketing agencies,541890,Other Services Related to Advertising,Spilt Ink Slc Llc,Olathe,KS,2024-05-24,2024,499000,1,First Utah Bank,10.0,120.0,110.0,Active,False,False,2026-06-30
IT & software services,541512,Computer Systems Design Services,"T E C Communications, Inc.",Rocky River,OH,2024-05-24,2024,1888000,2,Live Oak Banking Company,10.4,120.0,8.0,Active,False,True,2026-06-30
"Accounting, tax & bookkeeping",541219,Other Accounting Services,"D&G Accounting, Llc",Colorado Springs,CO,2024-05-29,2024,945600,1,Rocky Mountain Bank and Trust,8.95,120.0,6.0,Active,False,False,2026-06-30
IT & software services,541513,Computer Facilities Management Services,"Itpartners, Llc",Grand Rapids,MI,2024-05-29,2024,1622500,2,The Huntington National Bank,10.5,120.0,9.0,Paid in full,False,True,2026-06-30
Advertising & marketing agencies,541810,Advertising Agencies,"Behan Enterprises, Llc",Ocala,FL,2024-05-30,2024,1667600,1,TowneBank,11.0,120.0,2.0,Active,False,False,2026-06-30
Insurance agencies,524210,Insurance Agencies and Brokerages,Zerpa Insurance Agency Llc,Corpus Christi,TX,2024-05-30,2024,645000,1,United Midwest Savings Bank National Association,11.25,110.0,2.0,Active,False,False,2026-06-30
"Accounting, tax & bookkeeping",541219,Other Accounting Services,"Dynamic Accounting, Llc",Fargo,ND,2024-05-31,2024,775000,1,Town and Country CU,8.25,120.0,13.0,Active,False,False,2026-06-30
"Accounting, tax & bookkeeping",541211,Offices of Certified Public Accountants,"Dynamic Accounting, Llc",Fargo,ND,2024-06-03,2024,100000,1,Town and Country CU,9.0,120.0,14.0,Active,True,True,2026-06-30
Insurance agencies,524210,Insurance Agencies and Brokerages,Simple Safe Insurance Agency Inc,Rosedale,NY,2024-06-03,2024,150000,1,Pathward National Association,11.25,120.0,2.0,Paid in full,False,False,2026-06-30
Financial advisors,523940,Portfolio Management and Investment Advice,"Everday Financial, Llc",Saint Louis,MO,2024-06-04,2024,2000000,1,Bank of Springfield,10.0,123.0,4.0,Active,False,False,2026-06-30
Architecture & engineering,541320,Landscape Architectural Services,Ganshert Landscapes Llc,Fitchburg,WI,2024-06-04,2024,2322000,1,Fortifi Bank,9.5,120.0,22.0,Active,False,False,2026-06-30
Insurance agencies,524210,Insurance Agencies and Brokerages,"Nick Plaisance Agencies, Inc.",Abbeville,LA,2024-06-05,2024,3385000,1,"Lake Forest Bank & Trust Company, National Association",8.95,120.0,19.0,Paid in full,False,False,2026-06-30
Advertising & marketing agencies,541890,Other Services Related to Advertising,Added Incentives Inc,Houston,TX,2024-06-06,2024,1834000,1,Fifth Third Bank,8.0,120.0,7.0,Active,False,False,2026-06-30
Architecture & engineering,541310,Architectural Services,"Jensen Design Architects, Inc.",Redmond,WA,2024-06-07,2024,200000,1,Washington Trust Bank,8.5,120.0,18.0,Active,True,True,2026-06-30
Architecture & engineering,541370,Surveying and Mapping (except Geophysical) Services,Survey Solutions Llc,Birmingham,AL,2024-06-07,2024,463500,1,Oakworth Capital Bank,8.65,120.0,8.0,Active,False,False,2026-06-30
Insurance agencies,524210,Insurance Agencies and Brokerages,"Toropoint Financial, Llc",Los Angeles,CA,2024-06-07,2024,4778000,1,FFB Bank,10.5,120.0,1.0,Active,False,False,2026-06-30
Advertising & marketing agencies,541810,Advertising Agencies,Forbis Productions Llc,San Antonio,TX,2024-06-10,2024,1926300,1,TowneBank,11.25,120.0,0.0,Active,False,False,2026-06-30
IT & software services,541519,Other Computer Related Services,Octavia Web Solutions Llc,St John,VI,2024-06-11,2024,1000000,1,HomeTrust Bank,10.5,120.0,2.0,Active,False,False,2026-06-30
IT & software services,541512,Computer Systems Design Services,Vantage Agora Inc.,Cleveland,OH,2024-06-12,2024,3987500,2,KeyBank National Association,10.5,120.0,15.0,Active,False,True,2026-06-30
Insurance agencies,524210,Insurance Agencies and Brokerages,Sig 2 Llc,Columbus,OH,2024-06-13,2024,720000,1,Telhio Credit Union Inc,11.0,120.0,13.0,Active,False,False,2026-06-30
Architecture & engineering,541330,Engineering Services,Tjt Communications Inc,Carlsbad,CA,2024-06-13,2024,755500,2,The Huntington National Bank,11.0,120.0,21.0,Active,False,True,2026-06-30
Insurance agencies,524210,Insurance Agencies and Brokerages,Allcare Insurance Services And Howe Insurance,Shelby,NC,2024-06-14,2024,500000,1,Live Oak Banking Company,9.71,120.0,5.0,Active,False,False,2026-06-30
"Accounting, tax & bookkeeping",541211,Offices of Certified Public Accountants,"Cpaso2, Llc",Lakewood,CO,2024-06-14,2024,1880000,1,Byline Bank,11.25,114.0,22.0,Active,False,False,2026-06-30
Advertising & marketing agencies,541860,Direct Mail Advertising,"Teg, Llc",Cedar Rapids,IA,2024-06-14,2024,675000,2,Live Oak Banking Company,10.5,120.0,2.0,Active,False,True,2026-06-30
Advertising & marketing agencies,541613,Marketing Consulting Services,Third Harbor Holdings Llc,Newport Beach,CA,2024-06-15,2024,1100000,1,Truliant FCU,10.75,120.0,2.0,Active,False,False,2026-06-30
IT & software services,541511,Custom Computer Programming Services,Emergencetek Group Inc.,Portland,OR,2024-06-18,2024,2890000,1,Pathward National Association,10.75,120.0,12.0,Active,False,False,2026-06-30
Management consulting,541611,Administrative Management and General Management Consulting Services,Metre Llc,Nashville,TN,2024-06-18,2024,1918900,2,The Huntington National Bank,10.0,120.0,6.0,Active,False,True,2026-06-30
Advertising & marketing agencies,541890,Other Services Related to Advertising,Triple Barrel Enterprises,Waveland,MS,2024-06-18,2024,420000,1,Hancock Whitney Bank,11.0,120.0,4.0,Active,False,False,2026-06-30
"Accounting, tax & bookkeeping",541211,Offices of Certified Public Accountants,Cadre Cpas And Advisors Llp,Kannapolis,NC,2024-06-21,2024,1445900,2,The Huntington National Bank,10.25,120.0,18.0,Active,False,True,2026-06-30
Architecture & engineering,541320,Landscape Architectural Services,"Herndon, Incorporated",Lugoff,SC,2024-06-21,2024,4750000,1,Pinnacle Bank,11.0,120.0,50.0,Active,False,False,2026-06-30
Financial advisors,523930,Investment Advice,Kingsview Newco Llc,Raleigh,NC,2024-06-21,2024,999000,1,The Fidelity Bank,11.0,120.0,1.0,Active,False,False,2026-06-30
Insurance agencies,524210,Insurance Agencies and Brokerages,Higgins Insurance Llc,Londonderry,NH,2024-06-24,2024,513000,1,United Midwest Savings Bank National Association,11.25,120.0,4.0,Active,False,False,2026-06-30
Architecture & engineering,541330,Engineering Services,Naden Engineering,Tempe,AZ,2024-06-24,2024,2612000,1,St. Louis Bank,11.25,120.0,15.0,Active,False,False,2026-06-30
Insurance agencies,524210,Insurance Agencies and Brokerages,The Carpenter Agency Llc,Bowling Green,KY,2024-06-24,2024,315000,1,United Midwest Savings Bank National Association,11.25,120.0,0.0,Active,False,False,2026-06-30
"Accounting, tax & bookkeeping",541211,Offices of Certified Public Accountants,Buckhorn Cfo Advisory Services Llc,Murtaugh,ID,2024-06-25,2024,355000,1,The Bank of Commerce,9.5,120.0,5.0,Active,False,False,2026-06-30
Insurance agencies,524210,Insurance Agencies and Brokerages,"J. Loos & Associates, Inc.",Raleigh,NC,2024-06-25,2024,100000,1,Live Oak Banking Company,9.99,120.0,1.0,Active,False,False,2026-06-30
Architecture & engineering,541320,Landscape Architectural Services,"Jls Landscape & Sprinkler, Inc.",Sedalia,CO,2024-06-25,2024,1605500,1,Beacon Bank and Trust,11.0,300.0,12.0,Active,False,False,2026-06-30
Financial advisors,523940,Portfolio Management and Investment Advice,Adaptfirst Investments Llc,Kernersville,NC,2024-06-26,2024,1300000,1,Live Oak Banking Company,9.69,120.0,1.0,Active,False,False,2026-06-30
Architecture & engineering,541320,Landscape Architectural Services,"Jls Landscape & Sprinkler, Inc.",Sedalia,CO,2024-06-26,2024,100000,1,Beacon Bank and Trust,11.0,120.0,12.0,Not yet disbursed,True,True,2026-06-30
Insurance agencies,524210,Insurance Agencies and Brokerages,Elite Benefits Of America,Evergreen Park,IL,2024-06-28,2024,980000,1,Live Oak Banking Company,9.87,120.0,2.0,Active,False,False,2026-06-30
Architecture & engineering,541320,Landscape Architectural Services,"Herndon, Incorporated",Lugoff,SC,2024-07-01,2024,250000,1,Pinnacle Bank,11.0,120.0,50.0,Active,True,True,2026-06-30
IT & software services,541519,Other Computer Related Services,Jlmg Enterprises Llc,Maryland Heights,MO,2024-07-01,2024,374000,1,The Bank of Houston,11.5,120.0,8.0,Active,False,False,2026-06-30
Advertising & marketing agencies,541613,Marketing Consulting Services,Mountain Media Mastery Llc,Colorado Springs,CO,2024-07-02,2024,435000,2,Northwest Bank,11.5,108.0,12.0,Active,False,True,2026-06-30
Insurance agencies,524210,Insurance Agencies and Brokerages,"Powderhorn Acquisition Company, Llc",Brookfield,CT,2024-07-09,2024,2281000,1,Live Oak Banking Company,9.54,120.0,14.0,Active,False,False,2026-06-30
Insurance agencies,524210,Insurance Agencies and Brokerages,"Trusummit Insurance Solutions, Llc",Concord,CA,2024-07-10,2024,755000,1,Live Oak Banking Company,9.73,120.0,1.0,Paid in full,False,False,2026-06-30
Insurance agencies,524210,Insurance Agencies and Brokerages,Veneziale Insurance Group Llc,Elizabeth City,NC,2024-07-10,2024,1781000,1,United Midwest Savings Bank National Association,11.25,120.0,7.0,Active,False,False,2026-06-30
"Accounting, tax & bookkeeping",541219,Other Accounting Services,Cap3,Wilmington,NC,2024-07-11,2024,3347000,1,First Internet Bank of Indiana,10.75,120.0,33.0,Active,False,False,2026-06-30
Insurance agencies,524210,Insurance Agencies and Brokerages,"Matthew Carter Agency, Inc",Dallas,GA,2024-07-11,2024,2730000,1,Live Oak Banking Company,9.79,120.0,5.0,Active,False,False,2026-06-30
IT & software services,541511,Custom Computer Programming Services,Twin Peaks Online Corporation,Oceanside,CA,2024-07-12,2024,2492000,1,The Huntington National Bank,10.0,120.0,8.0,Active,False,False,2026-06-30
Law firms,541110,Offices of Lawyers,"Russell L. O'Brien, Psc",Louisville,KY,2024-07-16,2024,1551300,1,Stock Yards Bank & Trust Company,7.5,120.0,12.0,Active,False,False,2026-06-30
Financial advisors,523940,Portfolio Management and Investment Advice,"Davis Capital Management, Llc",Shelby Township,MI,2024-07-19,2024,330000,1,Live Oak Banking Company,10.99,120.0,1.0,Active,False,False,2026-06-30
"Accounting, tax & bookkeeping",541211,Offices of Certified Public Accountants,Jcbra Llc,Boulder,CO,2024-07-19,2024,1626500,1,OakStar Bank,11.25,120.0,9.0,Active,False,False,2026-06-30
"Accounting, tax & bookkeeping",541211,Offices of Certified Public Accountants,"Paredes Cpa, Llc",Centennial,CO,2024-07-19,2024,258000,1,Fortis Bank,11.0,120.0,4.0,Active,False,False,2026-06-30
"Accounting, tax & bookkeeping",541211,Offices of Certified Public Accountants,Andrew S Lee Cpa Pllc,Annandale,VA,2024-07-22,2024,412000,1,"TD Bank, National Association",8.2,120.0,3.0,Paid in full,False,False,2026-06-30
IT & software services,541512,Computer Systems Design Services,"Endpoint I.T., Llc",Beaumont,TX,2024-07-23,2024,346100,1,First Financial Bank,10.5,120.0,4.0,Active,False,False,2026-06-30
Architecture & engineering,541360,Geophysical Surveying and Mapping Services,Jcb Surveying Llc,Chandler,AZ,2024-07-23,2024,555000,1,"22nd State Bank, A Division of 22nd State Banking Company",11.25,120.0,6.0,Active,False,False,2026-06-30
"Accounting, tax & bookkeeping",541219,Other Accounting Services,Llum Llc,Encino,CA,2024-07-23,2024,2560000,2,Banner Bank,10.25,120.0,21.0,Active,False,True,2026-06-30
Advertising & marketing agencies,541613,Marketing Consulting Services,"Digital Coefficient, Inc.",Sacramento,CA,2024-07-24,2024,450000,1,United Midwest Savings Bank National Association,11.25,120.0,2.0,Active,False,False,2026-06-30
Advertising & marketing agencies,541850,Indoor and Outdoor Display Advertising,"Em & Son’S 2, Inc",Tampa,FL,2024-07-24,2024,343000,1,Valley National Bank,10.5,120.0,6.0,Active,False,False,2026-06-30
Insurance agencies,524210,Insurance Agencies and Brokerages,Fidfam Insurance Llc,Gilbert,AZ,2024-07-26,2024,894000,1,First Bank of Central Ohio,10.75,120.0,8.0,Active,False,False,2026-06-30
"Accounting, tax & bookkeeping",541211,Offices of Certified Public Accountants,"Moore And Company, Pllc",Clifton,TX,2024-07-26,2024,440000,1,"SouthState Bank, National Association",8.75,120.0,4.0,Active,False,False,2026-06-30
Architecture & engineering,541330,Engineering Services,"Primordial Soup, Llc.",Saint Paul,MN,2024-07-26,2024,750000,1,Drake Bank,10.0,120.0,24.0,Active,False,False,2026-06-30
Management consulting,541611,Administrative Management and General Management Consulting Services,Aegispire Inc,Elk Grove,CA,2024-07-30,2024,174000,1,"VelocitySBA, LLC",11.25,120.0,4.0,Active,False,False,2026-06-30
Advertising & marketing agencies,541810,Advertising Agencies,"Coast To Coast Advertising, Inc.",New Albany,IN,2024-07-30,2024,182800,1,First Harrison Bank,10.0,120.0,4.0,Active,False,False,2026-06-30
Advertising & marketing agencies,541430,Graphic Design Services,Extreme Graphics Llc,Winter Garden,FL,2024-07-30,2024,1915000,1,First Internet Bank of Indiana,11.0,120.0,16.0,Active,False,False,2026-06-30
"Accounting, tax & bookkeeping",541211,Offices of Certified Public Accountants,Messer & Company Llc,Beaufort,SC,2024-07-30,2024,1376000,2,The Huntington National Bank,10.25,120.0,12.0,Active,False,True,2026-06-30
Architecture & engineering,541330,Engineering Services,"Murray Engineers, Inc.",Los Altos,CA,2024-07-30,2024,1000000,1,Redwood CU,10.75,120.0,22.0,Active,False,False,2026-06-30
Architecture & engineering,541380,Testing Laboratories and Services,Red Penny Anti-Doping Llc,New Braunfels,TX,2024-07-30,2024,403000,1,Security State Bank and Trust,10.0,120.0,6.0,Active,False,False,2026-06-30
Financial advisors,523940,Portfolio Management and Investment Advice,Antokal & Associates Llc,Park Ridge,NJ,2024-07-31,2024,275000,1,Live Oak Banking Company,9.99,120.0,0.0,Active,False,False,2026-06-30
"Accounting, tax & bookkeeping",541219,Other Accounting Services,Bav Accounting Solutions Llc,Milwaukee,WI,2024-07-31,2024,294800,1,Old National Bank,7.95,120.0,2.0,Active,False,False,2026-06-30
"Accounting, tax & bookkeeping",541211,Offices of Certified Public Accountants,Cannon Wright Blount Pllc,Memphis,TN,2024-08-01,2024,4350000,1,Paragon Bank,10.0,120.0,34.0,Active,False,False,2026-06-30
"Accounting, tax & bookkeeping",541211,Offices of Certified Public Accountants,Singletrack Group Llc,Steamboat Springs,CO,2024-08-01,2024,350000,1,Live Oak Banking Company,9.99,120.0,2.0,Active,False,False,2026-06-30
IT & software services,541519,Other Computer Related Services,"Ipquest Solutions, Llc",Norcross,GA,2024-08-02,2024,1720000,1,Georgia Banking Company,10.5,120.0,18.0,Active,False,False,2026-06-30
Advertising & marketing agencies,541810,Advertising Agencies,Madison Taylor Media Llc,Greenwood Village,CO,2024-08-05,2024,1283000,1,Live Oak Banking Company,10.0,120.0,10.0,Active,False,False,2026-06-30
"Accounting, tax & bookkeeping",541211,Offices of Certified Public Accountants,Lloyd & Hodge Pllc,Fort Worth,TX,2024-08-06,2024,1514000,1,Fifth Third Bank,8.0,120.0,0.0,Active,False,False,2026-06-30
Advertising & marketing agencies,541613,Marketing Consulting Services,"Solvelo, Inc.",Leesburg,FL,2024-08-06,2024,620000,1,United Midwest Savings Bank National Association,11.25,118.0,5.0,Active,False,False,2026-06-30
Advertising & marketing agencies,541613,Marketing Consulting Services,"Barnaby Ventures, Llc",Thorton,CO,2024-08-08,2024,1746000,1,Banc of California,8.5,120.0,30.0,Active,False,False,2026-06-30
"Accounting, tax & bookkeeping",541211,Offices of Certified Public Accountants,Easter Cpa Llc,Hilton Head Island,SC,2024-08-08,2024,730000,1,United Midwest Savings Bank National Association,10.75,123.0,5.0,Active,False,False,2026-06-30
IT & software services,541512,Computer Systems Design Services,Infinity Communications And Compliance Inc.,Bakersfield,CA,2024-08-09,2024,4415000,1,Live Oak Banking Company,9.65,120.0,33.0,Active,False,False,2026-06-30
Financial advisors,523940,Portfolio Management and Investment Advice,"Newbridge Wealth Management, Llc",Berwyn,PA,2024-08-09,2024,865000,1,Live Oak Banking Company,9.65,120.0,2.0,Active,False,False,2026-06-30
Insurance agencies,524210,Insurance Agencies and Brokerages,Taggart Development Llc,Blaine,MN,2024-08-12,2024,584000,1,"Alerus Financial, National Association",10.75,120.0,3.0,Active,False,False,2026-06-30
"Accounting, tax & bookkeeping",541211,Offices of Certified Public Accountants,"Dreher & Associates Cpa, P.A.",Punta Gorda,FL,2024-08-13,2024,1335000,1,Crews Bank and Trust,10.5,168.0,7.0,Active,False,False,2026-06-30
Advertising & marketing agencies,541613,Marketing Consulting Services,"Lepoidevin Marketing, Llc",Brookfield,WI,2024-08-13,2024,1415000,1,Truliant FCU,11.0,120.0,14.0,Active,False,False,2026-06-30
Architecture & engineering,541370,Surveying and Mapping (except Geophysical) Services,"Robertson & Associates Surveying, Inc",Tampa,FL,2024-08-13,2024,260000,1,Valley National Bank,10.5,120.0,12.0,Active,False,False,2026-06-30
IT & software services,541511,Custom Computer Programming Services,Technical Training Professionals Llc,Phoenix,AZ,2024-08-13,2024,3348200,1,Bell Bank,10.25,120.0,27.0,Active,False,False,2026-06-30
Advertising & marketing agencies,541870,Advertising Material Distribution Services,Dreffer Services Llc,Gainesville,FL,2024-08-15,2024,208000,1,Colony Bank,11.5,120.0,2.0,Active,False,False,2026-06-30
"Accounting, tax & bookkeeping",541213,Tax Preparation Services,Js Cpa Inc,Campbell,CA,2024-08-15,2024,473300,2,"U.S. Bank, National Association",8.92,120.0,2.0,Active,False,True,2026-06-30
Insurance agencies,524210,Insurance Agencies and Brokerages,"Aspen Insurance, Llc",Bradenton,FL,2024-08-16,2024,3450000,1,Pathward National Association,10.5,120.0,7.0,Active,False,False,2026-06-30
"Accounting, tax & bookkeeping",541219,Other Accounting Services,"Brito,Soberon & Associates, Inc",Hialeah,FL,2024-08-16,2024,1407000,1,Banesco USA,11.0,300.0,5.0,Active,False,False,2026-06-30
"Accounting, tax & bookkeeping",541211,Offices of Certified Public Accountants,Global Quantum Advisors Llc,El Portal,FL,2024-08-16,2024,1323400,1,University Bank,11.25,112.0,12.0,Active,False,False,2026-06-30
IT & software services,541519,Other Computer Related Services,"Itek Systems, Inc.",Eastlake,OH,2024-08-16,2024,254000,1,Banesco USA,11.5,120.0,7.0,Active,False,False,2026-06-30
Management consulting,541611,Administrative Management and General Management Consulting Services,Peacock Hill Consulting Incorporated,Durham,NC,2024-08-16,2024,829800,1,Gulf Coast Bank and Trust Company,11.25,120.0,3.0,Active,False,False,2026-06-30
"Accounting, tax & bookkeeping",541219,Other Accounting Services,"Red Rock Consulting And Tax, Llc",Lake Havasu City,AZ,2024-08-16,2024,2552000,1,Live Oak Banking Company,9.0,120.0,0.0,Active,False,False,2026-06-30
"Accounting, tax & bookkeeping",541211,Offices of Certified Public Accountants,"Snyder Accounting & Tax, Llc",Woodstock,GA,2024-08-16,2024,366500,1,Live Oak Banking Company,10.99,120.0,0.0,Active,False,False,2026-06-30
Insurance agencies,524210,Insurance Agencies and Brokerages,"Stillwater Risk Management I, Limited Liability Company",San Antonio,TX,2024-08-16,2024,2225000,1,United Midwest Savings Bank National Association,11.25,120.0,9.0,Active,False,False,2026-06-30
"Accounting, tax & bookkeeping",541211,Offices of Certified Public Accountants,"Verleye Park, Llc",Phoenix,AZ,2024-08-16,2024,500000,1,"U.S. Bank, National Association",8.75,120.0,5.0,Active,False,False,2026-06-30
Insurance agencies,524210,Insurance Agencies and Brokerages,Clear View Insurance Specialists,Saint Joseph,MO,2024-08-20,2024,485000,1,Live Oak Banking Company,10.99,120.0,6.0,Active,False,False,2026-06-30
"Accounting, tax & bookkeeping",541213,Tax Preparation Services,Rg Tax Enterprises Llc,Columbus,GA,2024-08-20,2024,370800,1,Colony Bank,11.25,120.0,1.0,Active,False,False,2026-06-30
Advertising & marketing agencies,541890,Other Services Related to Advertising,Successful Aging Llc,Biddeford,ME,2024-08-20,2024,25000,1,Norway Savings Bank,9.5,120.0,2.0,Active,True,True,2026-06-30
"Accounting, tax & bookkeeping",541211,Offices of Certified Public Accountants,Ams Cpas La Corp,Los Angeles,CA,2024-08-22,2024,1928000,1,United Midwest Savings Bank National Association,10.75,120.0,13.0,Paid in full,False,False,2026-06-30
Advertising & marketing agencies,541890,Other Services Related to Advertising,Successful Aging Llc,Biddeford,ME,2024-08-22,2024,135000,1,Norway Savings Bank,8.5,84.0,2.0,Active,False,False,2026-06-30
"Accounting, tax & bookkeeping",541211,Offices of Certified Public Accountants,Ft Tax Solutions Llc,Mount Clemens,MI,2024-08-26,2024,2331000,2,The Huntington National Bank,11.0,120.0,11.0,Active,False,True,2026-06-30
Architecture & engineering,541310,Architectural Services,Gregory Switzer Architecture P.C.,Montclair,NJ,2024-08-26,2024,580000,2,The Huntington National Bank,11.0,120.0,6.0,Active,False,True,2026-06-30
"Accounting, tax & bookkeeping",541213,Tax Preparation Services,Verafi Llc,Sarasota,FL,2024-08-27,2024,2315000,2,Live Oak Banking Company,9.49,120.0,3.0,Active,False,True,2026-06-30
"Accounting, tax & bookkeeping",541213,Tax Preparation Services,"West Coast Accounting And Tax, Inc.",Sarasota,FL,2024-08-27,2024,1988200,3,The Huntington National Bank,11.0,120.0,15.0,Active,False,True,2026-06-30
"Accounting, tax & bookkeeping",541219,Other Accounting Services,"Dr Accounting Services, Inc.",Sylva,NC,2024-08-28,2024,259000,1,Ameris Bank,11.5,120.0,0.0,Active,False,False,2026-06-30
Advertising & marketing agencies,541810,Advertising Agencies,Element World Ventures Llc,Saint Louis,MO,2024-08-29,2024,1602000,1,The Bank of Houston,11.0,120.0,15.0,Active,False,False,2026-06-30
"Accounting, tax & bookkeeping",541214,Payroll Services,Masspay Inc,Lafayette,IN,2024-08-30,2024,5000000,1,Live Oak Banking Company,9.5,119.0,98.0,Paid in full,False,False,2026-06-30
Architecture & engineering,541380,Testing Laboratories and Services,"Atlas Laboratories, Inc.",Portland,OR,2024-09-03,2024,2835000,1,KeyBank National Association,10.5,120.0,27.0,Active,False,False,2026-06-30
Advertising & marketing agencies,541810,Advertising Agencies,Pot O Gold Cinema Productions,North Port,FL,2024-09-03,2024,1106000,2,Live Oak Banking Company,10.5,120.0,2.0,Active,False,True,2026-06-30
IT & software services,541512,Computer Systems Design Services,Web Fire Communications Inc,Wichita Falls,TX,2024-09-03,2024,1901000,1,First Internet Bank of Indiana,11.25,120.0,26.0,Active,False,False,2026-06-30
Insurance agencies,524210,Insurance Agencies and Brokerages,"Dqs Enterprise, Llc",Buckeye,AZ,2024-09-05,2024,140000,1,Pathward National Association,11.25,120.0,2.0,Active,False,False,2026-06-30
IT & software services,541519,Other Computer Related Services,"Hospitality Control Solutions, Llc",Decatur,GA,2024-09-05,2024,4211200,1,"SouthState Bank, National Association",10.75,120.0,21.0,Active,False,False,2026-06-30
Advertising & marketing agencies,541860,Direct Mail Advertising,Nc Marketing Group Llc,Raleigh,NC,2024-09-05,2024,946000,1,TowneBank,10.5,120.0,3.0,Active,False,False,2026-06-30
IT & software services,541519,Other Computer Related Services,Pacific Computer Consultants Incorporated,Pittsburgh,PA,2024-09-05,2024,226500,1,Live Oak Banking Company,10.99,120.0,2.0,Active,False,False,2026-06-30
"Accounting, tax & bookkeeping",541211,Offices of Certified Public Accountants,Titan Tax Solutions Pc,Dearborn,MI,2024-09-05,2024,1535000,1,United Midwest Savings Bank National Association,10.5,120.0,9.0,Active,False,False,2026-06-30
IT & software services,541512,Computer Systems Design Services,Web Fire Communications Inc,Wichita Falls,TX,2024-09-05,2024,200000,1,First Internet Bank of Indiana,11.25,120.0,26.0,Active,True,True,2026-06-30
"Accounting, tax & bookkeeping",541211,Offices of Certified Public Accountants,Deland Accounting And Tax Llc,Deland,FL,2024-09-06,2024,290000,1,Live Oak Banking Company,10.99,120.0,3.0,Active,False,False,2026-06-30
"Accounting, tax & bookkeeping",541219,Other Accounting Services,Socalcloudcpa,San Diego,CA,2024-09-06,2024,257000,1,Live Oak Banking Company,11.99,120.0,2.0,Active,False,False,2026-06-30
"Accounting, tax & bookkeeping",541211,Offices of Certified Public Accountants,"Elida Craven Cpa, Pllc",Seguin,TX,2024-09-10,2024,150000,1,United Midwest Savings Bank National Association,11.25,120.0,2.0,Active,False,False,2026-06-30
Insurance agencies,524210,Insurance Agencies and Brokerages,Kindness Enterprises Llc,Las Vegas,NV,2024-09-10,2024,993400,1,GBank,10.5,120.0,7.0,Active,False,False,2026-06-30
Management consulting,541690,Other Scientific and Technical Consulting Services,"Communications Advisory Service, Inc.",Houston,TX,2024-09-12,2024,745000,2,"Zions Bank, A Division of",8.5,120.0,5.0,Active,False,True,2026-06-30
Advertising & marketing agencies,541810,Advertising Agencies,"Holdsworth & Nicholas, Inc.",San Antonio,TX,2024-09-12,2024,1152000,2,The Huntington National Bank,8.95,120.0,1.0,Active,False,True,2026-06-30
Insurance agencies,524210,Insurance Agencies and Brokerages,Gilbert Insurance Solutions Llc,Silverdale,WA,2024-09-14,2024,100000,1,Heritage Bank,11.0,120.0,2.0,Active,False,False,2026-06-30
IT & software services,541511,Custom Computer Programming Services,Givelify Llc,Indianapolis,IN,2024-09-16,2024,2900000,1,The Huntington National Bank,8.95,120.0,109.0,Active,False,False,2026-06-30
IT & software services,541519,Other Computer Related Services,"Netwize, Inc",Salt Lake City,UT,2024-09-16,2024,1364000,2,Live Oak Banking Company,9.5,120.0,17.0,Active,False,True,2026-06-30
"Accounting, tax & bookkeeping",541213,Tax Preparation Services,"Canty, Inc",San Francisco,CA,2024-09-17,2024,225000,1,Live Oak Banking Company,11.99,120.0,1.0,Active,False,False,2026-06-30
Advertising & marketing agencies,541613,Marketing Consulting Services,Csc Strategic Consulting Llc,Santa Barbara,CA,2024-09-17,2024,756000,1,First-Citizens Bank & Trust Company,11.0,121.0,2.0,Active,False,False,2026-06-30
IT & software services,541511,Custom Computer Programming Services,Blue Key It Services Llc,Mesa,AZ,2024-09-18,2024,1310000,1,Live Oak Banking Company,9.0,120.0,1.0,Active,False,False,2026-06-30
Law firms,541199,All Other Legal Services,Mcs Litigation Support Llc,St. Louis Park,MN,2024-09-18,2024,367600,1,Bell Bank,10.5,120.0,17.0,Active,False,False,2026-06-30
Management consulting,541611,Administrative Management and General Management Consulting Services,"Brydges Consulting, Llc",Middleton,WI,2024-09-19,2024,3957400,2,Old National Bank,8.25,120.0,45.0,Active,False,True,2026-06-30
Management consulting,541611,Administrative Management and General Management Consulting Services,"Cogent Solutions, Inc",Fredericksburg,VA,2024-09-21,2024,1168000,1,Bank of Clarke,10.5,120.0,6.0,Active,False,False,2026-06-30
Insurance agencies,524210,Insurance Agencies and Brokerages,Wynn Insurance Agency,San Jose,CA,2024-09-23,2024,2650000,1,Live Oak Banking Company,9.99,120.0,6.0,Active,False,False,2026-06-30
Financial advisors,523940,Portfolio Management and Investment Advice,"Bridgerland Financial Advisors, Llc",American Fork,UT,2024-09-24,2024,500000,1,Live Oak Banking Company,10.99,120.0,4.0,Active,False,False,2026-06-30
Advertising & marketing agencies,541613,Marketing Consulting Services,"Integrity Ventures, Llc",Corn,OK,2024-09-24,2024,1527500,1,Live Oak Banking Company,10.0,120.0,6.0,Paid in full,False,False,2026-06-30
Management consulting,541611,Administrative Management and General Management Consulting Services,"Ebiz Technology, L.L.C.",Wixom,MI,2024-09-26,2024,3522000,1,First Bank of Central Ohio,11.25,120.0,10.0,Active,False,False,2026-06-30
Insurance agencies,524210,Insurance Agencies and Brokerages,Integrity Personal Insurance,Mckinney,TX,2024-09-26,2024,130000,1,Live Oak Banking Company,10.99,120.0,20.0,Paid in full,False,False,2026-06-30
Architecture & engineering,541370,Surveying and Mapping (except Geophysical) Services,"Meridian Surveying Engineering, Inc.",San Francisco,CA,2024-09-26,2024,772000,1,CalPrivate Bank,11.0,120.0,10.0,Active,False,False,2026-06-30
Insurance agencies,524210,Insurance Agencies and Brokerages,Velox Insurance,Cedartown,GA,2024-09-26,2024,80000,1,"Newtek Bank, National Association",11.0,119.0,2.0,Active,False,False,2026-06-30
Management consulting,541611,Administrative Management and General Management Consulting Services,"Bolden, Newby & Sons Incorporated",Sumter,SC,2024-09-27,2024,4000000,2,Live Oak Banking Company,10.3,156.0,34.0,Active,False,True,2026-06-30
Advertising & marketing agencies,541870,Advertising Material Distribution Services,Qg Marketing Llc,Cleveland,OH,2024-09-27,2024,4400000,2,The Huntington National Bank,8.95,120.0,2.0,Active,False,True,2026-06-30
Management consulting,541690,Other Scientific and Technical Consulting Services,"Intelligent It, Llc",Salina,KS,2024-09-30,2024,125000,1,Community National Bank & Trust,9.5,120.0,1.0,Active,True,False,2026-06-30
"Accounting, tax & bookkeeping",541211,Offices of Certified Public Accountants,Klarvio Llc,Charlotte,NC,2024-09-30,2024,1190300,1,United Midwest Savings Bank National Association,10.5,112.0,5.0,Active,False,False,2026-06-30
"Accounting, tax & bookkeeping",541219,Other Accounting Services,"Better Ways Accounting & Tax, Llc",Phoenix,AZ,2024-10-01,2025,382000,1,Live Oak Banking Company,10.49,120.0,4.0,Active,False,False,2026-06-30
Architecture & engineering,541380,Testing Laboratories and Services,Can Enterprises Llc,Las Vegas,NV,2024-10-01,2025,114000,1,"Zions Bank, A Division of",7.75,120.0,10.0,Active,False,False,2026-06-30
Management consulting,541611,Administrative Management and General Management Consulting Services,Managed By Sherpas Llc,Davenport,FL,2024-10-01,2025,255000,1,Live Oak Banking Company,11.0,120.0,2.0,Active,False,False,2026-06-30
"Accounting, tax & bookkeeping",541219,Other Accounting Services,Number Nerds Inc.,San Diego,CA,2024-10-01,2025,504000,1,Celtic Bank Corporation,10.5,120.0,4.0,Active,False,False,2026-06-30
"Accounting, tax & bookkeeping",541219,Other Accounting Services,"Ascent Accounting & Tax, Llc",Port Angeles,WA,2024-10-02,2025,795000,1,Washington Trust Bank,9.0,120.0,7.0,Active,False,False,2026-06-30
Financial advisors,523940,Portfolio Management and Investment Advice,Thomas Financial Advisory Group,Pittsburgh,PA,2024-10-02,2025,965000,1,Live Oak Banking Company,9.25,120.0,3.0,Active,False,False,2026-06-30
"Accounting, tax & bookkeeping",541211,Offices of Certified Public Accountants,"Nomad Ledger, Llc",Charlotte,NC,2024-10-03,2025,445500,1,Mechanics and Farmers Bank,10.75,120.0,2.0,Active,False,False,2026-06-30
"Accounting, tax & bookkeeping",541211,Offices of Certified Public Accountants,"Abhishek Patel, Cpa, Pllc",Tomball,TX,2024-10-08,2025,340000,1,Live Oak Banking Company,10.49,120.0,1.0,Active,False,False,2026-06-30
Law firms,541110,Offices of Lawyers,"Bc Counselors At Law, Pllc",Grapevine,TX,2024-10-08,2025,308600,2,The Huntington National Bank,10.0,120.0,2.0,Active,False,True,2026-06-30
"Accounting, tax & bookkeeping",541219,Other Accounting Services,Gina'S Bookkeeping & Consulting Llc,Ashtabula,OH,2024-10-09,2025,475000,1,The Huntington National Bank,9.75,120.0,4.0,Active,False,False,2026-06-30
"Accounting, tax & bookkeeping",541219,Other Accounting Services,Ap Income Tax & Accounting Llc,Cedarburg,WI,2024-10-10,2025,405000,1,United Midwest Savings Bank National Association,10.25,120.0,3.0,Active,False,False,2026-06-30
"Accounting, tax & bookkeeping",541211,Offices of Certified Public Accountants,Clearpath Tax & Accounting Ii Llc,Overland Park,KS,2024-10-10,2025,669500,2,OakStar Bank,9.5,120.0,10.0,Active,False,False,2026-06-30
Insurance agencies,524210,Insurance Agencies and Brokerages,"Ethan P. Clark Insurance, Llc",Stratham,NH,2024-10-10,2025,976000,1,United Midwest Savings Bank National Association,10.75,120.0,2.0,Active,False,False,2026-06-30
"Accounting, tax & bookkeeping",541211,Offices of Certified Public Accountants,Sunbridge Advisory Llc,San Antonio,TX,2024-10-10,2025,811000,1,United Midwest Savings Bank National Association,10.0,120.0,6.0,Active,False,False,2026-06-30
IT & software services,541519,Other Computer Related Services,"Velocity Health, Llc",Southlake,TX,2024-10-10,2025,1090000,2,Live Oak Banking Company,10.0,120.0,4.0,Active,False,True,2026-06-30
Architecture & engineering,541330,Engineering Services,Entegra Solutions Pllc,Hegins,PA,2024-10-11,2025,410000,2,Tompkins Community Bank,10.0,120.0,5.0,Active,True,True,2026-06-30
Advertising & marketing agencies,541870,Advertising Material Distribution Services,High Ground Endeavors Inc.,Gastonia,NC,2024-10-14,2025,2970000,2,Live Oak Banking Company,9.35,147.0,37.0,Active,False,True,2026-06-30
Advertising & marketing agencies,541430,Graphic Design Services,Lakeside Signs And Graphics Llc,Austin,TX,2024-10-14,2025,289000,2,The Huntington National Bank,10.0,120.0,0.0,Active,False,True,2026-06-30
"Accounting, tax & bookkeeping",541219,Other Accounting Services,"Tax Edge, Inc.",Grand Junction,CO,2024-10-16,2025,667800,1,Celtic Bank Corporation,10.0,120.0,12.0,Active,False,False,2026-06-30
IT & software services,541512,Computer Systems Design Services,Electronic Strategies Inc,Indianapolis,IN,2024-10-17,2025,5000000,1,Stock Yards Bank & Trust Company,7.1,120.0,55.0,Active,False,False,2026-06-30
Advertising & marketing agencies,541613,Marketing Consulting Services,Hi-Per Inc.,White Bear Lake,MN,2024-10-17,2025,782400,1,VisionBank,8.0,120.0,5.0,Active,False,False,2026-06-30
Architecture & engineering,541330,Engineering Services,"R.C. Burdick & Associates P.E., P.P.",Point Pleasant Beach,NJ,2024-10-17,2025,75000,1,CIBC Bank USA,10.0,72.0,12.0,Active,True,True,2026-06-30
Management consulting,541611,Administrative Management and General Management Consulting Services,Sibanda Group Llc,Whiteland,IN,2024-10-18,2025,135000,1,"Flagship Enterprise Center, Inc. (dba Bankable)",12.0,84.0,12.0,Active,False,False,2026-06-30
IT & software services,541519,Other Computer Related Services,Plymouth Publishing Llc,Pleasant Grove,UT,2024-10-19,2025,1858500,1,"Zions Bank, A Division of",9.75,120.0,37.0,Active,False,False,2026-06-30
"Accounting, tax & bookkeeping",541211,Offices of Certified Public Accountants,"Manosh Singh, Cpa Inc.",Citris Heights,CA,2024-10-21,2025,482000,1,Banc of California,8.5,120.0,2.0,Active,False,False,2026-06-30
IT & software services,541519,Other Computer Related Services,"Bytagig Of Idaho, Llc",Boise,ID,2024-10-22,2025,1760000,1,Port 51 Lending LLC,11.0,120.0,4.0,Active,False,False,2026-06-30
"Accounting, tax & bookkeeping",541219,Other Accounting Services,Centerbridge Accounting And Tax Llc,Seattle,WA,2024-10-22,2025,525000,1,Heritage Bank,9.25,120.0,8.0,Active,False,False,2026-06-30
"Accounting, tax & bookkeeping",541211,Offices of Certified Public Accountants,The Bellish Group Inc,Warren,OH,2024-10-23,2025,815000,1,Celtic Bank Corporation,10.25,120.0,24.0,Paid in full,False,False,2026-06-30
"Accounting, tax & bookkeeping",541211,Offices of Certified Public Accountants,"Seattle Accounting Professionals, Llc",Seattle,WA,2024-10-24,2025,2075000,1,Live Oak Banking Company,9.75,120.0,8.0,Active,False,False,2026-06-30
Advertising & marketing agencies,541860,Direct Mail Advertising,Ultimate Direct Marketing Inc,Santa Monica,CA,2024-10-24,2025,430200,2,"U.S. Bank, National Association",7.5,119.0,1.0,Active,False,True,2026-06-30
"Accounting, tax & bookkeeping",541219,Other Accounting Services,Ea Tax And Accounting Llc,Manchester,NH,2024-10-28,2025,295000,1,Live Oak Banking Company,10.49,120.0,0.0,Active,False,False,2026-06-30
"Accounting, tax & bookkeeping",541213,Tax Preparation Services,Ellerra Llc,Palo Alto,CA,2024-10-28,2025,500000,1,Live Oak Banking Company,9.49,120.0,2.0,Active,False,False,2026-06-30
Financial advisors,523940,Portfolio Management and Investment Advice,"True Advisory Group, Llc",York,PA,2024-10-28,2025,406000,1,Live Oak Banking Company,9.49,120.0,2.0,Active,False,False,2026-06-30
IT & software services,541511,Custom Computer Programming Services,"Illumina Interactive, Inc.",Sharon,MA,2024-10-29,2025,992000,1,"SouthState Bank, National Association",10.5,120.0,7.0,Active,False,False,2026-06-30
"Accounting, tax & bookkeeping",541213,Tax Preparation Services,Leal Accounting & Tax Llc,Eureka,CA,2024-10-29,2025,345000,1,Live Oak Banking Company,12.5,120.0,2.0,Active,False,False,2026-06-30
"Accounting, tax & bookkeeping",541219,Other Accounting Services,Mtek Holding Corporation,Madison,MS,2024-10-29,2025,1118400,2,The Huntington National Bank,9.75,120.0,7.0,Active,False,True,2026-06-30
Architecture & engineering,541350,Building Inspection Services,Premier Property Inspections Llc,Greenville,SC,2024-10-29,2025,280000,1,Live Oak Banking Company,9.49,120.0,4.0,Active,False,False,2026-06-30
Architecture & engineering,541370,Surveying and Mapping (except Geophysical) Services,Meridian Surveying & Development,Tucson,AZ,2024-10-30,2025,100000,1,Live Oak Banking Company,10.75,120.0,10.0,Not yet disbursed,True,True,2026-06-30
"Accounting, tax & bookkeeping",541213,Tax Preparation Services,My Virtual Tax Shop Llc,Jurupa Valley,CA,2024-10-30,2025,465000,1,Live Oak Banking Company,11.0,120.0,6.0,Active,False,False,2026-06-30
Architecture & engineering,541370,Surveying and Mapping (except Geophysical) Services,Southwest Associates Llc,Tucson,AZ,2024-10-30,2025,1314000,1,Live Oak Banking Company,9.0,120.0,10.0,Active,False,False,2026-06-30
Law firms,541199,All Other Legal Services,Smoozie Holdings 1 Llc,Largo,FL,2024-10-31,2025,300000,1,BayFirst National Bank,10.25,120.0,2.0,Active,False,False,2026-06-30
Insurance agencies,524210,Insurance Agencies and Brokerages,"The Dustin Mcclain Group, Llc",Summerville,SC,2024-10-31,2025,125000,1,Live Oak Banking Company,10.49,120.0,0.0,Active,False,False,2026-06-30
Architecture & engineering,541330,Engineering Services,"Ae Group Mechanical Engineers, Inc",Ventura,CA,2024-11-01,2025,880000,1,Port 51 Lending LLC,10.5,120.0,2.0,Active,False,False,2026-06-30
Advertising & marketing agencies,541613,Marketing Consulting Services,"Hxp International Ltd., Llc",Cupertino,CA,2024-11-01,2025,302700,1,"Lendistry SBLC, LLC",12.5,120.0,14.0,Active,False,False,2026-06-30
"Accounting, tax & bookkeeping",541219,Other Accounting Services,"Augenblick & Co., P.C.",New Hope,PA,2024-11-04,2025,490000,1,Penn Community Bank,8.5,120.0,5.0,Active,False,False,2026-06-30
"Accounting, tax & bookkeeping",541211,Offices of Certified Public Accountants,Liberty Tax Service,Dallas,TX,2024-11-04,2025,105000,1,Live Oak Banking Company,10.49,120.0,10.0,Active,False,False,2026-06-30
Financial advisors,523940,Portfolio Management and Investment Advice,Trapp Financial Llc,Itasca,IL,2024-11-04,2025,305000,1,Live Oak Banking Company,10.49,120.0,0.0,Active,False,False,2026-06-30
Insurance agencies,524210,Insurance Agencies and Brokerages,By America Insurance Group Llc,Delray Beach,FL,2024-11-05,2025,582000,1,TowneBank,10.75,120.0,4.0,Active,False,False,2026-06-30
"Accounting, tax & bookkeeping",541219,Other Accounting Services,Golden Gates Financial Llc,Miami,FL,2024-11-05,2025,439400,1,The Huntington National Bank,10.5,120.0,1.0,Active,False,False,2026-06-30
Insurance agencies,524210,Insurance Agencies and Brokerages,"Eghav, Llc",Westminster,CO,2024-11-06,2025,1465000,1,Academy Bank National Association,9.0,120.0,8.0,Active,False,False,2026-06-30
"Accounting, tax & bookkeeping",541213,Tax Preparation Services,Accounting Professionals Network Inc.,Nashville,TN,2024-11-07,2025,2150000,1,Meridian Bank,9.5,120.0,31.0,Active,False,False,2026-06-30
Architecture & engineering,541330,Engineering Services,"R.C. Burdick & Associates P.E., P.P.",Point Pleasant Beach,NJ,2024-11-07,2025,319200,1,CIBC Bank USA,10.25,120.0,12.0,Active,False,False,2026-06-30
Financial advisors,523940,Portfolio Management and Investment Advice,"Stansell Wealth Planning, Llc",Plano,TX,2024-11-07,2025,876000,1,Associated Bank National Association,8.5,120.0,2.0,Active,False,False,2026-06-30
Insurance agencies,524210,Insurance Agencies and Brokerages,Kyle P. Lambert Insurance Agency Pllc,El Paso,TX,2024-11-08,2025,280000,1,Pathward National Association,10.75,120.0,7.0,Active,False,False,2026-06-30
"Accounting, tax & bookkeeping",541211,Offices of Certified Public Accountants,"Bi Accounting Services, Llc",Stafford,VA,2024-11-12,2025,445000,1,Live Oak Banking Company,10.49,120.0,1.0,Active,False,False,2026-06-30
"Accounting, tax & bookkeeping",541213,Tax Preparation Services,Wkb Accounting Llc,Sunrise,FL,2024-11-12,2025,100000,1,Live Oak Banking Company,10.49,120.0,1.0,Active,False,False,2026-06-30
"Accounting, tax & bookkeeping",541211,Offices of Certified Public Accountants,Aguirre & Co.,La Habra,CA,2024-11-13,2025,1221500,1,Banc of California,8.5,120.0,11.0,Active,False,False,2026-06-30
Advertising & marketing agencies,541890,Other Services Related to Advertising,Core4 Industries Llc,Pembroke Pines,FL,2024-11-13,2025,538000,1,Beacon Bank and Trust,10.75,120.0,6.0,Active,False,False,2026-06-30
IT & software services,541512,Computer Systems Design Services,"Endless Profits, Llc",Santa Rosa,CA,2024-11-13,2025,1341000,1,First Internet Bank of Indiana,10.5,120.0,2.0,Active,False,False,2026-06-30
Architecture & engineering,541330,Engineering Services,"Howard J Miller Consulting Engineers, Inc.",Port Saint Lucie,FL,2024-11-13,2025,100000,1,Live Oak Banking Company,9.85,120.0,2.0,Active,True,True,2026-06-30
"Accounting, tax & bookkeeping",541219,Other Accounting Services,Wealth Compass Tax & Accounting Inc.,Carlsbad,CA,2024-11-13,2025,950000,1,Live Oak Banking Company,9.91,120.0,7.0,Active,False,False,2026-06-30
"Accounting, tax & bookkeeping",541211,Offices of Certified Public Accountants,"Dwb Tax & Insurance Services, Llc",Williamstown,MA,2024-11-14,2025,385000,1,United Midwest Savings Bank National Association,10.0,120.0,6.0,Active,False,False,2026-06-30
Architecture & engineering,541330,Engineering Services,"Howard J Miller Consulting Engineers, Inc.",Port Saint Lucie,FL,2024-11-14,2025,635000,1,Live Oak Banking Company,9.85,120.0,2.0,Active,False,False,2026-06-30
"Accounting, tax & bookkeeping",541211,Offices of Certified Public Accountants,Katharos Business Advisors,Plano,TX,2024-11-18,2025,497500,1,Live Oak Banking Company,10.49,120.0,1.0,Active,False,False,2026-06-30
"Accounting, tax & bookkeeping",541213,Tax Preparation Services,Choi & Associates P.C.,San Diego,CA,2024-11-19,2025,1281000,1,First Business Bank,10.75,120.0,5.0,Active,False,False,2026-06-30
Advertising & marketing agencies,541613,Marketing Consulting Services,Hudson Capital Partners Llc,Dallas,TX,2024-11-19,2025,438600,1,The Huntington National Bank,10.75,120.0,12.0,Active,False,False,2026-06-30
IT & software services,541511,Custom Computer Programming Services,The Quipu Group Llc,Oceanside,CA,2024-11-19,2025,1995000,1,Byline Bank,10.75,120.0,7.0,Active,False,False,2026-06-30
Insurance agencies,524210,Insurance Agencies and Brokerages,"Sotelo Agency Group, Llc",Austin,TX,2024-11-20,2025,732500,1,Bankwell Bank,10.5,120.0,3.0,Active,False,False,2026-06-30
"Accounting, tax & bookkeeping",541219,Other Accounting Services,System Six Bookkeeping Llc,Seattle,WA,2024-11-20,2025,400000,1,Live Oak Banking Company,10.49,120.0,1.0,Active,False,False,2026-06-30
Management consulting,541618,Other Management Consulting Services,Interactive Forums Inc,Plymouth Meeting,PA,2024-11-21,2025,1260000,1,Stone Bank,9.75,120.0,20.0,Active,False,False,2026-06-30
"Accounting, tax & bookkeeping",541211,Offices of Certified Public Accountants,Acction Advisors Llc,Dallas,TX,2024-11-22,2025,1330000,2,United Midwest Savings Bank National Association,10.0,120.0,4.0,Active,False,False,2026-06-30
IT & software services,541519,Other Computer Related Services,"Nic Nola, Llc",Mandeville,LA,2024-11-22,2025,840000,1,Live Oak Banking Company,9.15,120.0,22.0,Active,False,False,2026-06-30
Architecture & engineering,541330,Engineering Services,Rls Enterprises,Branchburg,NJ,2024-11-22,2025,1705500,1,Celtic Bank Corporation,10.25,120.0,7.0,Active,False,False,2026-06-30
Law firms,541191,Title Abstract and Settlement Offices,Paradigm Title Llc,Martinsville,VA,2024-11-23,2025,945000,1,Truliant FCU,10.75,120.0,7.0,Active,False,False,2026-06-30
"Accounting, tax & bookkeeping",541219,Other Accounting Services,Pocketbooks Co.,Great Falls,MT,2024-11-25,2025,395000,1,Live Oak Banking Company,11.0,120.0,2.0,Active,False,False,2026-06-30
Architecture & engineering,541330,Engineering Services,"Brix Industries, Llc",Commerce City,CO,2024-11-26,2025,1570000,1,"SouthState Bank, National Association",8.75,120.0,15.0,Active,False,False,2026-06-30
IT & software services,541511,Custom Computer Programming Services,Autoraptor,Sarasota,FL,2024-11-27,2025,3050000,1,First Internet Bank of Indiana,10.75,120.0,10.0,Active,False,False,2026-06-30
"Accounting, tax & bookkeeping",541219,Other Accounting Services,Baa Lohrville Llc,Miami,FL,2024-11-27,2025,437800,1,Citizens Bank,10.25,120.0,1.0,Active,False,False,2026-06-30
"Accounting, tax & bookkeeping",541211,Offices of Certified Public Accountants,"Mitchell Tax & Bookkeeping Services, Inc.",Capistrano Beach,CA,2024-11-27,2025,906900,1,Banc of California,8.0,120.0,4.0,Active,False,False,2026-06-30
"Accounting, tax & bookkeeping",541211,Offices of Certified Public Accountants,Phillips Jd-Cpa Pllc,Wayland,MA,2024-11-27,2025,100000,1,Live Oak Banking Company,9.45,120.0,5.0,Active,True,True,2026-06-30
"Accounting, tax & bookkeeping",541211,Offices of Certified Public Accountants,Phillips Jd-Cpa Pllc,Wayland,MA,2024-11-29,2025,765000,1,Live Oak Banking Company,9.45,120.0,5.0,Active,False,False,2026-06-30
IT & software services,541512,Computer Systems Design Services,Ventive Llc,Boise,ID,2024-11-29,2025,2895000,1,Port 51 Lending LLC,10.75,120.0,8.0,Paid in full,False,False,2026-06-30
Law firms,541110,Offices of Lawyers,Brelje & Bus Immigration Law P.C.,Goodyear,AZ,2024-12-03,2025,417200,1,BMO Bank National Association,7.07,120.0,9.0,Active,False,False,2026-06-30
Management consulting,541620,Environmental Consulting Services,"Ihs Environmental Enterprises, Inc.",Carlsbad,CA,2024-12-03,2025,810000,1,CalPrivate Bank,10.5,120.0,5.0,Active,False,False,2026-06-30
"Accounting, tax & bookkeeping",541211,Offices of Certified Public Accountants,"Roman Wong And Company, Cpa, Pa",Fort Lauderdale,FL,2024-12-03,2025,348300,1,The Bancorp Bank National Association,9.0,120.0,3.0,Active,False,False,2026-06-30
"Accounting, tax & bookkeeping",541219,Other Accounting Services,Starkwise Tax Pc,Torrance,CA,2024-12-03,2025,219000,1,Live Oak Banking Company,11.24,120.0,1.0,Active,False,False,2026-06-30
IT & software services,541519,Other Computer Related Services,"Tranche Ii, Llc",Charlotte,NC,2024-12-03,2025,3046000,1,"T Bank, National Association",9.25,120.0,9.0,Active,False,False,2026-06-30
"Accounting, tax & bookkeeping",541213,Tax Preparation Services,"Jaffe, Yaffe, & Feingold P.C.",Worcester,MA,2024-12-04,2025,605000,1,Rockland Trust Company,6.74,84.0,8.0,Active,False,False,2026-06-30
Financial advisors,523940,Portfolio Management and Investment Advice,Peter M Augustine,Sparks,NV,2024-12-04,2025,354000,1,Live Oak Banking Company,10.24,120.0,1.0,Active,False,False,2026-06-30
"Accounting, tax & bookkeeping",541219,Other Accounting Services,Dunamis Holdings Corp.,Loveland,OH,2024-12-05,2025,2782500,2,The Huntington National Bank,7.99,120.0,3.0,Active,False,True,2026-06-30
Insurance agencies,524210,Insurance Agencies and Brokerages,Chris Elliott Insurance Agency Llc,Seattle,WA,2024-12-06,2025,763000,1,First Internet Bank of Indiana,10.25,120.0,6.0,Active,False,False,2026-06-30
"Accounting, tax & bookkeeping",541213,Tax Preparation Services,"Jaffe, Yaffe, & Feingold P.C.",Worcester,MA,2024-12-06,2025,250000,1,Rockland Trust Company,9.75,120.0,8.0,Active,True,True,2026-06-30
"Accounting, tax & bookkeeping",541219,Other Accounting Services,K.A.R.E. Bookkeeping & Accounting Services Llc,Tampa,FL,2024-12-09,2025,333000,1,"VelocitySBA, LLC",10.5,120.0,1.0,Active,False,False,2026-06-30
IT & software services,541511,Custom Computer Programming Services,Roundbrix Corporation,Laguna Hills,CA,2024-12-09,2025,1800000,1,The Huntington National Bank,7.99,120.0,11.0,Active,False,False,2026-06-30
Advertising & marketing agencies,541810,Advertising Agencies,Autocartel Texas Llc,Southlake,TX,2024-12-10,2025,553100,1,First Financial Bank,10.0,120.0,125.0,Active,False,False,2026-06-30
"Accounting, tax & bookkeeping",541211,Offices of Certified Public Accountants,"Jerrod Ragsdale, Cpa, Llc",Beaverton,OR,2024-12-10,2025,945000,1,Live Oak Banking Company,9.34,120.0,7.0,Active,False,False,2026-06-30
Advertising & marketing agencies,541613,Marketing Consulting Services,Lights On Digital,Honolulu,HI,2024-12-10,2025,1952000,2,Live Oak Banking Company,9.75,120.0,18.0,Active,False,True,2026-06-30
Advertising & marketing agencies,541810,Advertising Agencies,Sparky Nexus Llc,Loveland,CO,2024-12-11,2025,725000,1,Busey Bank,9.5,120.0,6.0,Active,False,False,2026-06-30
"Accounting, tax & bookkeeping",541211,Offices of Certified Public Accountants,"Vu Cpa, P.C.",Shrewsbury,MA,2024-12-12,2025,499900,1,Gulf Coast Bank and Trust Company,10.0,120.0,4.0,Active,False,False,2026-06-30
"Accounting, tax & bookkeeping",541219,Other Accounting Services,Akn Accounting,Salem,OR,2024-12-13,2025,500000,1,Live Oak Banking Company,10.24,120.0,1.0,Active,False,False,2026-06-30
Insurance agencies,524210,Insurance Agencies and Brokerages,"Lmh & Associates, Llc",Rockport,TX,2024-12-13,2025,125000,1,Live Oak Banking Company,10.25,120.0,1.0,Active,False,False,2026-06-30
"Accounting, tax & bookkeeping",541211,Offices of Certified Public Accountants,"May & Wood, Pc",San Mateo,CA,2024-12-16,2025,832600,1,"U.S. Bank, National Association",8.57,120.0,4.0,Active,False,False,2026-06-30
Law firms,541110,Offices of Lawyers,Burdge Law Office Co. Lpa,Dayton,OH,2024-12-17,2025,750000,2,The Huntington National Bank,9.75,120.0,9.0,Active,False,True,2026-06-30
Architecture & engineering,541310,Architectural Services,Cjb Architecture & Design Llc,O Fallon,MO,2024-12-17,2025,745000,1,Citizens Bank,10.0,120.0,4.0,Active,False,False,2026-06-30
Architecture & engineering,541330,Engineering Services,"Distinct Engineering Solutions, Inc.",North Brunswick,NJ,2024-12-17,2025,4487000,1,The Huntington National Bank,8.95,120.0,85.0,Active,False,False,2026-06-30
"Accounting, tax & bookkeeping",541211,Offices of Certified Public Accountants,Emcon Advisors Llc,Chesterfield,MO,2024-12-17,2025,250000,1,Live Oak Banking Company,10.24,120.0,2.0,Active,False,False,2026-06-30
"Accounting, tax & bookkeeping",541211,Offices of Certified Public Accountants,"Lasky & Company, Cpas Llp",Lynbrook,NY,2024-12-17,2025,1000000,1,Live Oak Banking Company,8.75,120.0,5.0,Active,False,False,2026-06-30
Advertising & marketing agencies,541910,Marketing Research and Public Opinion Polling,"The Bantam Group, Inc",Kennesaw,GA,2024-12-17,2025,1171800,1,"SouthState Bank, National Association",10.75,120.0,7.0,Active,False,False,2026-06-30
Law firms,541191,Title Abstract and Settlement Offices,"Wsp Legacy, Llc",Sac City,IA,2024-12-17,2025,405000,1,United Bank of Iowa,6.625,144.0,3.0,Active,False,False,2026-06-30
Management consulting,541618,Other Management Consulting Services,Deli Delicious Franchising Inc.,Fresno,CA,2024-12-18,2025,1700000,1,Port 51 Lending LLC,10.5,120.0,10.0,Active,False,False,2026-06-30
IT & software services,541519,Other Computer Related Services,It Goat,Dallas,TX,2024-12-19,2025,2335000,1,First Internet Bank of Indiana,10.5,120.0,21.0,Active,False,False,2026-06-30
Architecture & engineering,541330,Engineering Services,Memtech Acoustical Services,Rochester Hills,MI,2024-12-19,2025,200000,1,Bank of Ann Arbor,9.25,120.0,4.0,Active,True,True,2026-06-30
Management consulting,541611,Administrative Management and General Management Consulting Services,Therapy Practice Solutions Llc,Summerville,SC,2024-12-19,2025,405000,1,Port 51 Lending LLC,10.75,120.0,1.0,Active,False,False,2026-06-30
Architecture & engineering,541330,Engineering Services,"Allen & Major Associates, Inc.",Woburn,MA,2024-12-20,2025,4447500,1,Northern Bank and Trust Company,8.5,120.0,37.0,Active,False,False,2026-06-30
IT & software services,541519,Other Computer Related Services,Applied Keystone Technologies Inc.,Grantville,PA,2024-12-20,2025,1866000,1,Truliant FCU,10.5,120.0,28.0,Active,False,False,2026-06-30
"Accounting, tax & bookkeeping",541213,Tax Preparation Services,No Worries Tax Of Cape Coral Llc,Cape Coral,FL,2024-12-20,2025,768000,1,Waukesha State Bank,10.5,120.0,10.0,Active,False,False,2026-06-30
Architecture & engineering,541330,Engineering Services,Orion Engineering Pc,Baton Rouge,LA,2024-12-20,2025,1908500,1,The Huntington National Bank,10.25,120.0,121.0,Active,False,False,2026-06-30
"Accounting, tax & bookkeeping",541213,Tax Preparation Services,Rps Accounting & Tax Pc,Wilmington,NC,2024-12-20,2025,300000,1,North State Bank,10.5,120.0,2.0,Active,False,False,2026-06-30
IT & software services,541519,Other Computer Related Services,"Sensei Enterprises, Inc.",Fairfax,VA,2024-12-20,2025,300000,1,Manufacturers and Traders Trust Company,9.75,120.0,12.0,Not yet disbursed,True,True,2026-06-30
Insurance agencies,524210,Insurance Agencies and Brokerages,Tyler Andrew Agency Llc,Saint Petersburg,FL,2024-12-20,2025,2500000,2,Byline Bank,10.5,120.0,10.0,Active,False,False,2026-06-30
IT & software services,541519,Other Computer Related Services,Asc Group,Lilburn,GA,2024-12-23,2025,1504000,1,Mechanics and Farmers Bank,10.5,120.0,5.0,Active,False,False,2026-06-30
"Accounting, tax & bookkeeping",541211,Offices of Certified Public Accountants,Aspire Accounting Llc,West Bend,WI,2024-12-23,2025,990000,1,Waukesha State Bank,7.75,120.0,6.0,Active,False,False,2026-06-30
"Accounting, tax & bookkeeping",541211,Offices of Certified Public Accountants,"Bt Accounting And Financial Solutions, Llc",Fremont,NE,2024-12-23,2025,2360600,1,"U.S. Bank, National Association",7.0,127.0,14.0,Active,False,False,2026-06-30
Architecture & engineering,541330,Engineering Services,Egg Harbor Property Llc,Egg Harbor City,NJ,2024-12-23,2025,5000000,1,Hanover Community Bank,9.75,120.0,35.0,Active,False,False,2026-06-30
Architecture & engineering,541330,Engineering Services,Eglrk Ventures Llc,Idaho Falls,ID,2024-12-23,2025,15000,1,"Zions Bank, A Division of",12.5,120.0,26.0,Not yet disbursed,True,True,2026-06-30
"Accounting, tax & bookkeeping",541213,Tax Preparation Services,Ferrara Tax Group Llc,Robbinsville,NJ,2024-12-23,2025,404000,1,Live Oak Banking Company,10.24,120.0,1.0,Active,False,False,2026-06-30
"Accounting, tax & bookkeeping",541211,Offices of Certified Public Accountants,Forward Financial Tax Llc,Addison,TX,2024-12-23,2025,2031600,1,"U.S. Bank, National Association",7.55,120.0,2.0,Active,False,False,2026-06-30
IT & software services,541519,Other Computer Related Services,"Goldstone Partners, Llc",Erie,CO,2024-12-23,2025,360000,1,FirstBank,8.5,84.0,1.0,Active,False,False,2026-06-30
Insurance agencies,524210,Insurance Agencies and Brokerages,O'Brien Agency Inc.,Albany,OR,2024-12-23,2025,473000,1,Banner Bank,9.75,120.0,4.0,Active,False,False,2026-06-30
"Accounting, tax & bookkeeping",541219,Other Accounting Services,"Rain City Accounting And Finance, Pllc",Seattle,WA,2024-12-23,2025,675000,1,Banesco USA,10.5,120.0,1.0,Active,False,False,2026-06-30
Financial advisors,523940,Portfolio Management and Investment Advice,Rutar Financial Services Ltd,Maple Grove,MN,2024-12-23,2025,445000,1,Live Oak Banking Company,10.24,120.0,1.0,Active,False,False,2026-06-30
Law firms,541110,Offices of Lawyers,Smith & Eulo Law,Orlando,FL,2024-12-23,2025,4457000,1,First Internet Bank of Indiana,10.5,120.0,26.0,Active,False,False,2026-06-30
IT & software services,541519,Other Computer Related Services,Unlimited Office Solutions Llc,Carneys Point,NJ,2024-12-23,2025,1393000,1,First Resource Bank,10.5,120.0,15.0,Active,False,False,2026-06-30
"Accounting, tax & bookkeeping",541211,Offices of Certified Public Accountants,"Warnick Cpa Services, Llc",Munroe Falls,OH,2024-12-23,2025,425000,1,Live Oak Banking Company,10.24,120.0,2.0,Active,False,False,2026-06-30
"Accounting, tax & bookkeeping",541213,Tax Preparation Services,Mcpi Solution Cpa Inc,Yorba Linda,CA,2024-12-26,2025,608000,1,United Midwest Savings Bank National Association,10.0,120.0,3.0,Active,False,False,2026-06-30
"Accounting, tax & bookkeeping",541211,Offices of Certified Public Accountants,"Ohanesian & Associates, Cpa'S, P.C.",San Antonio,TX,2024-12-27,2025,764000,2,Live Oak Banking Company,9.25,120.0,3.0,Active,False,True,2026-06-30
"Accounting, tax & bookkeeping",541213,Tax Preparation Services,"Pacific Accountancy And Advisory, Pc",Simi Valley,CA,2024-12-27,2025,395000,1,Live Oak Banking Company,10.75,120.0,2.0,Active,False,False,2026-06-30
"Accounting, tax & bookkeeping",541219,Other Accounting Services,Santa Ynez Valley Tax Professionals Inc,Carpinteria,CA,2024-12-27,2025,500000,1,Live Oak Banking Company,8.55,120.0,4.0,Active,False,False,2026-06-30
Insurance agencies,524210,Insurance Agencies and Brokerages,The Kimball Group Llc,Spring,TX,2024-12-27,2025,500000,1,Live Oak Banking Company,10.24,120.0,13.0,Active,False,False,2026-06-30
Architecture & engineering,541320,Landscape Architectural Services,The Plant People Family Llc,Fort Worth,TX,2024-12-31,2025,1000000,1,The American National Bank of Texas,9.25,120.0,13.0,Active,False,False,2026-06-30
"Accounting, tax & bookkeeping",541211,Offices of Certified Public Accountants,"Ceart Cpa, Pllc",Livingston,MT,2025-01-02,2025,407000,1,Live Oak Banking Company,9.99,120.0,1.0,Active,False,False,2026-06-30
IT & software services,541519,Other Computer Related Services,Sentium Tech Llc,East Hartford,CT,2025-01-02,2025,725000,1,Live Oak Banking Company,9.0,120.0,7.0,Active,False,False,2026-06-30
"Accounting, tax & bookkeeping",541211,Offices of Certified Public Accountants,Marsico Financial,Valencia,PA,2025-01-03,2025,500000,1,Live Oak Banking Company,10.5,120.0,3.0,Active,False,False,2026-06-30
Insurance agencies,524210,Insurance Agencies and Brokerages,"Bazor Insurance Group, Llc",Marietta,OK,2025-01-06,2025,999000,1,Colony Bank,10.25,120.0,3.0,Active,False,False,2026-06-30
Architecture & engineering,541380,Testing Laboratories and Services,"C.K. Analytics, Inc.",Hampton,VA,2025-01-06,2025,945000,1,"Bank of America, National Association",6.94,120.0,14.0,Active,False,False,2026-06-30
Architecture & engineering,541330,Engineering Services,Memtech Acoustical Services,Rochester Hills,MI,2025-01-06,2025,637000,1,Bank of Ann Arbor,9.0,120.0,4.0,Active,False,False,2026-06-30
Architecture & engineering,541330,Engineering Services,"Sb&O, Inc.",San Diego,CA,2025-01-06,2025,4925000,1,Live Oak Banking Company,8.5,120.0,38.0,Active,False,False,2026-06-30
Management consulting,541618,Other Management Consulting Services,Third Equity Llc,Reno,NV,2025-01-06,2025,475000,1,Port 51 Lending LLC,10.0,120.0,5.0,Active,False,False,2026-06-30
"Accounting, tax & bookkeeping",541213,Tax Preparation Services,"Wch Acq, Llc",Tustin,CA,2025-01-07,2025,500000,1,Live Oak Banking Company,10.5,120.0,35.0,Active,False,False,2026-06-30
Architecture & engineering,541310,Architectural Services,"Hauser Architects, P.C.",Loveland,CO,2025-01-08,2025,1000000,1,Bank of Colorado,8.0,60.0,9.0,Active,False,False,2026-06-30
"Accounting, tax & bookkeeping",541211,Offices of Certified Public Accountants,"Yaeger Rsa, Llc, A Delaware Limited Liability Company",Brookfield,WI,2025-01-08,2025,1188000,1,Oak Bank,8.75,120.0,3.0,Active,False,False,2026-06-30
Advertising & marketing agencies,541890,Other Services Related to Advertising,"Olmsted Associates, Inc.",Flint,MI,2025-01-10,2025,311700,2,The Huntington National Bank,9.5,120.0,10.0,Active,False,True,2026-06-30
Financial advisors,523940,Portfolio Management and Investment Advice,Optimize Financial Inc.,Laguna Hills,CA,2025-01-10,2025,125000,1,Byline Bank,10.25,120.0,4.0,Active,True,False,2026-06-30
"Accounting, tax & bookkeeping",541211,Offices of Certified Public Accountants,"Dorner Cpa, Llc",Green Bay,WI,2025-01-14,2025,620900,2,Old National Bank,7.5,120.0,2.0,Active,False,True,2026-06-30
"Accounting, tax & bookkeeping",541211,Offices of Certified Public Accountants,"Nichols & Rainville Cpas, Pc",East Lansing,MI,2025-01-15,2025,400000,1,Capitol National Bank,7.75,120.0,8.0,Active,False,False,2026-06-30
"Accounting, tax & bookkeeping",541211,Offices of Certified Public Accountants,Rooted Tax Group Llc,Minneapolis,MN,2025-01-15,2025,720000,1,First Resource Bank,9.5,120.0,3.0,Active,False,False,2026-06-30
Management consulting,541611,Administrative Management and General Management Consulting Services,"Evergreen Counseling Support Services, Llc",Colorado Springs,CO,2025-01-16,2025,1850000,1,Byline Bank,10.25,120.0,5.0,Active,False,False,2026-06-30
"Accounting, tax & bookkeeping",541211,Offices of Certified Public Accountants,Nautilus Financials Llc,Fairview,TN,2025-01-16,2025,2109000,1,United Midwest Savings Bank National Association,9.75,120.0,13.0,Active,False,False,2026-06-30
Advertising & marketing agencies,541850,Indoor and Outdoor Display Advertising,Sebastian Green Products Inc,Glendora,CA,2025-01-16,2025,2500000,1,Meridian Bank,9.5,114.0,3.0,Active,False,False,2026-06-30
Insurance agencies,524210,Insurance Agencies and Brokerages,"Colonial Insurance Agency Nc, Llc",Hillsborough,NC,2025-01-17,2025,2630000,1,Bankwell Bank,10.0,120.0,3.0,Active,False,False,2026-06-30
Architecture & engineering,541330,Engineering Services,Project Control Engineering Llc,Algonac,MI,2025-01-17,2025,999000,2,Live Oak Banking Company,9.09,120.0,15.0,Active,False,True,2026-06-30
Insurance agencies,524210,Insurance Agencies and Brokerages,Jmas Insurance Agency Llc,New Port Richey,FL,2025-01-21,2025,1189000,1,Oconee State Bank,9.5,120.0,5.0,Active,False,False,2026-06-30
Advertising & marketing agencies,541890,Other Services Related to Advertising,Screenbroidery Llc,Noblesville,IN,2025-01-21,2025,2945000,1,Citizens State Bank of New Castle,8.75,120.0,63.0,Active,False,False,2026-06-30
"Accounting, tax & bookkeeping",541219,Other Accounting Services,Saginaw Valley Tax & Accounting Services Pc,Bay City,MI,2025-01-23,2025,100000,1,The Huntington National Bank,9.25,120.0,73.0,Active,True,True,2026-06-30
Insurance agencies,524210,Insurance Agencies and Brokerages,"Hargett Insurance Services,  Inc",Charlotte,NC,2025-01-24,2025,139000,1,Live Oak Banking Company,9.99,120.0,0.0,Active,False,False,2026-06-30
"Accounting, tax & bookkeeping",541219,Other Accounting Services,Saginaw Valley Tax & Accounting Services Pc,Bay City,MI,2025-01-24,2025,971700,1,The Huntington National Bank,7.6,192.0,73.0,Active,False,False,2026-06-30
Insurance agencies,524210,Insurance Agencies and Brokerages,Sarifa Insurance Brokers Inc,Miami,FL,2025-01-24,2025,370000,1,BayFirst National Bank,10.5,120.0,2.0,Active,False,False,2026-06-30
Financial advisors,523940,Portfolio Management and Investment Advice,"Thompson Financial Planning, Llc",Pittsburgh,PA,2025-01-24,2025,1110000,1,Live Oak Banking Company,8.75,120.0,1.0,Active,False,False,2026-06-30
IT & software services,541511,Custom Computer Programming Services,"Three Rivers Technologies, Inc.",Holmen,WI,2025-01-24,2025,1000000,1,Citizens State Bank of La Crosse,9.0,84.0,47.0,Active,False,False,2026-06-30
Advertising & marketing agencies,541810,Advertising Agencies,Tribalvision Marketing Llc,Boston,MA,2025-01-24,2025,4070000,2,The Huntington National Bank,8.5,120.0,31.0,Active,False,True,2026-06-30
Advertising & marketing agencies,541810,Advertising Agencies,156 Creative Llc,Grand Rapids,MI,2025-01-27,2025,3970000,2,Pathward National Association,9.75,120.0,2.0,Active,False,True,2026-06-30
"Accounting, tax & bookkeeping",541213,Tax Preparation Services,Galene Solutions Llc,Miami,FL,2025-01-27,2025,304000,2,The Huntington National Bank,10.0,120.0,5.0,Active,False,True,2026-06-30
Financial advisors,523940,Portfolio Management and Investment Advice,"Roq Solutions, Llc",Littleton,CO,2025-01-27,2025,385000,1,Byline Bank,10.5,120.0,10.0,Active,False,False,2026-06-30
"Accounting, tax & bookkeeping",541211,Offices of Certified Public Accountants,Lakeview Financial Services Llc,Chicago,IL,2025-01-28,2025,920200,1,Truliant FCU,10.0,120.0,4.0,Active,False,False,2026-06-30
Advertising & marketing agencies,541613,Marketing Consulting Services,Allegra Marketing Print Mail Houston-North,Houston,TX,2025-01-29,2025,925000,1,Live Oak Banking Company,9.0,120.0,7.0,Active,False,False,2026-06-30
Architecture & engineering,541330,Engineering Services,"Master Consulting Engineers, Inc.",Tampa,FL,2025-01-29,2025,500000,1,Live Oak Banking Company,9.25,120.0,27.0,Active,True,True,2026-06-30
Architecture & engineering,541330,Engineering Services,Ox Land Company,Boise,ID,2025-01-29,2025,2000000,1,Washington Trust Bank,7.75,120.0,16.0,Active,False,False,2026-06-30
Architecture & engineering,541330,Engineering Services,"Master Consulting Engineers, Inc.",Tampa,FL,2025-01-31,2025,2146000,1,Live Oak Banking Company,9.25,120.0,27.0,Active,False,False,2026-06-30
Management consulting,541611,Administrative Management and General Management Consulting Services,Oriel Llc,Brookfield,WI,2025-01-31,2025,3153600,1,Associated Bank National Association,8.0,120.0,22.0,Active,False,False,2026-06-30
Architecture & engineering,541330,Engineering Services,Ox Land Company,Boise,ID,2025-01-31,2025,200000,1,Washington Trust Bank,8.0,120.0,16.0,Active,True,True,2026-06-30
IT & software services,541513,Computer Facilities Management Services,Starfish Computer Corporation,North Olmsted,OH,2025-01-31,2025,500000,1,The Huntington National Bank,9.25,120.0,64.0,Active,True,True,2026-06-30
IT & software services,541513,Computer Facilities Management Services,Starfish Computer Corporation,North Olmsted,OH,2025-02-02,2025,1953000,1,The Huntington National Bank,7.6,156.0,64.0,Active,False,False,2026-06-30
"Accounting, tax & bookkeeping",541211,Offices of Certified Public Accountants,"Heroic Solutions Cpa Florida, Llc",Bradenton,FL,2025-02-03,2025,380000,1,Live Oak Banking Company,9.99,120.0,0.0,Active,False,False,2026-06-30
Advertising & marketing agencies,541890,Other Services Related to Advertising,Sophero Llc,Oklahoma City,OK,2025-02-03,2025,287600,1,"Bank of America, National Association",6.55,120.0,2.0,Active,False,False,2026-06-30
"Accounting, tax & bookkeeping",541211,Offices of Certified Public Accountants,Lake Norman Accountant,Cornelius,NC,2025-02-04,2025,750000,2,United Community Bank,9.5,120.0,6.0,Active,False,True,2026-06-30
Architecture & engineering,541360,Geophysical Surveying and Mapping Services,"Hawaii Geophysical Services, Llc",Honolulu,HI,2025-02-05,2025,935000,1,Central Pacific Bank,7.5,120.0,10.0,Active,False,False,2026-06-30
Financial advisors,523940,Portfolio Management and Investment Advice,Heritage Staffing Solutions Inc.,Gainesville,VA,2025-02-05,2025,205000,1,Live Oak Banking Company,9.99,120.0,3.0,Active,False,False,2026-06-30
Advertising & marketing agencies,541820,Public Relations Agencies,Rifeline Llc,Austin,TX,2025-02-05,2025,4500000,1,Sunflower Bank National Association,7.5,120.0,43.0,Active,False,False,2026-06-30
Advertising & marketing agencies,541820,Public Relations Agencies,"Rifeline, Llc",Austin,TX,2025-02-05,2025,500000,1,Sunflower Bank National Association,7.5,120.0,43.0,Not yet disbursed,True,True,2026-06-30
Architecture & engineering,541320,Landscape Architectural Services,Next Nature Llc,Youngstown,OH,2025-02-06,2025,455000,2,The Huntington National Bank,10.25,120.0,3.0,Active,False,True,2026-06-30
Insurance agencies,524210,Insurance Agencies and Brokerages,"Albright Family Insurance, Inc",Lafayette,IN,2025-02-11,2025,415000,1,Byline Bank,10.5,120.0,2.0,Active,False,False,2026-06-30
"Accounting, tax & bookkeeping",541211,Offices of Certified Public Accountants,Jeannot & Associates Inc.,Alpharetta,GA,2025-02-11,2025,360000,1,Georgia's Own Credit Union,9.5,120.0,14.0,Paid in full,False,False,2026-06-30
IT & software services,541512,Computer Systems Design Services,"Morningstar Software, Inc.",Spring,TX,2025-02-11,2025,100000,1,Live Oak Banking Company,9.5,120.0,0.0,Not yet disbursed,True,True,2026-06-30
Architecture & engineering,541330,Engineering Services,Water Solutions Inc.,Dillon,CO,2025-02-11,2025,360000,1,Busey Bank,9.5,120.0,6.0,Active,False,False,2026-06-30
IT & software services,541512,Computer Systems Design Services,"Morningstar Software, Inc.",Spring,TX,2025-02-12,2025,1072000,1,Live Oak Banking Company,9.5,120.0,0.0,Active,False,False,2026-06-30
IT & software services,541512,Computer Systems Design Services,"Multiversity Consulting, Llc",Salem,MA,2025-02-12,2025,999500,1,Live Oak Banking Company,9.0,120.0,2.0,Active,False,False,2026-06-30
Advertising & marketing agencies,541890,Other Services Related to Advertising,White Collar Media Llc,Alexandria,VA,2025-02-12,2025,3846300,1,"Readycap Lending, LLC",10.25,120.0,2.0,Active,False,False,2026-06-30
Architecture & engineering,541330,Engineering Services,Jaymarc Av,Kent,WA,2025-02-14,2025,3341000,1,First Internet Bank of Indiana,10.25,120.0,28.0,Active,False,False,2026-06-30
"Accounting, tax & bookkeeping",541211,Offices of Certified Public Accountants,"Huss Cpa, Llc",Fargo,ND,2025-02-17,2025,25000,1,Town and Country CU,8.5,120.0,3.0,Active,True,True,2026-06-30
"Accounting, tax & bookkeeping",541219,Other Accounting Services,"G2 Business Solutions, Llc",Fayetteville,NC,2025-02-18,2025,985000,1,Live Oak Banking Company,9.0,300.0,5.0,Active,False,False,2026-06-30
Architecture & engineering,541330,Engineering Services,Jaymarc Av,Kent,WA,2025-02-18,2025,200000,1,First Internet Bank of Indiana,10.25,120.0,28.0,Active,True,True,2026-06-30
Advertising & marketing agencies,541820,Public Relations Agencies,"Moon Holdings, Llc",New Orleans,LA,2025-02-18,2025,2000000,1,Live Oak Banking Company,9.5,120.0,16.0,Active,False,False,2026-06-30
IT & software services,541511,Custom Computer Programming Services,"Sai Business Solutions, Llc",Fulshear,TX,2025-02-18,2025,4200000,1,Byline Bank,10.25,120.0,40.0,Paid in full,False,False,2026-06-30
Insurance agencies,524210,Insurance Agencies and Brokerages,Gilbert And Sons,Cheyenne,WY,2025-02-19,2025,1455000,1,Riverstone Bank,7.75,120.0,7.0,Active,False,False,2026-06-30
Management consulting,541611,Administrative Management and General Management Consulting Services,"Cushnoc Group, Llc",Mason,OH,2025-02-21,2025,1685000,2,Live Oak Banking Company,8.5,120.0,23.0,Active,False,True,2026-06-30
Management consulting,541611,Administrative Management and General Management Consulting Services,"Heitech Services, Llc",Hyattsville,MD,2025-02-21,2025,4265000,2,Milestone Bank,10.25,120.0,194.0,Active,False,True,2026-06-30
"Accounting, tax & bookkeeping",541219,Other Accounting Services,Nc Business Group,Auburn,CA,2025-02-25,2025,950000,1,Live Oak Banking Company,9.0,120.0,4.0,Active,False,False,2026-06-30
IT & software services,541519,Other Computer Related Services,Preferred Data Corporation,High Point,NC,2025-02-25,2025,150000,1,Live Oak Banking Company,9.0,120.0,7.0,Not yet disbursed,True,True,2026-06-30
Advertising & marketing agencies,541613,Marketing Consulting Services,"714 Tcc, L.L.C.",Washington,UT,2025-02-26,2025,288000,1,"Zions Bank, A Division of",9.15,120.0,4.0,Active,False,False,2026-06-30
Financial advisors,523940,Portfolio Management and Investment Advice,"Willow Chute Financial, Llc",Benton,LA,2025-02-26,2025,500000,1,Live Oak Banking Company,10.5,120.0,2.0,Active,False,False,2026-06-30
Financial advisors,523940,Portfolio Management and Investment Advice,Grandview Wealth Management,Pittsburgh,PA,2025-02-27,2025,322000,1,Live Oak Banking Company,9.99,120.0,1.0,Active,False,False,2026-06-30
Advertising & marketing agencies,541810,Advertising Agencies,Koru & Ivy Llc,Roseville,CA,2025-02-27,2025,2610000,1,Live Oak Banking Company,8.5,120.0,27.0,Active,False,False,2026-06-30
Advertising & marketing agencies,541810,Advertising Agencies,Good Day On Tap Llc,Indianapolis,IN,2025-02-28,2025,1702900,1,Old National Bank,7.85,120.0,2.0,Active,False,False,2026-06-30
IT & software services,541519,Other Computer Related Services,Preferred Data Corporation,High Point,NC,2025-02-28,2025,1009000,1,Live Oak Banking Company,9.0,120.0,7.0,Active,False,False,2026-06-30
Advertising & marketing agencies,541810,Advertising Agencies,Good Day On Tap Llc,Indianapolis,IN,2025-03-02,2025,150000,1,Old National Bank,9.0,120.0,2.0,Active,True,True,2026-06-30
Insurance agencies,524210,Insurance Agencies and Brokerages,"Hws Enterprises, Inc",Brandon,MS,2025-03-03,2025,350000,1,Community Bank of Mississippi,8.5,60.0,5.0,Active,False,False,2026-06-30
"Accounting, tax & bookkeeping",541219,Other Accounting Services,"Certified Pro Advisors, Llc",Memphis,TN,2025-03-05,2025,616000,1,Live Oak Banking Company,9.5,120.0,7.0,Active,False,False,2026-06-30
IT & software services,541519,Other Computer Related Services,Crator L.L.C.,Jersey City,NJ,2025-03-05,2025,2400000,1,The Huntington National Bank,9.75,120.0,4.0,Active,False,False,2026-06-30
IT & software services,541519,Other Computer Related Services,Inteleventa Llc,North Las Vegas,NV,2025-03-05,2025,951500,1,Truliant FCU,10.25,120.0,6.0,Active,False,False,2026-06-30
Management consulting,541690,Other Scientific and Technical Consulting Services,Jm Investment Holdings Inc.,Flemington,NJ,2025-03-05,2025,3470000,1,"Bank of America, National Association",7.61,120.0,16.0,Active,False,False,2026-06-30
Advertising & marketing agencies,541430,Graphic Design Services,Signarama Tempe,Tempe,AZ,2025-03-05,2025,450000,1,Midwest Regional Bank,10.25,120.0,3.0,Active,False,False,2026-06-30
"Accounting, tax & bookkeeping",541211,Offices of Certified Public Accountants,"Skyriver Advisors, Pllc",Woodinville,WA,2025-03-05,2025,675000,1,Live Oak Banking Company,8.65,120.0,3.0,Active,False,False,2026-06-30
Insurance agencies,524210,Insurance Agencies and Brokerages,Goosehead Insurance - Peakview Agency,Denver,CO,2025-03-06,2025,500000,1,"Capital Bank, National Association",10.25,120.0,8.0,Active,False,False,2026-06-30
Architecture & engineering,541330,Engineering Services,"International Display Systems, Inc.",Moraine,OH,2025-03-06,2025,4500000,2,Live Oak Banking Company,8.55,120.0,35.0,Active,False,True,2026-06-30
"Accounting, tax & bookkeeping",541211,Offices of Certified Public Accountants,Lloyd & Hodge Pllc,Denton,TX,2025-03-06,2025,565000,1,Fifth Third Bank,7.5,120.0,0.0,Active,False,False,2026-06-30
"Accounting, tax & bookkeeping",541211,Offices of Certified Public Accountants,Veridian Cpas Pllc,Miami,FL,2025-03-06,2025,3112000,2,The Huntington National Bank,9.25,120.0,34.0,Active,False,True,2026-06-30
Insurance agencies,524210,Insurance Agencies and Brokerages,Jpc Agency Inc.,Bellbrook,OH,2025-03-07,2025,1380200,1,First Bank of the Lake,10.25,120.0,4.0,Active,False,False,2026-06-30
"Accounting, tax & bookkeeping",541211,Offices of Certified Public Accountants,"Lerman Sweeney & Company, Llp",Northbrook,IL,2025-03-07,2025,40000,1,Union National Bank,6.15,120.0,1.0,Active,True,False,2026-06-30
"Accounting, tax & bookkeeping",541211,Offices of Certified Public Accountants,Norco Cpas Limited Liability Company,Greeley,CO,2025-03-07,2025,650000,1,FMS Bank,7.5,120.0,11.0,Active,False,False,2026-06-30
Advertising & marketing agencies,541613,Marketing Consulting Services,Digital Coast Marketing Llc,Charleston,SC,2025-03-10,2025,1265000,1,First Internet Bank of Indiana,10.25,120.0,4.0,Active,False,False,2026-06-30
Advertising & marketing agencies,541820,Public Relations Agencies,"Crl Associates, Inc.",Denver,CO,2025-03-11,2025,500000,1,"Zions Bank, A Division of",9.0,120.0,10.0,Active,False,False,2026-06-30
IT & software services,541511,Custom Computer Programming Services,"Fly Holdings, Llc",Waxhaw,NC,2025-03-11,2025,4550000,1,Meridian Bank,9.5,120.0,4.0,Active,False,False,2026-06-30
IT & software services,541519,Other Computer Related Services,Linkitall Llc,Fredericksburg,VA,2025-03-11,2025,2533000,1,Truliant FCU,10.25,120.0,24.0,Active,False,False,2026-06-30
Management consulting,541618,Other Management Consulting Services,Reveal Risk Inc,Carmel,IN,2025-03-11,2025,1619000,2,The Huntington National Bank,9.5,120.0,19.0,Active,False,True,2026-06-30
"Accounting, tax & bookkeeping",541211,Offices of Certified Public Accountants,Norco Cpas Limited Liability Company,Greeley,CO,2025-03-12,2025,150000,1,FMS Bank,8.5,120.0,11.0,Active,True,True,2026-06-30
"Accounting, tax & bookkeeping",541211,Offices of Certified Public Accountants,"O'Reilly Strategic Group, Inc.",Watertown,MA,2025-03-12,2025,996000,1,FDIC - Community Bank & Trust-West Georgia,9.5,120.0,7.0,Active,False,False,2026-06-30
Law firms,541110,Offices of Lawyers,"The Hughes Law Firm, P.C.",Denver,CO,2025-03-12,2025,635000,2,The Huntington National Bank,10.0,120.0,13.0,Active,False,True,2026-06-30
Insurance agencies,524210,Insurance Agencies and Brokerages,"4P Rainbow, Llc",Tampa,FL,2025-03-13,2025,2500000,1,Bankwell Bank,9.75,120.0,6.0,Active,False,False,2026-06-30
Advertising & marketing agencies,541430,Graphic Design Services,Colorado Sign And Wraps Dba Colorado Signs And Graphics Dba Colorado Signs,Denver,CO,2025-03-13,2025,607000,1,"Lendistry SBLC, LLC",10.5,120.0,5.0,Active,False,False,2026-06-30
Management consulting,541611,Administrative Management and General Management Consulting Services,"Funk Futures, Llc.",Lafayette,CO,2025-03-13,2025,801000,2,First Internet Bank of Indiana,10.25,120.0,4.0,Active,False,True,2026-06-30
Insurance agencies,524210,Insurance Agencies and Brokerages,James Chantry,Citrus Heights,CA,2025-03-13,2025,450000,1,Byline Bank,10.5,120.0,1.0,Active,False,False,2026-06-30
IT & software services,541519,Other Computer Related Services,"Nic Ventura, Llc",Woodland Hills,CA,2025-03-13,2025,878000,1,Live Oak Banking Company,8.65,120.0,22.0,Active,False,False,2026-06-30
Insurance agencies,524210,Insurance Agencies and Brokerages,Storage Property Insurance Llc,Phoenix,AZ,2025-03-13,2025,1000000,1,Bell Bank,9.5,120.0,7.0,Active,False,False,2026-06-30
Architecture & engineering,541330,Engineering Services,"Virtual Energy Solutions, Inc.",Chicago,IL,2025-03-13,2025,923000,2,Fifth Third Bank,7.8,120.0,17.0,Active,False,True,2026-06-30
"Accounting, tax & bookkeeping",541211,Offices of Certified Public Accountants,"Douglas M. Smith & Company, Cpas",Fresno,CA,2025-03-18,2025,422000,1,Celtic Bank Corporation,10.0,120.0,8.0,Active,False,False,2026-06-30
Architecture & engineering,541330,Engineering Services,"Falcon Engineering, Inc.",Cary,NC,2025-03-18,2025,2766900,2,CIBC Bank USA,10.25,120.0,34.0,Active,False,True,2026-06-30
Insurance agencies,524210,Insurance Agencies and Brokerages,Johnston Insurance Agency Llc,Fort Worth,TX,2025-03-18,2025,104000,1,Live Oak Banking Company,9.99,120.0,3.0,Active,False,False,2026-06-30
Insurance agencies,524210,Insurance Agencies and Brokerages,"Plemons Agency, Llc",Tolland,CT,2025-03-18,2025,1435000,1,Bankwell Bank,10.0,120.0,6.0,Paid in full,False,False,2026-06-30
IT & software services,541511,Custom Computer Programming Services,West Roots Llc (Dba Maptive),Denver,CO,2025-03-18,2025,3000000,1,"Leader Bank, National Association",10.25,120.0,3.0,Active,False,False,2026-06-30
Advertising & marketing agencies,541613,Marketing Consulting Services,"Design Done Right, Inc.",Mckinney,TX,2025-03-19,2025,519000,1,First Internet Bank of Indiana,10.25,120.0,2.0,Active,False,False,2026-06-30
Financial advisors,523940,Portfolio Management and Investment Advice,"Mountain Range Wealth Management, Llc",Johnstown,CO,2025-03-20,2025,699000,1,Associated Bank National Association,7.92,120.0,1.0,Active,False,False,2026-06-30
Insurance agencies,524210,Insurance Agencies and Brokerages,Shimon Agency Group Inc.,Fresh Meadows,NY,2025-03-20,2025,627000,1,United Midwest Savings Bank National Association,10.0,120.0,2.0,Active,False,False,2026-06-30
"Accounting, tax & bookkeeping",541213,Tax Preparation Services,St Pete Bay Llc,Saint Petersburg,FL,2025-03-20,2025,327000,1,Hancock Whitney Bank,10.0,120.0,2.0,Active,False,False,2026-06-30
Architecture & engineering,541330,Engineering Services,Fba Engineering,Costa Mesa,CA,2025-03-21,2025,694500,2,Customers Bank,8.5,120.0,19.0,Active,False,True,2026-06-30
"Accounting, tax & bookkeeping",541213,Tax Preparation Services,Hill Coleman Enterprise Llc,Inlet Beach,FL,2025-03-21,2025,1498000,2,The Huntington National Bank,10.0,120.0,10.0,Active,False,True,2026-06-30
Management consulting,541618,Other Management Consulting Services,"Alagrants, Llc",Leeds,AL,2025-03-25,2025,460000,1,River Bank and Trust,10.0,120.0,2.0,Active,False,False,2026-06-30
"Accounting, tax & bookkeeping",541219,Other Accounting Services,Compound Advisory Partners Inc.,Teaneck,NJ,2025-03-25,2025,2238000,1,United Midwest Savings Bank National Association,9.0,120.0,1.0,Active,False,False,2026-06-30
Insurance agencies,524210,Insurance Agencies and Brokerages,"Fitzmaurice Family Enterprises, Inc.",Lansdale,PA,2025-03-25,2025,467000,1,Byline Bank,10.5,120.0,5.0,Active,False,False,2026-06-30
Insurance agencies,524210,Insurance Agencies and Brokerages,"Kellen Crawford Dba The Crawford Agency, Llc",Norman,OK,2025-03-25,2025,263000,1,Legacy Bank,8.5,120.0,9.0,Active,True,False,2026-06-30
Insurance agencies,524210,Insurance Agencies and Brokerages,"Sj Carroll Insurance And Financial Services, Llc",Bend,OR,2025-03-25,2025,685000,2,Byline Bank,10.25,120.0,5.0,Active,False,False,2026-06-30
Financial advisors,523940,Portfolio Management and Investment Advice,Alexander Seiji Potter,Milford,MI,2025-03-26,2025,900000,1,Live Oak Banking Company,8.85,120.0,2.0,Active,False,False,2026-06-30
Insurance agencies,524210,Insurance Agencies and Brokerages,"James & Nichole Agency, Inc.",Championsgate,FL,2025-03-26,2025,565000,1,Byline Bank,10.25,120.0,5.0,Active,False,False,2026-06-30
Architecture & engineering,541330,Engineering Services,"Kragon Space, Inc.",Albuquerque,NM,2025-03-26,2025,2837800,2,Primis Bank,10.5,120.0,7.0,Active,False,False,2026-06-30
Insurance agencies,524210,Insurance Agencies and Brokerages,"Robinson Legacy Partners, Llc.",Arlington,TX,2025-03-26,2025,1330000,1,Byline Bank,10.0,120.0,7.0,Active,False,False,2026-06-30
Advertising & marketing agencies,541820,Public Relations Agencies,Sandy Young Communications Inc.,San Diego,CA,2025-03-26,2025,641000,1,"CRF Small Business Loan Company, LLC",10.25,120.0,6.0,Active,False,False,2026-06-30
Advertising & marketing agencies,541810,Advertising Agencies,"Tj Mill, Inc",Coralville,IA,2025-03-26,2025,156000,2,Farmers and Merchants Savings Bank,9.25,120.0,3.0,Active,False,True,2026-06-30
Management consulting,541611,Administrative Management and General Management Consulting Services,"Venue, Llc",Tampa,FL,2025-03-26,2025,312000,1,DFCU Financial,10.0,120.0,6.0,Active,False,False,2026-06-30
Management consulting,541620,Environmental Consulting Services,"Emerald, Inc.",Swansea,SC,2025-03-31,2025,2184000,1,"SouthState Bank, National Association",9.5,120.0,9.0,Active,False,False,2026-06-30
Insurance agencies,524210,Insurance Agencies and Brokerages,"Robinson Legacy Partners, Llc.",Arlington,TX,2025-04-02,2025,150000,1,Byline Bank,10.0,120.0,7.0,Active,True,False,2026-06-30
IT & software services,541511,Custom Computer Programming Services,"Truth Web Design, Llc",Hurst,TX,2025-04-03,2025,3000200,1,"T Bank, National Association",10.25,120.0,4.0,Active,False,False,2026-06-30
Advertising & marketing agencies,541810,Advertising Agencies,Bbig Communications Inc.,Dallas,TX,2025-04-04,2025,4936000,1,First Internet Bank of Indiana,10.0,120.0,16.0,Active,False,False,2026-06-30
IT & software services,541519,Other Computer Related Services,"Ons Computer & It Solutions,  Inc.",Ellicott City,MD,2025-04-04,2025,850000,1,Live Oak Banking Company,8.0,120.0,16.0,Active,False,False,2026-06-30
Advertising & marketing agencies,541810,Advertising Agencies,"Gray Street, Llc",Charlotte,NC,2025-04-08,2025,575000,2,Live Oak Banking Company,9.25,120.0,2.0,Active,False,True,2026-06-30
Architecture & engineering,541330,Engineering Services,Hanover Engineering Associates Inc,Bethlehem,PA,2025-04-08,2025,2072000,1,Truist Bank,9.25,120.0,61.0,Active,False,False,2026-06-30
"Accounting, tax & bookkeeping",541213,Tax Preparation Services,"Bookkeep Us, Inc",Richmond Hill,NY,2025-04-15,2025,275000,1,Live Oak Banking Company,9.99,120.0,0.0,Active,False,False,2026-06-30
Advertising & marketing agencies,541810,Advertising Agencies,Ideas That Kick,Minneapolis,MN,2025-04-15,2025,3695000,2,Tradition Capital Bank,9.5,120.0,20.0,Active,False,True,2026-06-30
Insurance agencies,524210,Insurance Agencies and Brokerages,"Smarterhsa, Llc",Chanhassen,MN,2025-04-15,2025,430700,1,Old National Bank,7.99,120.0,1.0,Active,False,False,2026-06-30
Insurance agencies,524210,Insurance Agencies and Brokerages,Swenson Insurance Agency L.L.C.,Long Lake,MN,2025-04-15,2025,1913000,2,The Huntington National Bank,7.99,120.0,19.0,Active,False,True,2026-06-30
"Accounting, tax & bookkeeping",541211,Offices of Certified Public Accountants,Falowski & Castillo Accounting Group Pa,West Palm Beach,FL,2025-04-17,2025,385000,1,Seacoast National Bank,9.5,120.0,5.0,Active,False,False,2026-06-30
Management consulting,541611,Administrative Management and General Management Consulting Services,"Pivotal Advisors, Llc",Prior Lake,MN,2025-04-18,2025,2639300,1,CCFBank National Association,8.75,120.0,16.0,Active,False,False,2026-06-30
Management consulting,541690,Other Scientific and Technical Consulting Services,Tbg Services Llc,Carmel,IN,2025-04-21,2025,3880000,2,Horizon Bank,7.75,120.0,46.0,Active,False,True,2026-06-30
Architecture & engineering,541330,Engineering Services,"Robert Miner Dynamic Testing, Inc.",White Salmon,WA,2025-04-22,2025,564000,1,First-Citizens Bank & Trust Company,8.25,120.0,8.0,Active,False,False,2026-06-30
Management consulting,541611,Administrative Management and General Management Consulting Services,"Simple A, Llc",Austin,TX,2025-04-22,2025,327000,1,Live Oak Banking Company,10.99,120.0,0.0,Active,False,False,2026-06-30
IT & software services,541512,Computer Systems Design Services,"Virtus Technology Solutions, Inc",Reston,VA,2025-04-22,2025,1555000,1,Manufacturers and Traders Trust Company,9.5,120.0,17.0,Active,False,False,2026-06-30
Management consulting,541618,Other Management Consulting Services,"Enlighten Financial, Llc",Portland,OR,2025-04-23,2025,1711000,2,"Capital Bank, National Association",9.75,120.0,18.0,Active,False,True,2026-06-30
Insurance agencies,524210,Insurance Agencies and Brokerages,Simple Safe Insurance Agency Inc,Dallas,TX,2025-04-23,2025,745000,1,Live Oak Banking Company,8.86,120.0,2.0,Active,False,False,2026-06-30
Insurance agencies,524210,Insurance Agencies and Brokerages,"James & Nichole Agency, Inc.",Championsgate,FL,2025-04-24,2025,100000,1,Byline Bank,10.25,120.0,5.0,Active,True,True,2026-06-30
IT & software services,541512,Computer Systems Design Services,"Redwood Strategy Group, Inc.",Aldie,VA,2025-04-24,2025,1518000,1,Pinnacle Bank,9.75,120.0,47.0,Active,False,False,2026-06-30
Insurance agencies,524210,Insurance Agencies and Brokerages,Pdi Co Llc,Parker,CO,2025-04-27,2025,395300,1,"Zions Bank, A Division of",7.5,120.0,1.0,Active,False,False,2026-06-30
IT & software services,541519,Other Computer Related Services,Tardigrade Group Llc,Saint Cloud,MN,2025-04-28,2025,688000,1,Falcon National Bank,9.75,120.0,3.0,Active,False,False,2026-06-30
Advertising & marketing agencies,541890,Other Services Related to Advertising,Pevux Group L.L.C.,San Diego,CA,2025-04-29,2025,268000,1,Byline Bank,10.25,120.0,6.0,Active,False,False,2026-06-30
Management consulting,541611,Administrative Management and General Management Consulting Services,Riverbend Company Llc,Bryn Mawr,PA,2025-04-29,2025,2645800,2,The Huntington National Bank,9.25,120.0,21.0,Active,False,True,2026-06-30
"Accounting, tax & bookkeeping",541213,Tax Preparation Services,Jsl Accounting And Tax Llc,North Canton,OH,2025-04-30,2025,610000,2,The Huntington National Bank,9.75,120.0,4.0,Active,False,True,2026-06-30
Advertising & marketing agencies,541430,Graphic Design Services,Kendall Sign Co.,Elgin,IL,2025-04-30,2025,749500,1,Pathward National Association,9.75,120.0,6.0,Active,False,False,2026-06-30
Insurance agencies,524210,Insurance Agencies and Brokerages,"Terrell Starr Insurance Agency, Inc.",Forest Park,GA,2025-04-30,2025,1949400,1,Renasant Bank,9.0,120.0,3.0,Active,False,False,2026-06-30
"Accounting, tax & bookkeeping",541219,Other Accounting Services,Metropractice,Rockville,MD,2025-05-02,2025,3206000,2,First Internet Bank of Indiana,10.0,120.0,1.0,Active,False,True,2026-06-30
"Accounting, tax & bookkeeping",541219,Other Accounting Services,Jdk2 Llc,Lafayette,CA,2025-05-06,2025,765000,1,Live Oak Banking Company,9.25,120.0,4.0,Active,False,False,2026-06-30
Architecture & engineering,541330,Engineering Services,Marcorsen Engineering,South Jordan,UT,2025-05-06,2025,65000,1,Live Oak Banking Company,9.99,120.0,2.0,Active,False,False,2026-06-30
Architecture & engineering,541330,Engineering Services,"Mesa3, Inc.",San Jose,CA,2025-05-07,2025,150000,1,Live Oak Banking Company,10.25,120.0,17.0,Active,True,True,2026-06-30
Advertising & marketing agencies,541810,Advertising Agencies,Adrenaline Media,Summerville,SC,2025-05-08,2025,661000,1,First Internet Bank of Indiana,9.75,120.0,8.0,Active,False,False,2026-06-30
Management consulting,541611,Administrative Management and General Management Consulting Services,"Bridgeview Legacy Holdings, Inc.",Raleigh,NC,2025-05-08,2025,4000000,1,"Leader Bank, National Association",9.75,120.0,15.0,Active,False,False,2026-06-30
Architecture & engineering,541330,Engineering Services,"Mesa3, Inc.",San Jose,CA,2025-05-08,2025,2100000,1,Live Oak Banking Company,9.75,120.0,17.0,Active,False,False,2026-06-30
"Accounting, tax & bookkeeping",541211,Offices of Certified Public Accountants,"Franklin Financial, Llc",Louisville,TN,2025-05-09,2025,440000,1,Meridian Bank,9.5,120.0,5.0,Active,False,False,2026-06-30
Architecture & engineering,541330,Engineering Services,"Langford Engineering, Inc.",Houston,TX,2025-05-12,2025,1550000,1,Gulf Capital Bank,9.75,120.0,15.0,Active,False,False,2026-06-30
"Accounting, tax & bookkeeping",541214,Payroll Services,"Thomas P. Finucane & Associates, Inc.",Cleveland,OH,2025-05-12,2025,1570000,1,First National Bank of Pennsylvania,8.67,120.0,9.0,Active,False,False,2026-06-30
Advertising & marketing agencies,541613,Marketing Consulting Services,Drive Motorsports International,New Orleans,LA,2025-05-13,2025,633000,1,First Internet Bank of Indiana,10.25,120.0,4.0,Active,False,False,2026-06-30
Architecture & engineering,541330,Engineering Services,"Ejc Systems, Inc.",Newfoundland,NJ,2025-05-13,2025,644600,1,Banesco USA,10.5,120.0,2.0,Active,False,False,2026-06-30
"Accounting, tax & bookkeeping",541219,Other Accounting Services,"Savient Management, Llc",Charlotte,NC,2025-05-13,2025,425000,2,The Huntington National Bank,9.5,120.0,2.0,Active,False,True,2026-06-30
IT & software services,541511,Custom Computer Programming Services,"Etchasoft, Incorporated",Jacksonville,FL,2025-05-14,2025,1870500,2,The Huntington National Bank,7.99,120.0,14.0,Active,False,True,2026-06-30
"Accounting, tax & bookkeeping",541211,Offices of Certified Public Accountants,Jtjl Latshaw Group Llc,North Chesterfield,VA,2025-05-14,2025,1515000,1,United Midwest Savings Bank National Association,9.5,120.0,12.0,Active,False,False,2026-06-30
Insurance agencies,524210,Insurance Agencies and Brokerages,"Robinson Insurance, Inc.",Indialantic,FL,2025-05-14,2025,2339000,1,First-Citizens Bank & Trust Company,9.0,120.0,9.0,Active,False,False,2026-06-30
Management consulting,541620,Environmental Consulting Services,American River Environmental,Placerville,CA,2025-05-15,2025,565000,1,First-Citizens Bank & Trust Company,9.0,120.0,12.0,Active,False,False,2026-06-30
Advertising & marketing agencies,541430,Graphic Design Services,Jeff Braun Creative Llc,Saint Charles,MO,2025-05-15,2025,67500,1,First Community Credit Union,8.5,120.0,2.0,Active,False,False,2026-06-30
IT & software services,541513,Computer Facilities Management Services,Safetynet It Llc,Cedar Park,TX,2025-05-15,2025,3670000,1,First Internet Bank of Indiana,10.25,120.0,5.0,Active,False,False,2026-06-30
"Accounting, tax & bookkeeping",541219,Other Accounting Services,"Money Maven, Llc",Severance,CO,2025-05-16,2025,896600,1,BayFirst National Bank,10.5,120.0,2.0,Active,False,False,2026-06-30
"Accounting, tax & bookkeeping",541211,Offices of Certified Public Accountants,Daniels Centraloffice Llc,Woodstock,IL,2025-05-19,2025,613000,1,Fifth Third Bank,7.25,120.0,5.0,Active,False,False,2026-06-30
IT & software services,541519,Other Computer Related Services,Link Helpers,Chandler,AZ,2025-05-19,2025,1272000,1,St. Louis Bank,10.25,120.0,6.0,Active,False,False,2026-06-30
Insurance agencies,524210,Insurance Agencies and Brokerages,Mang Family Insurance Llc,Youngstown,OH,2025-05-19,2025,500000,1,Live Oak Banking Company,10.5,120.0,3.0,Active,False,False,2026-06-30
Insurance agencies,524210,Insurance Agencies and Brokerages,Alex Cabrera Agency Inc.,Islip Terrace,NY,2025-05-20,2025,1520000,2,Byline Bank,10.25,120.0,4.0,Active,False,True,2026-06-30
IT & software services,541512,Computer Systems Design Services,Coaxis Hosting Inc.,Tallahassee,FL,2025-05-20,2025,1842500,1,The Huntington National Bank,9.5,120.0,10.0,Active,False,False,2026-06-30
Insurance agencies,524210,Insurance Agencies and Brokerages,Jeniffer Zellner,Southaven,MS,2025-05-20,2025,795000,1,Byline Bank,10.25,120.0,6.0,Active,False,False,2026-06-30
Insurance agencies,524210,Insurance Agencies and Brokerages,Johnson & Jewell Inc.,Freeport,IL,2025-05-20,2025,1102000,1,First Bank of the Lake,9.75,120.0,4.0,Active,False,False,2026-06-30
"Accounting, tax & bookkeeping",541213,Tax Preparation Services,M2 Bookkeeping Llc,Las Vegas,NV,2025-05-20,2025,904000,1,Pathward National Association,9.5,120.0,3.0,Active,False,False,2026-06-30
IT & software services,541512,Computer Systems Design Services,"Virtus Technology Solutions, Inc",Reston,VA,2025-05-20,2025,100000,1,Manufacturers and Traders Trust Company,9.5,120.0,17.0,Paid in full,True,True,2026-06-30
Architecture & engineering,541370,Surveying and Mapping (except Geophysical) Services,Forever Farm Properties Llc,Ormond Beach,FL,2025-05-21,2025,1550200,1,FDIC - Community Bank & Trust-West Georgia,9.75,300.0,9.0,Active,False,False,2026-06-30
IT & software services,541511,Custom Computer Programming Services,Interstride Llc,Austin,TX,2025-05-21,2025,1650000,1,Live Oak Banking Company,8.5,120.0,2.0,Active,False,False,2026-06-30
IT & software services,541511,Custom Computer Programming Services,Linkflow Llc,Pasadena,CA,2025-05-21,2025,1309000,1,FDIC - Community Bank & Trust-West Georgia,9.75,120.0,1.0,Active,False,False,2026-06-30
IT & software services,541519,Other Computer Related Services,"Quasar Data Technologies, Llc",Houston,TX,2025-05-21,2025,4150000,2,Live Oak Banking Company,9.0,120.0,24.0,Active,False,True,2026-06-30
Advertising & marketing agencies,541430,Graphic Design Services,"Ruzio, Llc",Ivyland,PA,2025-05-21,2025,441000,1,Beacon Bank and Trust,10.25,120.0,6.0,Active,False,False,2026-06-30
"Accounting, tax & bookkeeping",541219,Other Accounting Services,Tadhana Ventures Llc,Rancho Cucamonga,CA,2025-05-21,2025,1725000,1,Celtic Bank Corporation,9.5,120.0,16.0,Active,False,False,2026-06-30
IT & software services,541519,Other Computer Related Services,Restaurant Computer Solutions Inc,Houston,TX,2025-05-22,2025,125000,1,Live Oak Banking Company,9.5,120.0,8.0,Active,True,True,2026-06-30
Advertising & marketing agencies,541850,Indoor and Outdoor Display Advertising,"Arbor Woods Ventures, Inc",Peachtree Corners,GA,2025-05-23,2025,2890000,1,Beacon Bank and Trust,9.25,120.0,10.0,Active,False,False,2026-06-30
"Accounting, tax & bookkeeping",541219,Other Accounting Services,Modern Tax & Financial Services P.C.,Torrington,CT,2025-05-23,2025,775000,1,Live Oak Banking Company,9.0,204.0,5.0,Active,False,False,2026-06-30
Insurance agencies,524210,Insurance Agencies and Brokerages,Rbn Insurance Llc,Salem,OR,2025-05-23,2025,966500,1,First Bank of Central Ohio,10.25,120.0,2.0,Active,False,False,2026-06-30
IT & software services,541519,Other Computer Related Services,Restaurant Computer Solutions Inc,Houston,TX,2025-05-23,2025,1273000,1,Live Oak Banking Company,9.5,120.0,8.0,Active,False,False,2026-06-30
IT & software services,541519,Other Computer Related Services,Thedri Llc,Tampa,FL,2025-05-23,2025,995000,1,Live Oak Banking Company,9.0,120.0,4.0,Active,False,False,2026-06-30
Architecture & engineering,541310,Architectural Services,"Cpz Architects, Inc.",Plantation,FL,2025-05-27,2025,2823000,1,Valley National Bank,9.0,120.0,19.0,Active,False,False,2026-06-30
"Accounting, tax & bookkeeping",541213,Tax Preparation Services,"Pep Houston, Llc",Pearland,TX,2025-05-27,2025,1026500,1,Celtic Bank Corporation,9.5,120.0,7.0,Paid in full,False,False,2026-06-30
IT & software services,541519,Other Computer Related Services,Full Circle Computing Llc,Exton,PA,2025-05-28,2025,814000,1,First Commonwealth Bank,10.0,120.0,19.0,Active,False,False,2026-06-30
"Accounting, tax & bookkeeping",541211,Offices of Certified Public Accountants,Jsh Tax & Business Consulting Llc,Saint Charles,IL,2025-05-28,2025,3092500,1,Byline Bank,10.25,120.0,25.0,Active,False,False,2026-06-30
Law firms,541110,Offices of Lawyers,"Ranger Law, Pllc",Grand Rapids,MI,2025-05-28,2025,2316200,1,Independent Bank,10.25,120.0,12.0,Active,False,False,2026-06-30
Architecture & engineering,541340,Drafting Services,Wtr Consulting Llc,San Antonio,TX,2025-05-28,2025,969800,1,The Huntington National Bank,9.25,120.0,7.0,Active,False,False,2026-06-30
Insurance agencies,524210,Insurance Agencies and Brokerages,Zellner Assurance Group,Southaven,MS,2025-05-28,2025,100000,1,Byline Bank,10.25,120.0,6.0,Active,True,True,2026-06-30
Management consulting,541611,Administrative Management and General Management Consulting Services,"A Doc On Wheels, Llc",Elizabeth City,NC,2025-05-29,2025,680000,1,United FCU,10.5,120.0,4.0,Active,False,False,2026-06-30
Architecture & engineering,541310,Architectural Services,Arche Llc,Atlanta,GA,2025-05-29,2025,2050000,1,Byline Bank,10.25,120.0,20.0,Active,False,False,2026-06-30
Advertising & marketing agencies,541613,Marketing Consulting Services,"Big Girl Pants, Llc",New York,NY,2025-05-29,2025,1215000,2,Beacon Bank and Trust,10.0,120.0,23.0,Active,False,True,2026-06-30
"Accounting, tax & bookkeeping",541219,Other Accounting Services,Jm Accounting Group Inc.,Dallas,TX,2025-05-29,2025,985000,1,"U.S. Bank, National Association",8.36,120.0,1.0,Active,False,False,2026-06-30
IT & software services,541519,Other Computer Related Services,"Tripointe Technologies, Inc.",Centreville,VA,2025-05-29,2025,2500000,1,"Readycap Lending, LLC",10.25,120.0,21.0,Active,False,False,2026-06-30
Advertising & marketing agencies,541850,Indoor and Outdoor Display Advertising,Aerial Signs & Awnings,Chester,PA,2025-05-30,2025,5000000,1,First Internet Bank of Indiana,9.75,120.0,27.0,Active,False,False,2026-06-30
"Accounting, tax & bookkeeping",541211,Offices of Certified Public Accountants,Elite Certified Public Accountancy Corp.,Marina Del Rey,CA,2025-05-30,2025,500000,1,"U.S. Bank, National Association",7.25,120.0,4.0,Active,False,False,2026-06-30
Management consulting,541690,Other Scientific and Technical Consulting Services,Food Safety Systems Ca Llc,Tustin,CA,2025-05-30,2025,3778000,2,First Internet Bank of Indiana,9.75,120.0,21.0,Active,False,True,2026-06-30
Management consulting,541611,Administrative Management and General Management Consulting Services,"Hpa Support Services, Llc",San Diego,CA,2025-05-30,2025,1797000,1,Byline Bank,10.25,120.0,5.0,Active,False,False,2026-06-30
IT & software services,541512,Computer Systems Design Services,"Jks Systems, Llc",Glastonbury,CT,2025-05-30,2025,200000,1,First Internet Bank of Indiana,10.25,120.0,18.0,Paid in full,True,True,2026-06-30
"Accounting, tax & bookkeeping",541213,Tax Preparation Services,"Bec Tax Advisors, Llc",Ozark,MO,2025-06-02,2025,499000,1,Table Rock Community Bank,9.5,120.0,7.0,Active,False,False,2026-06-30
Management consulting,541611,Administrative Management and General Management Consulting Services,Regen Management Group Llc,Little Rock,AR,2025-06-04,2025,1122000,1,"VelocitySBA, LLC",10.25,120.0,2.0,Active,False,False,2026-06-30
"Accounting, tax & bookkeeping",541214,Payroll Services,"Upstate Payroll Services, Llc",Horseheads,NY,2025-06-04,2025,297500,1,Manufacturers and Traders Trust Company,8.0,120.0,4.0,Active,False,False,2026-06-30
"Accounting, tax & bookkeeping",541211,Offices of Certified Public Accountants,Claudia Gorostiaga Cpa Llc,Elizabeth,NJ,2025-06-05,2025,525000,1,"Newtek Bank, National Association",10.5,120.0,8.0,Active,False,False,2026-06-30
"Accounting, tax & bookkeeping",541219,Other Accounting Services,"Cavaco Management Group, Ltd.",Horseheads,NY,2025-06-09,2025,420000,1,Manufacturers and Traders Trust Company,8.0,120.0,7.0,Active,False,False,2026-06-30
Management consulting,541611,Administrative Management and General Management Consulting Services,"33 Naturals, Inc.",Hopkins,MN,2025-06-11,2025,744700,1,Bell Bank,7.5,120.0,10.0,Active,False,False,2026-06-30
Architecture & engineering,541320,Landscape Architectural Services,Brooks Landscape,Denver,CO,2025-06-11,2025,2071000,1,Monterey County Bank,10.5,120.0,4.0,Active,False,False,2026-06-30
Insurance agencies,524210,Insurance Agencies and Brokerages,Oberfeld Insurance,Isle,MN,2025-06-11,2025,1220000,1,The First National Bank of Milaca,6.89,120.0,6.0,Active,False,False,2026-06-30
Financial advisors,523940,Portfolio Management and Investment Advice,Darin S. Ruttenberg,Senoia,GA,2025-06-12,2025,1455000,1,Live Oak Banking Company,8.5,120.0,2.0,Active,False,False,2026-06-30
"Accounting, tax & bookkeeping",541219,Other Accounting Services,Cavaco Management Grp,Horseheads,NY,2025-06-13,2025,75000,1,Manufacturers and Traders Trust Company,8.5,120.0,7.0,Active,True,True,2026-06-30
Financial advisors,523940,Portfolio Management and Investment Advice,Christopher L. Hall,San Antonio,TX,2025-06-13,2025,617000,1,Live Oak Banking Company,9.0,120.0,2.0,Active,False,False,2026-06-30
"Accounting, tax & bookkeeping",541213,Tax Preparation Services,Northwest Accounting Group,Shelton,WA,2025-06-13,2025,1575000,2,Live Oak Banking Company,9.5,120.0,6.0,Active,False,True,2026-06-30
Law firms,541110,Offices of Lawyers,Tuttle & Associates Llc,Greenville,SC,2025-06-13,2025,2677000,1,Port 51 Lending LLC,10.5,120.0,22.0,Active,False,False,2026-06-30
Insurance agencies,524210,Insurance Agencies and Brokerages,"Advanced Insurance And Financial Services, Llc",Davie,FL,2025-06-20,2025,1255000,1,Seacoast National Bank,7.95,168.0,32.0,Active,False,False,2026-06-30
IT & software services,541519,Other Computer Related Services,"Infostructures Msp, Llc",Rockville,MD,2025-06-20,2025,1000000,1,Manufacturers and Traders Trust Company,9.5,120.0,18.0,Active,False,False,2026-06-30
Insurance agencies,524210,Insurance Agencies and Brokerages,"Bertrand Insurance Group, Llc",Denver,CO,2025-06-23,2025,2750000,1,Live Oak Banking Company,8.34,120.0,9.0,Active,False,False,2026-06-30
Advertising & marketing agencies,541820,Public Relations Agencies,"Indiereader, Inc.",Alpine Meadows,CA,2025-06-24,2025,585000,1,Plumas Bank,8.0,120.0,2.0,Active,False,False,2026-06-30
Insurance agencies,524210,Insurance Agencies and Brokerages,"Tk Agency, Llc",Columbus,GA,2025-06-24,2025,1236000,1,Bankwell Bank,10.0,120.0,3.0,Active,False,False,2026-06-30
Insurance agencies,524210,Insurance Agencies and Brokerages,The Garone Group Inc.,Patchogue,NY,2025-06-25,2025,1038000,1,Hanover Community Bank,10.0,120.0,0.0,Active,False,False,2026-06-30
"Accounting, tax & bookkeeping",541211,Offices of Certified Public Accountants,Clearview Advisory Group Llc,Saltillo,MS,2025-06-26,2025,289000,1,"U.S. Bank, National Association",8.75,120.0,6.0,Active,False,False,2026-06-30
Insurance agencies,524210,Insurance Agencies and Brokerages,F5 Family Investments Llc,Paris,TX,2025-06-26,2025,471300,1,"First Federal Community Bank, SSB",7.75,300.0,7.0,Active,False,False,2026-06-30
Insurance agencies,524210,Insurance Agencies and Brokerages,F5 Insurance Solutions Llc,Greenville,TX,2025-06-26,2025,3787000,1,"First Federal Community Bank, SSB",8.25,120.0,7.0,Active,False,False,2026-06-30
Financial advisors,523940,Portfolio Management and Investment Advice,"Prism Financial Strategies, Llc",Denver,CO,2025-06-26,2025,500000,1,Byline Bank,10.0,120.0,0.0,Active,False,False,2026-06-30
Law firms,541110,Offices of Lawyers,98 & 100 Willis Realty Llc,Mineola,NY,2025-06-27,2025,1700000,1,Live Oak Banking Company,6.5,300.0,0.0,Active,False,False,2026-06-30
IT & software services,541512,Computer Systems Design Services,"Sc Navarac, Llc",Charlotte,NC,2025-06-30,2025,3870000,2,Pathward National Association,9.5,120.0,13.0,Active,False,True,2026-06-30
Advertising & marketing agencies,541810,Advertising Agencies,Ao2 Agency Llc,Beaverton,OR,2025-07-02,2025,1570000,1,First Internet Bank of Indiana,10.25,120.0,11.0,Active,False,False,2026-06-30
"Accounting, tax & bookkeeping",541211,Offices of Certified Public Accountants,Bluepeak Inc.,Asheville,NC,2025-07-03,2025,2439100,2,"U.S. Bank, National Association",7.5,120.0,13.0,Active,False,True,2026-06-30
Architecture & engineering,541330,Engineering Services,"John Searcy & Associates, Inc.",Saint Cloud,FL,2025-07-08,2025,1153000,2,The Huntington National Bank,10.0,120.0,4.0,Active,False,True,2026-06-30
Insurance agencies,524210,Insurance Agencies and Brokerages,"Tk Agency, Llc",Columbus,GA,2025-07-08,2025,1210000,1,Bankwell Bank,10.0,120.0,3.0,Active,False,False,2026-06-30
Financial advisors,523940,Portfolio Management and Investment Advice,"Rock Private Wealth Management, Llc",Lafayette,LA,2025-07-10,2025,2148000,1,Live Oak Banking Company,8.35,120.0,4.0,Active,False,False,2026-06-30
Insurance agencies,524210,Insurance Agencies and Brokerages,"The Tenholder Agency, Llc",Fort Worth,TX,2025-07-14,2025,966000,1,The American National Bank of Texas,9.0,123.0,6.0,Active,False,False,2026-06-30
"Accounting, tax & bookkeeping",541211,Offices of Certified Public Accountants,Soaring Bird Financial Services Llc,Riverview,FL,2025-07-16,2025,948000,1,United Midwest Savings Bank National Association,9.5,120.0,2.0,Active,False,False,2026-06-30
Advertising & marketing agencies,541430,Graphic Design Services,Express Signs,San Diego,CA,2025-07-17,2025,200000,1,East West Bank,9.5,120.0,2.0,Active,False,False,2026-06-30
"Accounting, tax & bookkeeping",541219,Other Accounting Services,"Financial Fitness, Pllc",Goodyear,AZ,2025-07-18,2025,1860000,1,United Midwest Savings Bank National Association,9.5,120.0,4.0,Active,False,False,2026-06-30
"Accounting, tax & bookkeeping",541214,Payroll Services,"Kerr Payroll Solutions, Llc",Fresno,CA,2025-07-18,2025,882000,1,FFB Bank,9.75,120.0,8.0,Active,False,False,2026-06-30
Law firms,541110,Offices of Lawyers,Fractionalgcs Pllc,Chicago,IL,2025-07-21,2025,1537300,2,The Huntington National Bank,10.0,120.0,5.0,Active,False,True,2026-06-30
Advertising & marketing agencies,541810,Advertising Agencies,"Go Overseas, Inc.",Worcester,MA,2025-07-21,2025,1552800,2,The Huntington National Bank,9.5,120.0,7.0,Active,False,True,2026-06-30
"Accounting, tax & bookkeeping",541219,Other Accounting Services,Gemini 6 Llc,Livingston,NJ,2025-07-22,2025,279000,1,Live Oak Banking Company,9.99,120.0,2.0,Active,False,False,2026-06-30
Advertising & marketing agencies,541810,Advertising Agencies,Meadow Owl Brush Llc,Snowmass Village,CO,2025-07-22,2025,3500000,1,FirstBank,7.98,120.0,18.0,Active,False,False,2026-06-30
Architecture & engineering,541320,Landscape Architectural Services,Bermuda Landscape & Design Inc,West Palm Beach,FL,2025-07-23,2025,4500000,1,United Community Bank,9.5,120.0,90.0,Active,False,False,2026-06-30
Advertising & marketing agencies,541430,Graphic Design Services,Easels And Ember Llc,Binghamton,NY,2025-07-23,2025,130000,1,"NBT Bank, National Association",8.5,84.0,2.0,Active,False,False,2026-06-30
"Accounting, tax & bookkeeping",541211,Offices of Certified Public Accountants,"Reda, Romano & Co, Llp",Rye Brook,NY,2025-07-24,2025,1488000,1,Valley National Bank,9.5,120.0,11.0,Active,False,False,2026-06-30
Advertising & marketing agencies,541860,Direct Mail Advertising,Striker Marketing Llc,Dahlonega,GA,2025-07-24,2025,1840000,2,Live Oak Banking Company,9.0,192.0,8.0,Active,False,True,2026-06-30
"Accounting, tax & bookkeeping",541211,Offices of Certified Public Accountants,Butler Tax Advisors Llc,Hudson,WI,2025-07-25,2025,75000,2,Hiawatha National Bank,8.0,12.0,4.0,Active,True,True,2026-06-30
Architecture & engineering,541330,Engineering Services,Ega Consultants Llc,Lufkin,TX,2025-07-25,2025,1705200,2,Hancock Whitney Bank,9.5,204.0,27.0,Active,False,True,2026-06-30
IT & software services,541512,Computer Systems Design Services,"Ids Operator, Llc",Dallas,TX,2025-07-25,2025,955000,1,Dominion Bank,9.5,120.0,21.0,Active,False,False,2026-06-30
Advertising & marketing agencies,541820,Public Relations Agencies,Buchanan Public Relations Llc,Bryn Mawr,PA,2025-07-28,2025,755000,1,TowneBank,9.75,120.0,9.0,Active,False,False,2026-06-30
Financial advisors,523940,Portfolio Management and Investment Advice,Kq Wealth Management Llc,Tulsa,OK,2025-07-28,2025,350000,1,Live Oak Banking Company,8.99,120.0,5.0,Active,False,False,2026-06-30
Financial advisors,523940,Portfolio Management and Investment Advice,Brian Canning,Glendale,CA,2025-07-29,2025,325000,1,Byline Bank,10.0,120.0,1.0,Active,False,False,2026-06-30
"Accounting, tax & bookkeeping",541211,Offices of Certified Public Accountants,Bluprint Cpa Pllc,Charlotte,NC,2025-07-30,2025,550000,1,Live Oak Banking Company,9.5,120.0,1.0,Active,False,False,2026-06-30
Advertising & marketing agencies,541870,Advertising Material Distribution Services,"Carolina Promotion Solutions, Inc.",North Charleston,SC,2025-07-30,2025,155000,1,BayFirst National Bank,10.5,120.0,1.0,Active,False,False,2026-06-30
Management consulting,541611,Administrative Management and General Management Consulting Services,Condo Ranger Llc,Panama City Beach,FL,2025-08-04,2025,2082800,2,The Huntington National Bank,9.25,120.0,6.0,Active,False,True,2026-06-30
"Accounting, tax & bookkeeping",541211,Offices of Certified Public Accountants,Pinewood Accounting Services Llc,Peachtree City,GA,2025-08-04,2025,262000,1,Live Oak Banking Company,9.5,120.0,2.0,Active,False,False,2026-06-30
Advertising & marketing agencies,541613,Marketing Consulting Services,Clearsight Consultants Llc,Lakeview,MI,2025-08-08,2025,2483600,1,Fifth Third Bank,10.0,120.0,13.0,Active,False,False,2026-06-30
Advertising & marketing agencies,541430,Graphic Design Services,Mbk Color,San Diego,CA,2025-08-11,2025,122500,1,"Zions Bank, A Division of",10.25,120.0,4.0,Active,False,False,2026-06-30
"Accounting, tax & bookkeeping",541213,Tax Preparation Services,Valerie Deike Cpa,San Francisco,CA,2025-08-12,2025,522300,1,BMO Bank National Association,7.22,120.0,1.0,Active,False,False,2026-06-30
Insurance agencies,524210,Insurance Agencies and Brokerages,"Baytree Insurance Agency, Inc.",Valdosta,GA,2025-08-13,2025,285000,1,Live Oak Banking Company,10.99,120.0,7.0,Active,False,False,2026-06-30
Management consulting,541690,Other Scientific and Technical Consulting Services,Pf Pulliam Llc,Port Tobacco,MD,2025-08-13,2025,381100,1,Meridian Bank,9.5,120.0,4.0,Active,False,False,2026-06-30
"Accounting, tax & bookkeeping",541219,Other Accounting Services,Pretty Penny Llc,Dallas,TX,2025-08-13,2025,975000,2,Live Oak Banking Company,9.5,120.0,20.0,Active,False,True,2026-06-30
Architecture & engineering,541330,Engineering Services,Vortex Systems Llc,Enfield,CT,2025-08-13,2025,1800000,1,Port 51 Lending LLC,10.25,120.0,18.0,Active,False,False,2026-06-30
"Accounting, tax & bookkeeping",541211,Offices of Certified Public Accountants,Golden Torch Financial Llc,Warwick,RI,2025-08-14,2025,910000,1,Oconee State Bank,9.25,147.0,4.0,Active,False,False,2026-06-30
IT & software services,541513,Computer Facilities Management Services,Herb And San Inc.,Swarthmore,PA,2025-08-14,2025,142000,1,Bank Five Nine,10.0,120.0,5.0,Active,False,False,2026-06-30
"Accounting, tax & bookkeeping",541211,Offices of Certified Public Accountants,Tax & Accounting Holding Company Llc,Woodbury,MN,2025-08-15,2025,350000,1,First Resource Bank,10.0,120.0,11.0,Active,False,False,2026-06-30
Insurance agencies,524210,Insurance Agencies and Brokerages,"7Th Gen Insurance Group, Llc",Hutto,TX,2025-08-19,2025,1654000,1,United Midwest Savings Bank National Association,10.25,120.0,11.0,Active,False,False,2026-06-30
"Accounting, tax & bookkeeping",541214,Payroll Services,"Alaska'S Best Payroll Solution, Inc.",Anchorage,AK,2025-08-19,2025,345000,1,"Alaska Growth Capital BIDCO, Inc.",10.5,119.0,5.0,Active,False,False,2026-06-30
Management consulting,541690,Other Scientific and Technical Consulting Services,"Rejimus, Inc.",North Richland Hills,TX,2025-08-19,2025,373500,1,Sunflower Bank National Association,9.5,120.0,12.0,Active,False,False,2026-06-30
"Accounting, tax & bookkeeping",541213,Tax Preparation Services,"William Rogers Company, Inc.",San Diego,CA,2025-08-19,2025,715000,1,Live Oak Banking Company,9.0,120.0,8.0,Active,False,False,2026-06-30
Architecture & engineering,541330,Engineering Services,Capitol Engineering Group Llc,Washington,DC,2025-08-20,2025,1844400,1,First Bank of the Lake,10.25,120.0,8.0,Active,False,False,2026-06-30
Architecture & engineering,541310,Architectural Services,Tk Design & Associates Inc.,Novi,MI,2025-08-20,2025,2500000,1,Fifth Third Bank,7.5,120.0,0.0,Active,False,False,2026-06-30
Management consulting,541611,Administrative Management and General Management Consulting Services,"Canopy Management Group, Inc.",Springfield,MA,2025-08-22,2025,1467000,1,Beacon Bank and Trust,8.0,120.0,21.0,Active,False,False,2026-06-30
Law firms,541110,Offices of Lawyers,"Holler Law Firm, Llc",Colchester,CT,2025-08-22,2025,2993800,1,Celtic Bank Corporation,9.25,120.0,25.0,Active,False,False,2026-06-30
Insurance agencies,524210,Insurance Agencies and Brokerages,Integrity Insurance Advisors Llc,Newburgh,IN,2025-08-22,2025,689000,1,The First National Bank of Carmi,9.5,120.0,11.0,Active,False,False,2026-06-30
Insurance agencies,524210,Insurance Agencies and Brokerages,"Kavianpour Insurance Agency, Llc",Winter Park,CO,2025-08-22,2025,1329000,1,First Bank of Central Ohio,10.25,120.0,3.0,Active,False,False,2026-06-30
IT & software services,541512,Computer Systems Design Services,Kreative Core Technologies Llc,Gallatin,TN,2025-08-22,2025,4750000,1,Pathward National Association,9.75,120.0,9.0,Active,False,False,2026-06-30
"Accounting, tax & bookkeeping",541211,Offices of Certified Public Accountants,"Kyle Thrasher, Cpa Inc.",Leachville,AR,2025-08-22,2025,414000,1,Southern Bank,10.25,300.0,2.0,Active,False,False,2026-06-30
Insurance agencies,524210,Insurance Agencies and Brokerages,"Compass Insurance Group, Llc",Spartanburg,SC,2025-08-24,2025,1741000,2,The Huntington National Bank,9.5,120.0,11.0,Active,False,True,2026-06-30
Advertising & marketing agencies,541430,Graphic Design Services,Stark Design Llc,Pasco,WA,2025-08-24,2025,300000,2,Banner Bank,7.49,120.0,3.0,Active,True,True,2026-06-30
IT & software services,541512,Computer Systems Design Services,Kreative Core Technologies Llc,Gallatin,TN,2025-08-25,2025,250000,1,Pathward National Association,10.0,120.0,9.0,Active,True,True,2026-06-30
"Accounting, tax & bookkeeping",541213,Tax Preparation Services,Nelson & Associates Cpa Pa,Doral,FL,2025-08-25,2025,1916000,1,United Midwest Savings Bank National Association,9.5,120.0,9.0,Active,False,False,2026-06-30
Architecture & engineering,541330,Engineering Services,"Recreation Engineering, Llc",Rexburg,ID,2025-08-25,2025,2743000,2,The Huntington National Bank,9.25,120.0,13.0,Active,False,True,2026-06-30
Advertising & marketing agencies,541810,Advertising Agencies,Vertex Communication Group Llc,Brooklyn,NY,2025-08-26,2025,3091500,2,The Huntington National Bank,8.25,120.0,13.0,Active,False,True,2026-06-30
IT & software services,541511,Custom Computer Programming Services,Rescue Dog Technology Llc,Menomonee Falls,WI,2025-08-27,2025,1015000,1,Ixonia Bank,7.32,120.0,14.0,Active,False,False,2026-06-30
Insurance agencies,524210,Insurance Agencies and Brokerages,"Chris Foster Agency, Inc.",Piedmont,SC,2025-08-28,2025,1135000,2,Byline Bank,10.25,120.0,7.0,Paid in full,False,True,2026-06-30
Insurance agencies,524210,Insurance Agencies and Brokerages,"Gorman Insurance Agency, Llc",Minneapolis,MN,2025-08-28,2025,818000,1,"Bank of America, National Association",6.55,120.0,5.0,Active,False,False,2026-06-30
Architecture & engineering,541330,Engineering Services,"Ibc Engineering Services, Inc.",Waukesha,WI,2025-08-28,2025,2069900,2,Old National Bank,7.65,120.0,25.0,Active,False,True,2026-06-30
Insurance agencies,524210,Insurance Agencies and Brokerages,Nick Huber Insurance Agency Inc,New Prague,MN,2025-08-28,2025,138600,1,Minnwest Bank,10.0,120.0,1.0,Active,False,False,2026-06-30
Architecture & engineering,541320,Landscape Architectural Services,Outdoor Lighting Of Coastal Virginia Llc,Virginia Beach,VA,2025-08-28,2025,567000,1,Bank of Oak Ridge,9.75,120.0,8.0,Active,False,False,2026-06-30
Insurance agencies,524210,Insurance Agencies and Brokerages,Vitae Group Llc,Miami,FL,2025-08-29,2025,3975000,1,City National Bank of Florida,10.0,120.0,42.0,Active,False,False,2026-06-30
"Accounting, tax & bookkeeping",541211,Offices of Certified Public Accountants,"Innovative Cpa Group Of Florida, Llc",Venice,FL,2025-09-01,2025,1430000,1,Live Oak Banking Company,8.5,120.0,15.0,Active,False,False,2026-06-30
Insurance agencies,524210,Insurance Agencies and Brokerages,"Schwartz Insurance Agency, Llc",Quincy,IL,2025-09-03,2025,1039000,1,Bankwell Bank,10.0,120.0,3.0,Active,False,False,2026-06-30
"Accounting, tax & bookkeeping",541211,Offices of Certified Public Accountants,Truestone Tax Solutions Llc,Albuquerque,NM,2025-09-04,2025,1635000,1,TowneBank,9.75,120.0,12.0,Active,False,False,2026-06-30
"Accounting, tax & bookkeeping",541213,Tax Preparation Services,"Ckm Financial Services, Inc",Santa Monica,CA,2025-09-05,2025,725000,2,Live Oak Banking Company,9.25,120.0,8.0,Active,False,True,2026-06-30
"Accounting, tax & bookkeeping",541211,Offices of Certified Public Accountants,"Precision Elite Accounting And Tax, Llc",Okemos,MI,2025-09-05,2025,350000,1,Live Oak Banking Company,10.99,120.0,1.0,Active,False,False,2026-06-30
"Accounting, tax & bookkeeping",541211,Offices of Certified Public Accountants,Kaczmarowski & Haas Accounting Group Ltd.,Mundelein,IL,2025-09-08,2025,409000,1,The Huntington National Bank,9.5,120.0,1.0,Active,False,False,2026-06-30
IT & software services,541519,Other Computer Related Services,Empower Solutions Group Llc,San Antonio,TX,2025-09-09,2025,685000,1,The Huntington National Bank,10.0,123.0,2.0,Active,False,False,2026-06-30
IT & software services,541519,Other Computer Related Services,"Protel Communincations, Inc",San Diego,CA,2025-09-09,2025,2480000,1,Live Oak Banking Company,8.5,120.0,44.0,Active,False,False,2026-06-30
IT & software services,541519,Other Computer Related Services,"Amerx Security, Inc.",Scottsdale,AZ,2025-09-10,2025,1560000,1,Live Oak Banking Company,8.5,120.0,44.0,Active,False,False,2026-06-30
Insurance agencies,524210,Insurance Agencies and Brokerages,"Ensure Agency, Llc",Miami,FL,2025-09-10,2025,4950000,1,Bankwell Bank,10.0,120.0,7.0,Active,False,False,2026-06-30
Financial advisors,523940,Portfolio Management and Investment Advice,Halpin With Your Money Llc,Brunswick,ME,2025-09-10,2025,1003000,1,Live Oak Banking Company,8.75,120.0,1.0,Active,False,False,2026-06-30
"Accounting, tax & bookkeeping",541211,Offices of Certified Public Accountants,Kaczmarowski & Haas Accounting Group Ltd.,Mundelein,IL,2025-09-10,2025,45000,1,The Huntington National Bank,9.5,120.0,1.0,Not yet disbursed,True,True,2026-06-30
"Accounting, tax & bookkeeping",541211,Offices of Certified Public Accountants,New Legacy Financial Inc.,Franklin,IN,2025-09-10,2025,1465000,1,United Midwest Savings Bank National Association,9.5,120.0,34.0,Active,False,False,2026-06-30
Architecture & engineering,541370,Surveying and Mapping (except Geophysical) Services,North Texas Surveying,Mckinney,TX,2025-09-10,2025,1618000,1,First Internet Bank of Indiana,10.25,120.0,10.0,Active,False,False,2026-06-30
IT & software services,541519,Other Computer Related Services,"Think Technology Advisors, Llc",Raleigh,NC,2025-09-10,2025,4325000,1,Live Oak Banking Company,8.25,120.0,45.0,Active,False,False,2026-06-30
Advertising & marketing agencies,541430,Graphic Design Services,"Woodsgate Solutions, Llc",Wilmington,DE,2025-09-11,2025,1734300,2,Beacon Bank and Trust,10.0,120.0,7.0,Active,False,True,2026-06-30
Insurance agencies,524210,Insurance Agencies and Brokerages,15Th And H Street Partners Llc,Coral Gables,FL,2025-09-12,2025,640000,1,Live Oak Banking Company,8.99,120.0,5.0,Active,False,False,2026-06-30
Advertising & marketing agencies,541810,Advertising Agencies,Monkedia Llc,Sheridan,WY,2025-09-12,2025,2570000,2,First Internet Bank of Indiana,10.25,120.0,4.0,Active,False,True,2026-06-30
Architecture & engineering,541380,Testing Laboratories and Services,Odessa Cylinder Services Llc,Odessa,TX,2025-09-12,2025,830000,1,Byline Bank,10.25,120.0,4.0,Active,False,False,2026-06-30
Financial advisors,523940,Portfolio Management and Investment Advice,Sposa Financial Services Llc,Falls Church,VA,2025-09-12,2025,1060000,1,Byline Bank,10.25,120.0,0.0,Active,False,False,2026-06-30
Architecture & engineering,541350,Building Inspection Services,Steinmeyer Inspections Llc,Elk Mound,WI,2025-09-12,2025,99000,1,CCFBank National Association,9.5,120.0,1.0,Active,False,False,2026-06-30
Insurance agencies,524210,Insurance Agencies and Brokerages,"Warren Insurance Solutions, Llc",Franklin,TN,2025-09-12,2025,330000,1,Live Oak Banking Company,9.99,120.0,2.0,Active,False,False,2026-06-30
"Accounting, tax & bookkeeping",541213,Tax Preparation Services,"Dixie'S Tax & Financial Services, L.L.C.",Des Moines,WA,2025-09-13,2025,720000,1,US Metro Bank,8.75,300.0,3.0,Active,False,False,2026-06-30
"Accounting, tax & bookkeeping",541211,Offices of Certified Public Accountants,"Armada Accounting, Llc",Eagle Mountain,UT,2025-09-15,2025,980000,1,"UMB Bank, National Association",7.125,120.0,5.0,Active,False,False,2026-06-30
"Accounting, tax & bookkeeping",541219,Other Accounting Services,"Better Accounting Services, Inc.",Hudson,MA,2025-09-15,2025,425000,2,Webster Bank National Association,10.0,120.0,3.0,Active,False,True,2026-06-30
Architecture & engineering,541330,Engineering Services,Classic Continuum Company,Knoxville,TN,2025-09-16,2025,1198500,1,TowneBank,10.25,120.0,1.0,Active,False,False,2026-06-30
IT & software services,541519,Other Computer Related Services,Dmiller Tech Llc,Herndon,VA,2025-09-16,2025,300000,1,"VelocitySBA, LLC",10.5,120.0,3.0,Active,False,False,2026-06-30
Architecture & engineering,541380,Testing Laboratories and Services,Envirohome,Stuart,FL,2025-09-16,2025,3521000,2,First Internet Bank of Indiana,9.75,120.0,6.0,Active,False,True,2026-06-30
"Accounting, tax & bookkeeping",541213,Tax Preparation Services,Pacific Tax And Financial Advisory Inc.,Sherman Oaks,CA,2025-09-16,2025,720000,1,Celtic Bank Corporation,9.25,120.0,6.0,Active,False,False,2026-06-30
IT & software services,541519,Other Computer Related Services,"Mainspring, Inc.",Frederick,MD,2025-09-17,2025,4635000,1,Potomac Bank,9.5,120.0,42.0,Active,False,False,2026-06-30
"Accounting, tax & bookkeeping",541211,Offices of Certified Public Accountants,"Amt Magna Cpa, Pc",Aberdeen,NC,2025-09-18,2025,558300,1,The Fidelity Bank,9.75,180.0,1.0,Active,False,False,2026-06-30
"Accounting, tax & bookkeeping",541211,Offices of Certified Public Accountants,Broaden Law Apc,Chula Vista,CA,2025-09-18,2025,440000,1,Banner Bank,9.5,120.0,8.0,Active,False,False,2026-06-30
"Accounting, tax & bookkeeping",541219,Other Accounting Services,"Accrue Cpa & Advisory Group, Apc",Bakersfield,CA,2025-09-19,2025,1500000,1,United Midwest Savings Bank National Association,9.5,120.0,2.0,Active,False,False,2026-06-30
Insurance agencies,524210,Insurance Agencies and Brokerages,"Little Whale Insurance, Llc",Lakewood,CO,2025-09-19,2025,215000,1,Live Oak Banking Company,9.99,120.0,3.0,Active,False,False,2026-06-30
"Accounting, tax & bookkeeping",541219,Other Accounting Services,"Bookwise Cfo, Llc",Macedonia,OH,2025-09-22,2025,145000,1,Live Oak Banking Company,10.99,120.0,2.0,Active,False,False,2026-06-30
Architecture & engineering,541350,Building Inspection Services,El Paso Integrity Residential & Commercial Inspections,El Paso,TX,2025-09-22,2025,1356000,2,First Internet Bank of Indiana,10.25,120.0,14.0,Active,False,True,2026-06-30
Advertising & marketing agencies,541810,Advertising Agencies,"On The Mark Communications, Llc",Holmdel,NJ,2025-09-22,2025,1303000,1,Pinnacle Bank,8.5,120.0,11.0,Active,False,False,2026-06-30
Management consulting,541611,Administrative Management and General Management Consulting Services,Renaissance Strategic Advisors Llc,Arlington,VA,2025-09-23,2025,5000000,1,Truist Bank,8.99,120.0,50.0,Active,False,False,2026-06-30
Insurance agencies,524210,Insurance Agencies and Brokerages,"Zack Skoglie Insurance Agency, Inc.",Roseburg,OR,2025-09-23,2025,790000,2,Byline Bank,10.25,120.0,3.0,Active,False,True,2026-06-30
IT & software services,541512,Computer Systems Design Services,Montea Inc.,Saint Paul,MN,2025-09-24,2025,352000,2,The Huntington National Bank,10.0,120.0,2.0,Active,False,True,2026-06-30
"Accounting, tax & bookkeeping",541211,Offices of Certified Public Accountants,Monterra Halden Llc,Cleveland Heights,OH,2025-09-24,2025,1473000,1,Truliant FCU,10.0,120.0,15.0,Active,False,False,2026-06-30
Architecture & engineering,541330,Engineering Services,Cfwright Consulting Llc,Bowie,MD,2025-09-25,2025,1025000,1,The Huntington National Bank,10.0,120.0,5.0,Active,False,False,2026-06-30
"Accounting, tax & bookkeeping",541211,Offices of Certified Public Accountants,"Sva, Pc",Morgan Hill,CA,2025-09-25,2025,490800,1,"U.S. Bank, National Association",7.0,121.0,3.0,Active,False,False,2026-06-30
"Accounting, tax & bookkeeping",541213,Tax Preparation Services,Akhtar Tax & Accounting Llc,Tampa,FL,2025-09-26,2025,1178000,1,Valley National Bank,9.5,120.0,5.0,Active,False,False,2026-06-30
Advertising & marketing agencies,541810,Advertising Agencies,Elevated E-Commerce One Llc,Carson,CA,2025-09-26,2025,800000,1,Byline Bank,10.25,120.0,8.0,Active,False,False,2026-06-30
"Accounting, tax & bookkeeping",541211,Offices of Certified Public Accountants,Monica S Bennett Cpa Pa,Helena,AR,2025-09-26,2025,215000,1,Southern Bancorp Bank,8.25,120.0,5.0,Active,False,False,2026-06-30
Insurance agencies,524210,Insurance Agencies and Brokerages,Northside Insurance Group Llc,Tampa,FL,2025-09-26,2025,2325000,1,Bankwell Bank,10.0,120.0,4.0,Active,False,False,2026-06-30
Management consulting,541620,Environmental Consulting Services,"Anatek  Labs, Inc.",Spokane,WA,2025-09-29,2025,3091000,1,Heritage Bank,8.5,120.0,2.0,Active,False,False,2026-06-30
Advertising & marketing agencies,541613,Marketing Consulting Services,Lost Domain Llc,Wellesley,MA,2025-09-29,2025,3300000,1,First-Citizens Bank & Trust Company,9.75,120.0,25.0,Active,False,False,2026-06-30
"Accounting, tax & bookkeeping",541219,Other Accounting Services,Narms Llc,Chesterfield,MO,2025-09-29,2025,540000,1,American Bank of Freedom,10.0,120.0,10.0,Active,False,False,2026-06-30
Management consulting,541620,Environmental Consulting Services,"Owens Professional Solutions, Llc",Mifflinburg,PA,2025-09-29,2025,1750000,1,CNB Bank,9.75,120.0,13.0,Active,False,False,2026-06-30
"Accounting, tax & bookkeeping",541211,Offices of Certified Public Accountants,"System Six Cna, Llc",Corte Madera,CA,2025-09-29,2025,1660000,1,Beacon Bank and Trust,9.25,120.0,9.0,Active,False,False,2026-06-30
Management consulting,541612,Human Resources Consulting Services,"Ad Specs Of Delaware, Llc",Tampa,FL,2025-09-30,2025,2189000,1,Hancock Whitney Bank,8.5,123.0,23.0,Active,False,False,2026-06-30
Insurance agencies,524210,Insurance Agencies and Brokerages,Decarolis Insurance Group Inc,North Palm Beach,FL,2025-09-30,2025,2943000,1,"Readycap Lending, LLC",10.25,120.0,7.0,Active,False,False,2026-06-30
"Accounting, tax & bookkeeping",541213,Tax Preparation Services,Epiphany Southeast Llc,Dallas,TX,2025-09-30,2025,5000000,1,Pathward National Association,9.5,120.0,152.0,Active,False,False,2026-06-30
"Accounting, tax & bookkeeping",541219,Other Accounting Services,It All Adds Up Accounting And Tax 2 Llc,Baxter,MN,2025-09-30,2025,801700,1,"U.S. Bank, National Association",8.75,120.0,3.0,Active,False,False,2026-06-30
IT & software services,541519,Other Computer Related Services,Lucky Orange Llc,Overland Park,KS,2025-09-30,2025,5000000,1,Northwest Bank,8.5,120.0,9.0,Active,False,False,2026-06-30
IT & software services,541519,Other Computer Related Services,"Storserver, Inc.",Colorado Springs,CO,2025-09-30,2025,665000,2,First Internet Bank of Indiana,10.0,120.0,6.0,Active,False,True,2026-06-30
Insurance agencies,524210,Insurance Agencies and Brokerages,Swan City Insurance Llc,Lakeland,FL,2025-09-30,2025,2420000,2,"Bank of America, National Association",6.57,120.0,17.0,Active,False,False,2026-06-30
Management consulting,541620,Environmental Consulting Services,Ewer Holdings Llc,Pennsauken,NJ,2025-11-13,2026,360000,2,Wilmington Savings Fund Society FSB,9.0,120.0,0.0,Not yet disbursed,False,True,2026-06-30
IT & software services,541511,Custom Computer Programming Services,Greaney Consulting Services Llc,Cheyenne,WY,2025-11-13,2026,900000,1,"Bank of America, National Association",5.8,120.0,4.0,Active,False,False,2026-06-30
"Accounting, tax & bookkeeping",541213,Tax Preparation Services,Tran Cpas Inc.,Ladera Ranch,CA,2025-11-13,2026,237000,1,Live Oak Banking Company,9.49,120.0,2.0,Active,False,False,2026-06-30
"Accounting, tax & bookkeeping",541211,Offices of Certified Public Accountants,Widget Tax Llc,Knoxville,TN,2025-11-13,2026,1200900,1,"U.S. Bank, National Association",8.0,120.0,4.0,Active,False,False,2026-06-30
Advertising & marketing agencies,541890,Other Services Related to Advertising,"Badgeworks Plus, Llc",El Paso,TX,2025-11-14,2026,250000,1,TexasBank,8.0,88.0,5.0,Active,False,False,2026-06-30
Architecture & engineering,541330,Engineering Services,Native American Technology Corporation,Walkersville,MD,2025-11-14,2026,4070000,2,First Internet Bank of Indiana,9.5,120.0,60.0,Active,False,True,2026-06-30
Advertising & marketing agencies,541810,Advertising Agencies,Pmj Investment Corporation,Scottsdale,AZ,2025-11-14,2026,2012000,1,Midwest Regional Bank,9.75,120.0,13.0,Active,False,False,2026-06-30
Management consulting,541618,Other Management Consulting Services,Pragmatic Compliance Inc,Brooklyn,NY,2025-11-14,2026,1730000,1,Northwest Bank,8.75,120.0,4.0,Active,False,False,2026-06-30
Architecture & engineering,541330,Engineering Services,"Roberts Engineering Group, Llc",Hamilton,NJ,2025-11-14,2026,3875000,1,Port 51 Lending LLC,9.75,120.0,18.0,Active,False,False,2026-06-30
Insurance agencies,524210,Insurance Agencies and Brokerages,"Rullo Agency Group, Llc",Latham,NY,2025-11-14,2026,4995000,1,Bankwell Bank,9.5,120.0,7.0,Active,False,False,2026-06-30
Advertising & marketing agencies,541890,Other Services Related to Advertising,"Badgeworks Plus, Llc",El Paso,TX,2025-11-17,2026,30000,1,TexasBank,8.0,12.0,5.0,Active,True,True,2026-06-30
Advertising & marketing agencies,541810,Advertising Agencies,Designcraft Advertising,Madison,WI,2025-11-17,2026,210000,1,BayFirst National Bank,10.0,120.0,7.0,Active,False,False,2026-06-30
"Accounting, tax & bookkeeping",541214,Payroll Services,"Easytrack Payroll, Llc",San Antonio,TX,2025-11-17,2026,805000,1,Live Oak Banking Company,9.0,120.0,6.0,Active,False,False,2026-06-30
IT & software services,541513,Computer Facilities Management Services,"Essex Main Stuart, Llc",Boston,MA,2025-11-17,2026,520000,1,First-Citizens Bank & Trust Company,9.75,120.0,3.0,Active,False,False,2026-06-30
"Accounting, tax & bookkeeping",541213,Tax Preparation Services,Frank Cornell Associates Inc.,Lockport,NY,2025-11-17,2026,620000,1,Live Oak Banking Company,8.5,180.0,12.0,Active,False,False,2026-06-30
Law firms,541110,Offices of Lawyers,"Jdz, Pllc",Memphis,TN,2025-11-17,2026,843900,1,Pinnacle Bank,9.5,120.0,7.0,Active,False,False,2026-06-30
IT & software services,541512,Computer Systems Design Services,"Trunorth Dynamics, Llc",Castle Rock,CO,2025-11-17,2026,1824100,1,Bell Bank,9.25,120.0,31.0,Active,False,False,2026-06-30
Architecture & engineering,541330,Engineering Services,"Advantage Technical Services, Inc.",Atascadero,CA,2025-11-18,2026,515000,1,American Riviera Bank,9.0,120.0,6.0,Active,False,False,2026-06-30
Insurance agencies,524210,Insurance Agencies and Brokerages,"Coast To Coast Insurance Group Of Florida, Llc",Longwood,FL,2025-11-18,2026,700000,1,Byline Bank,9.75,120.0,6.0,Active,False,False,2026-06-30
Insurance agencies,524210,Insurance Agencies and Brokerages,"Dawn Harp Agency, Llc",Cleveland,TN,2025-11-18,2026,625000,2,Byline Bank,9.75,120.0,3.0,Active,False,True,2026-06-30
"Accounting, tax & bookkeeping",541211,Offices of Certified Public Accountants,"Frimpong & Associates, Llc",Glastonbury,CT,2025-11-18,2026,675000,1,Live Oak Banking Company,8.5,120.0,6.0,Active,False,False,2026-06-30
Insurance agencies,524210,Insurance Agencies and Brokerages,"Jay Joiner Insurance Agency, Llc",Houston,TX,2025-11-18,2026,814000,2,Byline Bank,9.75,120.0,5.0,Active,False,True,2026-06-30
Insurance agencies,524210,Insurance Agencies and Brokerages,Zirkle Insurance And Financial Services Llc,Saint Petersburg,FL,2025-11-18,2026,1995000,1,Byline Bank,9.5,120.0,10.0,Active,False,False,2026-06-30
"Accounting, tax & bookkeeping",541211,Offices of Certified Public Accountants,Mps Tax And Accounting Services Llc,Bonita Springs,FL,2025-11-19,2026,198000,1,United Midwest Savings Bank National Association,9.75,120.0,0.0,Active,False,False,2026-06-30
Architecture & engineering,541350,Building Inspection Services,"Reliable Reports Of Texas, Inc.",Lewisville,TX,2025-11-19,2026,3553700,1,"T Bank, National Association",9.0,120.0,300.0,Active,False,False,2026-06-30
"Accounting, tax & bookkeeping",541211,Offices of Certified Public Accountants,Roundtable Acquisition I Llc,Miami,FL,2025-11-19,2026,2050000,1,Grasshopper Bank National Association,9.25,120.0,2.0,Active,False,False,2026-06-30
"Accounting, tax & bookkeeping",541211,Offices of Certified Public Accountants,Clearpath Tax & Accounting Iii Llc,Overland Park,KS,2025-11-20,2026,2535000,2,OakStar Bank,8.5,120.0,15.0,Active,False,False,2026-06-30
Insurance agencies,524210,Insurance Agencies and Brokerages,"Coast To Coast Insurance Group Of Florida, Llc",Longwood,FL,2025-11-20,2026,150000,1,Byline Bank,9.75,120.0,6.0,Active,True,True,2026-06-30
Law firms,541110,Offices of Lawyers,Peterson Law Group Ii Llc,North Haven,CT,2025-11-20,2026,225000,1,Live Oak Banking Company,10.0,120.0,1.0,Active,False,False,2026-06-30
Insurance agencies,524210,Insurance Agencies and Brokerages,"The Runden Agency, Llc",Thorton,CO,2025-11-20,2026,702000,1,Byline Bank,9.75,120.0,5.0,Active,False,False,2026-06-30
Architecture & engineering,541330,Engineering Services,Ecae Llc,Santa Rosa Beach,FL,2025-11-21,2026,1000000,1,The Huntington National Bank,9.25,120.0,6.0,Active,False,False,2026-06-30
"Accounting, tax & bookkeeping",541211,Offices of Certified Public Accountants,"Accounting Plus Solutions, Llc",Redford,MI,2025-11-24,2026,500000,1,Live Oak Banking Company,10.0,120.0,2.0,Active,True,False,2026-06-30
Insurance agencies,524210,Insurance Agencies and Brokerages,Nederlanden Marine Insurance Group Llc,Warwick,RI,2025-11-24,2026,2500000,1,Bankwell Bank,9.5,120.0,2.0,Active,False,False,2026-06-30
Financial advisors,523940,Portfolio Management and Investment Advice,"Sgea, Llc",Issaquah,WA,2025-11-24,2026,1382000,1,Live Oak Banking Company,8.0,119.0,0.0,Active,False,False,2026-06-30
"Accounting, tax & bookkeeping",541219,Other Accounting Services,"Cta-Az, Llc",Phoenix,AZ,2025-11-25,2026,815800,1,Bell Bank,9.25,120.0,7.0,Active,False,False,2026-06-30
"Accounting, tax & bookkeeping",541211,Offices of Certified Public Accountants,"Gunderson Advisory Group, Inc",Hempstead,TX,2025-11-25,2026,467000,1,Live Oak Banking Company,8.75,156.0,5.0,Active,False,False,2026-06-30
"Accounting, tax & bookkeeping",541211,Offices of Certified Public Accountants,Namu Advisory Llc,Forked River,NJ,2025-11-25,2026,993000,2,Peapack Private Bank and Trust,9.25,120.0,8.0,Active,False,True,2026-06-30
"Accounting, tax & bookkeeping",541211,Offices of Certified Public Accountants,"Shelley Cpa, Pllc",Chappaqua,NY,2025-11-25,2026,150000,1,Live Oak Banking Company,9.49,120.0,1.0,Active,False,False,2026-06-30
"Accounting, tax & bookkeeping",541211,Offices of Certified Public Accountants,"The Accounting Nook, Pllc",Tulsa,OK,2025-11-25,2026,2121500,1,Live Oak Banking Company,8.75,120.0,11.0,Active,False,False,2026-06-30
"Accounting, tax & bookkeeping",541211,Offices of Certified Public Accountants,"Chappell Professional Group, Pc",Birmingham,AL,2025-12-01,2026,2879000,1,United Midwest Savings Bank National Association,8.5,120.0,0.0,Active,False,False,2026-06-30
IT & software services,541512,Computer Systems Design Services,"Evland Version2.0, Inc.",Kansas City,MO,2025-12-01,2026,630000,1,Truliant FCU,9.75,120.0,7.0,Active,False,False,2026-06-30
Advertising & marketing agencies,541613,Marketing Consulting Services,"Franchise Performance Group, Llc",Tomball,TX,2025-12-01,2026,969500,1,Live Oak Banking Company,9.0,120.0,10.0,Active,False,False,2026-06-30
Management consulting,541611,Administrative Management and General Management Consulting Services,Infotek Consulting Llc,Reston,VA,2025-12-01,2026,2500000,1,Burke & Herbert Bank & Trust Company,6.49,120.0,62.0,Active,False,False,2026-06-30
IT & software services,541519,Other Computer Related Services,"Quality Computer Consulting, Corp.",Albuquerque,NM,2025-12-01,2026,855000,1,Live Oak Banking Company,8.25,120.0,8.0,Active,False,False,2026-06-30
Advertising & marketing agencies,541820,Public Relations Agencies,Louder Than Milk Llc,Littleton,CO,2025-12-02,2026,220000,1,Fortis Bank,9.75,120.0,9.0,Active,False,False,2026-06-30
"Accounting, tax & bookkeeping",541211,Offices of Certified Public Accountants,"Rooks, Llc",Lebanon,IN,2025-12-02,2026,486500,1,United Midwest Savings Bank National Association,8.5,120.0,2.0,Active,False,False,2026-06-30
"Accounting, tax & bookkeeping",541211,Offices of Certified Public Accountants,"Fry & Associates, Cpas, Inc",Dayton,OH,2025-12-03,2026,350000,1,Live Oak Banking Company,9.49,120.0,7.0,Active,False,False,2026-06-30
"Accounting, tax & bookkeeping",541211,Offices of Certified Public Accountants,Levy And Company Llc,Torrance,CA,2025-12-03,2026,1166700,1,"U.S. Bank, National Association",7.75,120.0,6.0,Active,False,False,2026-06-30
Advertising & marketing agencies,541810,Advertising Agencies,Allen-Droog Holdings Llc,Grand Rapids,MI,2025-12-04,2026,2344000,2,Fifth Third Bank,6.9,120.0,1.0,Active,False,True,2026-06-30
Financial advisors,523940,Portfolio Management and Investment Advice,Balogh Llc,Lynden,WA,2025-12-04,2026,440000,1,Live Oak Banking Company,8.5,120.0,3.0,Active,False,False,2026-06-30
"Accounting, tax & bookkeeping",541213,Tax Preparation Services,"Emerald Tax & Accounting Solutions, Llc",Asheboro,NC,2025-12-04,2026,472500,1,BayFirst National Bank,10.0,120.0,8.0,Active,False,False,2026-06-30
Law firms,541110,Offices of Lawyers,Cascadia Cross-Border Law,Bellingham,WA,2025-12-05,2026,454000,1,Harborstone CU,9.75,120.0,11.0,Active,False,False,2026-06-30
IT & software services,541511,Custom Computer Programming Services,"Cms Advertising Group, Llc",Salt Lake City,UT,2025-12-05,2026,1281000,2,The Huntington National Bank,8.15,120.0,8.0,Active,False,True,2026-06-30
IT & software services,541512,Computer Systems Design Services,Global Computer Corp.,Port Jefferson,NY,2025-12-05,2026,1026000,2,Manufacturers and Traders Trust Company,8.5,120.0,18.0,Active,False,True,2026-06-30
IT & software services,541511,Custom Computer Programming Services,Global Digital Resources Llc,Addison,TX,2025-12-05,2026,191000,1,Regent Bank,9.25,120.0,11.0,Active,False,False,2026-06-30
Insurance agencies,524210,Insurance Agencies and Brokerages,Henson And Sons Insurance Agency Llc,Edmond,OK,2025-12-05,2026,2300000,1,Live Oak Banking Company,8.15,120.0,5.0,Active,False,False,2026-06-30
Management consulting,541690,Other Scientific and Technical Consulting Services,"Ries Rx Consulting, Inc",Lubbock,TX,2025-12-05,2026,2890500,2,The Huntington National Bank,9.75,120.0,2.0,Active,False,True,2026-06-30
Law firms,541199,All Other Legal Services,Signing Carolina Inc,Glen Allen,VA,2025-12-05,2026,719000,1,Milestone Bank,9.75,120.0,3.0,Active,False,False,2026-06-30
Insurance agencies,524210,Insurance Agencies and Brokerages,Cucinella Insurance Services Llc,Mandeville,LA,2025-12-08,2026,1105000,1,American Bank,9.25,120.0,3.0,Active,False,False,2026-06-30
Law firms,541110,Offices of Lawyers,"Pro Athlete Law Group, P.C.",San Diego,CA,2025-12-08,2026,2500000,1,First Internet Bank of Indiana,9.5,120.0,17.0,Active,False,False,2026-06-30
IT & software services,541512,Computer Systems Design Services,"Tech 42, Llc",Dunmore,PA,2025-12-08,2026,2500000,1,Live Oak Banking Company,7.5,120.0,12.0,Active,False,False,2026-06-30
"Accounting, tax & bookkeeping",541211,Offices of Certified Public Accountants,"Clarke Professional Accounting, Llc",Chicago,IL,2025-12-09,2026,2667000,1,Monterey County Bank,9.0,120.0,9.0,Active,False,False,2026-06-30
"Accounting, tax & bookkeeping",541211,Offices of Certified Public Accountants,Hiller Tax & Accounting Llc,Fort Myers,FL,2025-12-09,2026,249000,2,The Huntington National Bank,9.5,120.0,3.0,Active,False,True,2026-06-30
Advertising & marketing agencies,541810,Advertising Agencies,Lauren'S Latest,Englewood,CO,2025-12-09,2026,1650000,1,First Internet Bank of Indiana,9.5,120.0,6.0,Active,False,False,2026-06-30
"Accounting, tax & bookkeeping",541213,Tax Preparation Services,"Accounting Center For Smb, Llc",Orlando,FL,2025-12-10,2026,1304000,2,The Huntington National Bank,8.15,120.0,8.0,Active,False,True,2026-06-30
"Accounting, tax & bookkeeping",541213,Tax Preparation Services,"Atlas Accounting & Consulting, Llc",Pima,AZ,2025-12-10,2026,265000,1,United Midwest Savings Bank National Association,9.25,120.0,2.0,Active,False,False,2026-06-30
IT & software services,541511,Custom Computer Programming Services,"Envision, Llc",Saint Louis,MO,2025-12-10,2026,4470000,1,Financial Resources Federal Credit Union,9.25,120.0,173.0,Active,False,False,2026-06-30
Law firms,541110,Offices of Lawyers,"Gilbert Bird Law Firm, Pc",Scottsdale,AZ,2025-12-10,2026,1305100,1,FWBank,8.75,192.0,5.0,Active,False,False,2026-06-30
IT & software services,541512,Computer Systems Design Services,Cannon Audio Video Llc,Marshfield,MA,2025-12-12,2026,270000,1,Rockland Trust Company,7.0,60.0,4.0,Active,False,False,2026-06-30
Architecture & engineering,541330,Engineering Services,"Coastal Automation Services, Inc.",Beaumont,TX,2025-12-12,2026,845000,1,Texas First Bank,8.5,120.0,50.0,Active,False,False,2026-06-30
Financial advisors,523940,Portfolio Management and Investment Advice,More2 Wealth Llc,Conroe,TX,2025-12-12,2026,540000,1,Live Oak Banking Company,9.0,120.0,2.0,Active,False,False,2026-06-30
"Accounting, tax & bookkeeping",541211,Offices of Certified Public Accountants,Accounting & Tax Services Pllc,Fairfield,IA,2025-12-15,2026,1030000,1,Live Oak Banking Company,8.0,120.0,4.0,Active,False,False,2026-06-30
Management consulting,541620,Environmental Consulting Services,"Aster Canyon Consulting, Inc.",Pinedale,WY,2025-12-15,2026,775000,1,Live Oak Banking Company,8.75,120.0,4.0,Active,False,False,2026-06-30
Insurance agencies,524210,Insurance Agencies and Brokerages,Jamison Insurance Agency Llc,Bensenville,IL,2025-12-15,2026,235000,1,Live Oak Banking Company,9.49,120.0,3.0,Active,False,False,2026-06-30
"Accounting, tax & bookkeeping",541211,Offices of Certified Public Accountants,"Jr Clausen Cpas, Pllc",Reno,NV,2025-12-15,2026,775000,1,"VelocitySBA, LLC",10.0,120.0,4.0,Active,False,False,2026-06-30
"Accounting, tax & bookkeeping",541213,Tax Preparation Services,Tailwind Ventures Llc,Atascadero,CA,2025-12-15,2026,1643900,2,The Huntington National Bank,8.15,120.0,25.0,Active,False,True,2026-06-30
"Accounting, tax & bookkeeping",541211,Offices of Certified Public Accountants,Kf Accounting Associates Llc,Lagrange,IN,2025-12-16,2026,2213800,1,"UMB Bank, National Association",8.0,120.0,9.0,Active,False,False,2026-06-30
Financial advisors,523940,Portfolio Management and Investment Advice,Ricardo Betancourt,Franklin Square,NY,2025-12-16,2026,625000,1,Byline Bank,9.75,120.0,2.0,Active,False,False,2026-06-30
Architecture & engineering,541330,Engineering Services,"Zerodraft Maryland, Llc",Lutherville Timonium,MD,2025-12-16,2026,2700000,1,Manufacturers and Traders Trust Company,9.0,120.0,26.0,Active,False,False,2026-06-30
Advertising & marketing agencies,541850,Indoor and Outdoor Display Advertising,"Bitbagan, Llc",New York,NY,2025-12-17,2026,250000,1,Quaint Oak Bank,9.25,120.0,2.0,Active,False,False,2026-06-30
Insurance agencies,524210,Insurance Agencies and Brokerages,"Croprotek, Inc.",Rosebud,TX,2025-12-17,2026,480000,1,First Merchants Bank,9.75,120.0,1.0,Active,False,False,2026-06-30
"Accounting, tax & bookkeeping",541211,Offices of Certified Public Accountants,"Nevers Consulting Group, Llc",Hilliard,OH,2025-12-17,2026,303000,1,North Valley Bank,9.5,120.0,4.0,Active,False,False,2026-06-30
Insurance agencies,524210,Insurance Agencies and Brokerages,Odell Capital Management Inc,Hillsboro,OH,2025-12-17,2026,4298000,1,Associated Bank National Association,7.81,120.0,2.0,Active,False,False,2026-06-30
Architecture & engineering,541330,Engineering Services,"Zerodraft Maryland, Llc",Lutherville Timonium,MD,2025-12-17,2026,175000,1,Manufacturers and Traders Trust Company,9.0,120.0,26.0,Active,True,True,2026-06-30
Management consulting,541618,Other Management Consulting Services,"Ca Partners, Inc.",Dallas,TX,2025-12-18,2026,1850000,1,The Huntington National Bank,9.75,120.0,8.0,Active,False,False,2026-06-30
"Accounting, tax & bookkeeping",541211,Offices of Certified Public Accountants,"Clearview Advisory Group, P.C.",Eatontown,NJ,2025-12-18,2026,860000,1,United Midwest Savings Bank National Association,8.75,120.0,6.0,Active,False,False,2026-06-30
IT & software services,541513,Computer Facilities Management Services,"Kingdom Forward Solutions, Inc.",Nicholasville,KY,2025-12-18,2026,750000,1,Central Bank & Trust Co.,8.5,120.0,10.0,Active,False,False,2026-06-30
IT & software services,541519,Other Computer Related Services,"Syncsite, Inc.",Chicago,IL,2025-12-18,2026,195000,1,Byline Bank,9.25,120.0,15.0,Active,True,True,2026-06-30
Financial advisors,523940,Portfolio Management and Investment Advice,"Aspirean Wealth, Llc",Chesterton,IN,2025-12-19,2026,615000,1,Live Oak Banking Company,8.0,119.0,5.0,Active,False,False,2026-06-30
"Accounting, tax & bookkeeping",541211,Offices of Certified Public Accountants,Atlas Accounting & Advisory Llc,San Jose,CA,2025-12-19,2026,1360000,1,Busey Bank,9.75,120.0,12.0,Active,False,False,2026-06-30
Management consulting,541618,Other Management Consulting Services,Slam Development Llc,Colleyville,TX,2025-12-22,2026,974600,1,Security National Bank of Omaha,9.25,120.0,3.0,Active,False,False,2026-06-30
Insurance agencies,524210,Insurance Agencies and Brokerages,Brown Family Agency Llc,Hampton,GA,2025-12-23,2026,880000,1,Byline Bank,9.75,120.0,7.0,Active,False,False,2026-06-30
"Accounting, tax & bookkeeping",541211,Offices of Certified Public Accountants,Goodsell Tax & Accounting Pllc,Everett,WA,2025-12-26,2026,415000,1,Northwest Bank,9.0,120.0,7.0,Active,False,False,2026-06-30
Advertising & marketing agencies,541613,Marketing Consulting Services,"Hsr Capital, Llc",Jacksonville,FL,2025-12-26,2026,2400000,1,Grasshopper Bank National Association,9.75,120.0,1.0,Active,False,False,2026-06-30
Insurance agencies,524210,Insurance Agencies and Brokerages,"Florida Insurance Store, Llc",Apopka,FL,2025-12-29,2026,5000000,1,Bankwell Bank,9.5,120.0,14.0,Active,False,False,2026-06-30
Advertising & marketing agencies,541810,Advertising Agencies,Glancey Marketing Llc,Milwaukee,WI,2025-12-29,2026,1828600,1,Associated Bank National Association,7.5,120.0,11.0,Active,False,False,2026-06-30
Financial advisors,523940,Portfolio Management and Investment Advice,"Financial Planner Near Me, Llc",Springfield,MO,2025-12-31,2026,1296900,1,"Four States Bank, Inc.",10.0,120.0,2.0,Active,False,False,2026-06-30
IT & software services,541519,Other Computer Related Services,"Nic Oc, Llc",Woodland Hills,CA,2025-12-31,2026,2040000,1,Live Oak Banking Company,8.0,120.0,25.0,Active,False,False,2026-06-30
Law firms,541199,All Other Legal Services,"Quickserv, Inc.",Westwood,MA,2026-01-02,2026,755000,1,"Citizens Bank, National Association",7.4,120.0,10.0,Active,False,False,2026-06-30
"Accounting, tax & bookkeeping",541213,Tax Preparation Services,Yates & Family Llc,Capitola,CA,2026-01-02,2026,721000,1,United Midwest Savings Bank National Association,8.75,120.0,3.0,Active,False,False,2026-06-30
"Accounting, tax & bookkeeping",541219,Other Accounting Services,"Mission First Operations, Llc",Franklin,TN,2026-01-05,2026,1945300,1,Renasant Bank,8.75,120.0,13.0,Active,False,False,2026-06-30
Architecture & engineering,541380,Testing Laboratories and Services,"Quality Testing, Inc.",Baton Rouge,LA,2026-01-05,2026,1609500,2,The Huntington National Bank,8.15,120.0,12.0,Active,False,True,2026-06-30
"Accounting, tax & bookkeeping",541211,Offices of Certified Public Accountants,Averett & Associates Pc,Salt Lake City,UT,2026-01-06,2026,350000,1,Fortis Bank,9.25,120.0,8.0,Active,False,False,2026-06-30
"Accounting, tax & bookkeeping",541213,Tax Preparation Services,"Dsdz Oregon Acquisitions, Llc",Tigard,OR,2026-01-06,2026,868000,1,TowneBank,9.0,120.0,30.0,Active,False,False,2026-06-30
"Accounting, tax & bookkeeping",541213,Tax Preparation Services,"Yaeger Advisory Services And Tax, Llc",Madison,WI,2026-01-07,2026,1665000,1,Oak Bank,8.0,120.0,15.0,Active,False,False,2026-06-30
"Accounting, tax & bookkeeping",541211,Offices of Certified Public Accountants,Clear Oak Advisory Pc,Emeryville,CA,2026-01-12,2026,640500,1,Truliant FCU,9.25,120.0,4.0,Active,False,False,2026-06-30
Insurance agencies,524210,Insurance Agencies and Brokerages,"East Coast Insurance Providers, Llc",Amesbury,MA,2026-01-12,2026,350000,1,Grasshopper Bank National Association,9.5,120.0,1.0,Active,False,False,2026-06-30
Insurance agencies,524210,Insurance Agencies and Brokerages,Josh Lisney Agency,La Crosse,WI,2026-01-12,2026,135000,1,Citizens State Bank of La Crosse,9.75,59.0,4.0,Active,False,False,2026-06-30
"Accounting, tax & bookkeeping",541219,Other Accounting Services,Sfbg Opco Llc,Roseville,CA,2026-01-12,2026,936000,1,The Huntington National Bank,8.75,120.0,8.0,Active,False,False,2026-06-30
"Accounting, tax & bookkeeping",541211,Offices of Certified Public Accountants,Vantage Group Accounting Pllc,Boise,ID,2026-01-12,2026,110000,1,Live Oak Banking Company,9.74,120.0,12.0,Active,False,False,2026-06-30
Architecture & engineering,541330,Engineering Services,Widget Controls Llc,Houston,TX,2026-01-12,2026,1000000,1,"VelocitySBA, LLC",9.25,120.0,9.0,Active,False,False,2026-06-30
Advertising & marketing agencies,541613,Marketing Consulting Services,"Msi Communications, Inc.",Anchorage,AK,2026-01-13,2026,3230000,2,Live Oak Banking Company,7.75,120.0,13.0,Active,False,True,2026-06-30
Insurance agencies,524210,Insurance Agencies and Brokerages,Trinity Miller Insurance Agency Llc,Redding,CA,2026-01-13,2026,369400,1,"U.S. Bank, National Association",8.4,120.0,6.0,Active,False,False,2026-06-30
Advertising & marketing agencies,541810,Advertising Agencies,"Dezen Public Relations, Inc.",Greenville,SC,2026-01-15,2026,2750000,2,The Huntington National Bank,8.15,120.0,2.0,Active,False,True,2026-06-30
Insurance agencies,524210,Insurance Agencies and Brokerages,"Jacob Len Alexander & Associates, Llc",Gallatin,TN,2026-01-15,2026,918000,1,Byline Bank,9.5,120.0,4.0,Active,False,False,2026-06-30
IT & software services,541512,Computer Systems Design Services,"Avanco International, Llc",Camp Hill,PA,2026-01-16,2026,2465000,2,Pinnacle Bank,9.25,120.0,26.0,Active,False,True,2026-06-30
"Accounting, tax & bookkeeping",541211,Offices of Certified Public Accountants,Johnson Accounting Llc,Shelbyville,IN,2026-01-16,2026,310000,1,Oconee State Bank,8.75,120.0,4.0,Active,False,False,2026-06-30
Insurance agencies,524210,Insurance Agencies and Brokerages,Swor Insurance Agency Llc,Charleston,WV,2026-01-16,2026,2650000,1,Live Oak Banking Company,7.94,120.0,5.0,Active,False,False,2026-06-30
"Accounting, tax & bookkeeping",541211,Offices of Certified Public Accountants,"Upstream Tax Advisors, Llc",Henderson,KY,2026-01-16,2026,1750000,1,Live Oak Banking Company,8.75,120.0,14.0,Active,False,False,2026-06-30
"Accounting, tax & bookkeeping",541211,Offices of Certified Public Accountants,White Olive Cpa Llc,Franklin,TN,2026-01-16,2026,382500,1,Studio Bank,8.75,120.0,8.0,Active,False,False,2026-06-30
Insurance agencies,524210,Insurance Agencies and Brokerages,"Pardo Insurance Agency, Llc",Doral,FL,2026-01-21,2026,1230000,1,Byline Bank,9.5,120.0,1.0,Active,False,False,2026-06-30
Insurance agencies,524210,Insurance Agencies and Brokerages,"Tedrick Insurance Agency, Inc.",Mount Vernon,IL,2026-01-21,2026,5000000,1,Peoples National Bank National Association,8.25,120.0,16.0,Active,False,False,2026-06-30
Advertising & marketing agencies,541910,Marketing Research and Public Opinion Polling,"True North Colab, Llc",Rocklin,CA,2026-01-21,2026,588000,1,The Huntington National Bank,9.25,120.0,3.0,Active,False,False,2026-06-30
Management consulting,541618,Other Management Consulting Services,Action Learning Associates Llc,Hollywood,FL,2026-01-22,2026,516700,1,"Readycap Lending, LLC",9.5,120.0,2.0,Active,False,False,2026-06-30
"Accounting, tax & bookkeeping",541213,Tax Preparation Services,Alden Street Advisory Llc,Maryville,TN,2026-01-22,2026,473000,1,United Midwest Savings Bank National Association,9.25,120.0,0.0,Active,False,False,2026-06-30
"Accounting, tax & bookkeeping",541211,Offices of Certified Public Accountants,Blue Haven Cpa Pllc,Harmony,NC,2026-01-22,2026,610000,2,Live Oak Banking Company,8.51,120.0,3.0,Active,False,True,2026-06-30
"Accounting, tax & bookkeeping",541211,Offices of Certified Public Accountants,"Bluebird Financial Services, Llc",Naples,FL,2026-01-22,2026,1027000,1,First Merchants Bank,9.5,180.0,3.0,Active,False,False,2026-06-30
Insurance agencies,524210,Insurance Agencies and Brokerages,"Carmona Book Two, Llc",Frisco,TX,2026-01-22,2026,300000,1,Live Oak Banking Company,10.24,120.0,1.0,Active,False,False,2026-06-30
Architecture & engineering,541330,Engineering Services,Connell Industries,Florham Park,NJ,2026-01-22,2026,950000,2,First Internet Bank of Indiana,9.25,120.0,8.0,Active,False,True,2026-06-30
"Accounting, tax & bookkeeping",541211,Offices of Certified Public Accountants,"Franklin Financial, Llc",Louisville,TN,2026-01-22,2026,150000,1,Meridian Bank,8.75,120.0,1.0,Not yet disbursed,False,False,2026-06-30
Advertising & marketing agencies,541840,Media Representatives,"Bbm, Llc",Fort Collins,CO,2026-01-23,2026,971000,2,The Huntington National Bank,8.75,120.0,28.0,Active,False,True,2026-06-30
Insurance agencies,524210,Insurance Agencies and Brokerages,Champion Insurance Partners Llc,Slidell,LA,2026-01-23,2026,272000,1,American Bank,9.75,120.0,3.0,Active,False,False,2026-06-30
"Accounting, tax & bookkeeping",541219,Other Accounting Services,"Crane Bookkeeping & Payroll Solutions, Llc",Fort Worth,TX,2026-01-23,2026,488500,1,Fifth Third Bank,6.75,120.0,9.0,Active,False,False,2026-06-30
Insurance agencies,524210,Insurance Agencies and Brokerages,"Mcfadden Insurance Agency, Llc",Nashville,TN,2026-01-23,2026,575000,1,Live Oak Banking Company,8.0,120.0,6.0,Active,False,False,2026-06-30
Architecture & engineering,541330,Engineering Services,"Rms Controls, Inc.",Spring,TX,2026-01-23,2026,2000000,1,Regions Bank,7.5,120.0,11.0,Active,False,False,2026-06-30
IT & software services,541519,Other Computer Related Services,"Wm Imaging Solutions, Inc.",Fort Wayne,IN,2026-01-23,2026,467000,1,First Federal Savings Bank,9.5,120.0,5.0,Not yet disbursed,False,False,2026-06-30
Architecture & engineering,541330,Engineering Services,Construction And Engineering Services Co,Orange Park,FL,2026-01-26,2026,4996000,2,The Huntington National Bank,8.15,120.0,64.0,Active,False,True,2026-06-30
Insurance agencies,524210,Insurance Agencies and Brokerages,"Crftpfjaf, Inc.",Fairfield,CA,2026-01-26,2026,385700,1,Citizens Bank,9.5,120.0,1.0,Active,False,False,2026-06-30
Law firms,541110,Offices of Lawyers,"Cannon Law Group, Llc",Columbia Falls,MT,2026-01-27,2026,704000,1,First Merchants Bank,9.5,120.0,0.0,Active,False,False,2026-06-30
"Accounting, tax & bookkeeping",541211,Offices of Certified Public Accountants,Oklahoma Cpa Group Llc,Oklahoma City,OK,2026-01-27,2026,973100,1,First United Bank and Trust Company,7.25,120.0,16.0,Active,False,False,2026-06-30
Management consulting,541611,Administrative Management and General Management Consulting Services,Tag Associates Inc.,Norwood,MA,2026-01-27,2026,2538000,1,First Bank of the Lake,8.75,120.0,9.0,Active,False,False,2026-06-30
Architecture & engineering,541330,Engineering Services,Dreamline Florida Holdings Inc,Coral Gables,FL,2026-01-28,2026,1750000,1,The Huntington National Bank,8.25,120.0,7.0,Active,False,False,2026-06-30
Financial advisors,523940,Portfolio Management and Investment Advice,Matthew M Harrison Llc,Mesa,AZ,2026-01-28,2026,2090000,1,Live Oak Banking Company,7.75,120.0,3.0,Active,False,False,2026-06-30
Advertising & marketing agencies,541430,Graphic Design Services,New England Brand Partners Inc.,Beverly,MA,2026-01-28,2026,900000,2,Webster Bank National Association,9.25,120.0,5.0,Active,False,True,2026-06-30
"Accounting, tax & bookkeeping",541211,Offices of Certified Public Accountants,"Rm Bedell & Associates, P.C.",Boulder,CO,2026-01-28,2026,882000,1,Encore Bank,9.25,120.0,5.0,Active,False,False,2026-06-30
IT & software services,541519,Other Computer Related Services,"Turn Sideways Media, Inc.",Los Angeles,CA,2026-01-28,2026,2135000,2,The Huntington National Bank,8.15,120.0,3.0,Active,False,True,2026-06-30
"Accounting, tax & bookkeeping",541213,Tax Preparation Services,Zh Tax Services Llc,Milwaukee,WI,2026-01-28,2026,209900,1,Associated Bank National Association,8.47,120.0,1.0,Active,False,False,2026-06-30
"Accounting, tax & bookkeeping",541219,Other Accounting Services,"Api Accounting, Tax & Advisory, Inc.",Concord,CA,2026-01-29,2026,3250000,1,United Midwest Savings Bank National Association,9.0,120.0,15.0,Active,False,False,2026-06-30
Insurance agencies,524210,Insurance Agencies and Brokerages,Hufstetler Insurance Group Llc,Massillon,OH,2026-01-29,2026,195000,1,Live Oak Banking Company,9.24,120.0,2.0,Active,False,False,2026-06-30
Insurance agencies,524210,Insurance Agencies and Brokerages,Noble Life & Health Llc,Wake Forest,NC,2026-01-29,2026,350000,1,Live Oak Banking Company,8.24,120.0,2.0,Active,False,False,2026-06-30
"Accounting, tax & bookkeeping",541211,Offices of Certified Public Accountants,Norvane Accounting & Tax Llc,Severna Park,MD,2026-01-29,2026,1115000,1,Firstrust Savings Bank,8.75,204.0,4.0,Active,False,False,2026-06-30
Management consulting,541611,Administrative Management and General Management Consulting Services,Tag Associates Inc.,Norwood,MA,2026-01-29,2026,250000,1,First Bank of the Lake,9.5,120.0,9.0,Not yet disbursed,True,True,2026-06-30
Architecture & engineering,541320,Landscape Architectural Services,"Waystone Landscapes, Llc",Ambler,PA,2026-01-29,2026,255000,1,Firstrust Savings Bank,8.75,120.0,5.0,Active,False,False,2026-06-30
Architecture & engineering,541320,Landscape Architectural Services,Zale'S Lawn And Landscaping Llc,Brockport,NY,2026-01-29,2026,200000,1,Five Star Bank,8.75,120.0,2.0,Active,True,True,2026-06-30
Architecture & engineering,541330,Engineering Services,Acoustic Sonic Technologies Llc,Miami,FL,2026-01-30,2026,542000,1,First Bank of the Lake,8.75,120.0,4.0,Active,False,False,2026-06-30
"Accounting, tax & bookkeeping",541211,Offices of Certified Public Accountants,"Avena Roberts & Company, Pc",El Paso,TX,2026-01-30,2026,1038300,2,Wells Fargo Bank National Association,7.65,120.0,5.0,Not yet disbursed,False,True,2026-06-30
Architecture & engineering,541350,Building Inspection Services,Hhis Enterprises Llc,Irmo,SC,2026-01-30,2026,777500,1,Citizens Bank,9.5,120.0,4.0,Active,False,False,2026-06-30
"Accounting, tax & bookkeeping",541213,Tax Preparation Services,"Rush Tax Preparation, Lnc.",Tucson,AZ,2026-01-30,2026,1125000,1,"PNC Bank, National Association",8.17,120.0,3.0,Active,False,False,2026-06-30
Management consulting,541611,Administrative Management and General Management Consulting Services,Tko Management Llc,Farmington,CT,2026-01-30,2026,3724000,1,ConnectOne Bank,8.75,120.0,7.0,Active,False,False,2026-06-30
Insurance agencies,524210,Insurance Agencies and Brokerages,"Delafuente Insurance Services 2, Inc.",El Paso,TX,2026-02-06,2026,138000,1,Live Oak Banking Company,9.24,120.0,10.0,Active,False,False,2026-06-30
Insurance agencies,524210,Insurance Agencies and Brokerages,Visin Investment Group Inc.,Fulshear,TX,2026-02-11,2026,4030000,1,Bankwell Bank,8.5,120.0,8.0,Active,False,False,2026-06-30
Management consulting,541618,Other Management Consulting Services,Encompass Solutions Inc.,Greensboro,NC,2026-02-12,2026,1308000,1,The Fidelity Bank,9.0,120.0,30.0,Active,False,False,2026-06-30
"Accounting, tax & bookkeeping",541219,Other Accounting Services,Nj Tax Advisers & Accountants Llp,Philadelphia,PA,2026-02-12,2026,628000,1,Wilmington Savings Fund Society FSB,8.75,120.0,7.0,Active,False,False,2026-06-30
"Accounting, tax & bookkeeping",541211,Offices of Certified Public Accountants,Roaring Fork Tax & Accounting,Basalt,CO,2026-02-12,2026,359000,1,First Internet Bank of Indiana,9.0,120.0,3.0,Active,False,False,2026-06-30
IT & software services,541519,Other Computer Related Services,"5Gstore.Com, Llc",Crystal Lake,IL,2026-02-13,2026,5000000,2,Live Oak Banking Company,8.1,120.0,2.0,Active,False,True,2026-06-30
Management consulting,541611,Administrative Management and General Management Consulting Services,Project Growth Holdings Llc,Wilmington,DE,2026-02-13,2026,2551500,1,Truliant FCU,9.25,120.0,9.0,Active,False,False,2026-06-30
Financial advisors,523940,Portfolio Management and Investment Advice,Sound View Financial Advisors Llc,Walpole,MA,2026-02-17,2026,250000,1,Live Oak Banking Company,9.24,120.0,1.0,Active,False,False,2026-06-30
Architecture & engineering,541310,Architectural Services,Miller Kelley Architects Inc.,San Francisco,CA,2026-02-18,2026,3130000,2,Live Oak Banking Company,8.35,120.0,22.0,Active,False,True,2026-06-30
IT & software services,541513,Computer Facilities Management Services,Renaps Usa Llc,Miami,FL,2026-02-18,2026,1165000,1,Live Oak Banking Company,8.25,120.0,5.0,Active,False,False,2026-06-30
"Accounting, tax & bookkeeping",541211,Offices of Certified Public Accountants,Rogers & Co Inc,La Junta,CO,2026-02-19,2026,427700,1,TowneBank,9.5,120.0,2.0,Active,False,False,2026-06-30
Management consulting,541618,Other Management Consulting Services,Sai Business Solutions Llc,Houston,TX,2026-02-19,2026,4200000,1,Byline Bank,9.5,120.0,60.0,Not yet disbursed,False,False,2026-06-30
Advertising & marketing agencies,541890,Other Services Related to Advertising,Sunshine Custom Promotions Llc,Anchorage,AK,2026-02-20,2026,750000,1,First National Bank Alaska,9.05,186.0,4.0,Active,False,False,2026-06-30
"Accounting, tax & bookkeeping",541213,Tax Preparation Services,Crestwood Tax & Advisory Llc,Newark,OH,2026-02-23,2026,1103000,1,First Internet Bank of Indiana,9.25,120.0,6.0,Active,False,False,2026-06-30
Management consulting,541611,Administrative Management and General Management Consulting Services,"Denver Mental Health Collective, Llc",Salt Lake City,UT,2026-02-23,2026,3000000,1,Byline Bank,9.25,120.0,1.0,Active,False,False,2026-06-30
"Accounting, tax & bookkeeping",541219,Other Accounting Services,"Empyrean Cpas, P.C.",Spring City,PA,2026-02-23,2026,1633000,1,Banc of California,7.0,120.0,3.0,Active,False,False,2026-06-30
IT & software services,541513,Computer Facilities Management Services,Pft Group Llc,Wichita,KS,2026-02-23,2026,1656100,1,OakStar Bank,9.5,120.0,24.0,Active,False,False,2026-06-30
Architecture & engineering,541380,Testing Laboratories and Services,Wellness Of Middle Tennessee Llc,Brentwood,TN,2026-02-23,2026,900000,2,The Huntington National Bank,9.0,120.0,4.0,Active,False,True,2026-06-30
IT & software services,541512,Computer Systems Design Services,"Dba E-Tech Associates, Dba Mymanagedtech, Dba Jh3 Technology Solutions, Jh3Ts, Jh3H3,",Mount Laurel,NJ,2026-02-24,2026,500000,1,First Internet Bank of Indiana,8.75,120.0,2.0,Active,False,False,2026-06-30
"Accounting, tax & bookkeeping",541219,Other Accounting Services,"Rachel Dauchy Bookkeeping, Llc",Bloomfield Hills,MI,2026-02-24,2026,1083700,1,The Farmers and Merchants State Bank,9.25,120.0,8.0,Active,False,False,2026-06-30
IT & software services,541519,Other Computer Related Services,"Ezlocal Holdings, Llc",Lisle,IL,2026-02-25,2026,3750000,1,Pathward National Association,9.5,120.0,22.0,Active,False,False,2026-06-30
Insurance agencies,524210,Insurance Agencies and Brokerages,"Oncken Insurance Agency, P.C.",Cypress,TX,2026-02-25,2026,350000,1,Live Oak Banking Company,9.24,120.0,1.0,Active,False,False,2026-06-30
IT & software services,541511,Custom Computer Programming Services,Wizcom Corporation,Princeton,NJ,2026-02-25,2026,100000,1,Pathward National Association,9.75,120.0,50.0,Not yet disbursed,True,True,2026-06-30
IT & software services,541512,Computer Systems Design Services,Blennd Llc,Greenwood Village,CO,2026-02-26,2026,843000,2,The Huntington National Bank,8.75,120.0,6.0,Active,False,True,2026-06-30
Advertising & marketing agencies,541430,Graphic Design Services,Chromagraphics,Santa Rosa,CA,2026-02-26,2026,3505200,1,The Bancorp Bank National Association,8.0,120.0,21.0,Active,False,False,2026-06-30
"Accounting, tax & bookkeeping",541211,Offices of Certified Public Accountants,Arbo Partners Ga-02 Blairsville Llc,Blairsville,GA,2026-02-27,2026,1235000,1,Midwest BankCentre,8.75,120.0,8.0,Active,False,False,2026-06-30
Insurance agencies,524210,Insurance Agencies and Brokerages,"Huntsman Agency, Llc",Idaho Falls,ID,2026-02-27,2026,195000,1,Live Oak Banking Company,10.24,120.0,3.0,Active,False,False,2026-06-30
Architecture & engineering,541330,Engineering Services,Pen-Mar Environmental Llc,Hatfield,PA,2026-02-27,2026,790200,1,QNB Bank,8.0,120.0,8.0,Active,False,False,2026-06-30
"Accounting, tax & bookkeeping",541211,Offices of Certified Public Accountants,The Fork Cpas,Santa Monica,CA,2026-02-27,2026,3935000,1,Beacon Bank and Trust,9.0,120.0,33.0,Active,False,False,2026-06-30
IT & software services,541513,Computer Facilities Management Services,"Mainspring, Inc.",Frederick,MD,2026-02-28,2026,250000,1,Potomac Bank,8.75,60.0,42.0,Not yet disbursed,True,True,2026-06-30
"Accounting, tax & bookkeeping",541211,Offices of Certified Public Accountants,Aegis Accounting Llc,Raleigh,NC,2026-03-03,2026,343800,1,Gulf Coast Bank and Trust Company,9.25,120.0,3.0,Active,False,False,2026-06-30
"Accounting, tax & bookkeeping",541213,Tax Preparation Services,Mary Artz Tax & Business Services Inc,Stayton,OR,2026-03-03,2026,1156000,2,Gesa CU,8.25,168.0,3.0,Active,False,True,2026-06-30
Law firms,541110,Offices of Lawyers,"One Claim Solutions, Llc",Gilbert,AZ,2026-03-04,2026,1030000,1,Climate First Bank,9.0,120.0,94.0,Not yet disbursed,False,False,2026-06-30
Law firms,541110,Offices of Lawyers,"Volpe Law, Llc",Parker,CO,2026-03-04,2026,250000,1,Wings Credit Union,9.75,120.0,9.0,Active,False,False,2026-06-30
Management consulting,541611,Administrative Management and General Management Consulting Services,"The New Standard, Llc",Atlanta,GA,2026-03-09,2026,3894200,2,The Huntington National Bank,8.15,120.0,24.0,Active,False,True,2026-06-30
Management consulting,541611,Administrative Management and General Management Consulting Services,"Smarterhsa, Llc",Chanhassen,MN,2026-03-10,2026,2574100,1,Old National Bank,7.74,120.0,2.0,Active,False,False,2026-06-30
"Accounting, tax & bookkeeping",541211,Offices of Certified Public Accountants,"Thompson Flaherty Accountants & Tax Consultants, Llc",Edwardsville,IL,2026-03-10,2026,2206000,1,Heritage Bank Inc,8.75,120.0,8.0,Active,False,False,2026-06-30
Law firms,541110,Offices of Lawyers,Atkinson Law Post Falls Pllc,Post Falls,ID,2026-03-11,2026,515000,1,Integro Bank,9.75,120.0,4.0,Active,False,False,2026-06-30
Advertising & marketing agencies,541850,Indoor and Outdoor Display Advertising,Signs And Design Llc,New Orleans,LA,2026-03-12,2026,838000,1,The Citizens National Bank of Meridian,8.75,312.0,9.0,Active,False,False,2026-06-30
Insurance agencies,524210,Insurance Agencies and Brokerages,"Derek Maddox Agency, Llc",Bellevue,MI,2026-03-13,2026,169200,1,Kellogg Community CU,8.75,120.0,2.0,Active,False,False,2026-06-30
Architecture & engineering,541330,Engineering Services,"Lombardo Associates, Inc.",Millsap,TX,2026-03-13,2026,1188000,2,The Huntington National Bank,8.5,120.0,3.0,Active,False,True,2026-06-30
Advertising & marketing agencies,541810,Advertising Agencies,Perceptiv Holdings Llc,Pasadena,CA,2026-03-13,2026,830000,1,Live Oak Banking Company,8.5,120.0,5.0,Active,False,False,2026-06-30
IT & software services,541519,Other Computer Related Services,"The Retail Computer Group, Llc",Massillon,OH,2026-03-13,2026,1184000,1,First Commonwealth Bank,9.25,120.0,14.0,Active,False,False,2026-06-30
Insurance agencies,524210,Insurance Agencies and Brokerages,"Ymi Agency, Inc",Stroudsburg,PA,2026-03-13,2026,2320000,1,Live Oak Banking Company,7.75,120.0,16.0,Active,False,False,2026-06-30
Insurance agencies,524210,Insurance Agencies and Brokerages,"E.G. Bowman Co., Inc.",Coral Gables,FL,2026-03-17,2026,480000,1,Live Oak Banking Company,8.24,120.0,6.0,Active,False,False,2026-06-30
Advertising & marketing agencies,541890,Other Services Related to Advertising,"Rampart Payments, Inc",Atlanta,GA,2026-03-19,2026,2875000,1,Live Oak Banking Company,8.25,120.0,3.0,Active,False,False,2026-06-30
"Accounting, tax & bookkeeping",541219,Other Accounting Services,Prod Co Accountants Llc,Denton,TX,2026-03-23,2026,372000,1,Midwest BankCentre,9.5,120.0,4.0,Active,False,False,2026-06-30
Insurance agencies,524210,Insurance Agencies and Brokerages,Southern Insurance Professionals Llc,Gulfport,MS,2026-03-23,2026,394400,1,Hancock Whitney Bank,8.75,120.0,4.0,Active,False,False,2026-06-30
Insurance agencies,524210,Insurance Agencies and Brokerages,Turman Insurance Agency,Germantown,TN,2026-03-23,2026,148900,1,The Citizens National Bank of Meridian,9.5,120.0,2.0,Active,False,False,2026-06-30
"Accounting, tax & bookkeeping",541211,Offices of Certified Public Accountants,Ktg Cpa Ii Llc,Pittsburgh,PA,2026-03-24,2026,499500,1,"NexTier Bank, National Association",7.75,120.0,3.0,Active,False,False,2026-06-30
Insurance agencies,524210,Insurance Agencies and Brokerages,"Yellow Ribbon Insurance, Llc",New Albany,IN,2026-03-24,2026,435000,1,First Harrison Bank,9.0,120.0,9.0,Active,False,False,2026-06-30
"Accounting, tax & bookkeeping",541211,Offices of Certified Public Accountants,Antoine Rushing Accounting Pllc,Arlington,TX,2026-03-25,2026,248000,1,United Midwest Savings Bank National Association,9.0,120.0,1.0,Active,False,False,2026-06-30
IT & software services,541511,Custom Computer Programming Services,Create Multimedia Llc,Austin,TX,2026-03-25,2026,876000,1,"T Bank, National Association",8.75,120.0,15.0,Active,False,False,2026-06-30
Architecture & engineering,541380,Testing Laboratories and Services,Performance Testing Services Inc.,Allendale,MI,2026-03-25,2026,1260000,1,"Macatawa Bank, National Association",6.75,120.0,5.0,Active,False,False,2026-06-30
Architecture & engineering,541320,Landscape Architectural Services,Yard & Soul Landscapes Llc,Islip Terrace,NY,2026-03-25,2026,187000,1,Dime Commercial Bank,9.75,120.0,0.0,Active,False,False,2026-06-30
IT & software services,541512,Computer Systems Design Services,Apex Security Solutions Llc,Charleston,SC,2026-03-26,2026,2650000,1,"VelocitySBA, LLC",9.75,120.0,20.0,Active,False,False,2026-06-30
Insurance agencies,524210,Insurance Agencies and Brokerages,"Henry Financial Group, Inc.",Mooresville,NC,2026-03-26,2026,382000,1,Celtic Bank Corporation,8.75,120.0,6.0,Active,False,False,2026-06-30
Architecture & engineering,541320,Landscape Architectural Services,"Nolan Engineering, Pllc",Clinton,NY,2026-03-27,2026,466000,1,New York Business Development Corporation,9.5,120.0,16.0,Not yet disbursed,False,False,2026-06-30
Architecture & engineering,541380,Testing Laboratories and Services,Performance Testing Services Inc.,Allendale,MI,2026-03-30,2026,100000,1,"Macatawa Bank, National Association",9.75,84.0,5.0,Active,True,True,2026-06-30
Advertising & marketing agencies,541810,Advertising Agencies,Little Dog Agency Acquisitions Llc,Red Oak,TX,2026-03-31,2026,1070000,1,United Midwest Savings Bank National Association,9.5,120.0,4.0,Active,False,False,2026-06-30
"Accounting, tax & bookkeeping",541219,Other Accounting Services,Lrs Tax Group,Burbank,CA,2026-03-31,2026,348000,1,United Midwest Savings Bank National Association,9.25,120.0,3.0,Active,False,False,2026-06-30
Architecture & engineering,541330,Engineering Services,Sheer Engineering Consultants Llc,Chadds Ford,PA,2026-03-31,2026,100000,1,Beacon Bank and Trust,7.75,120.0,7.0,Active,True,True,2026-06-30
"Accounting, tax & bookkeeping",541219,Other Accounting Services,"Once Upon A Ledger, Llc",Grand Rapids,MI,2026-04-01,2026,215000,2,The Huntington National Bank,9.0,120.0,4.0,Active,False,True,2026-06-30
Advertising & marketing agencies,541820,Public Relations Agencies,Kickstand Holdings Inc.,Austin,TX,2026-04-03,2026,1209000,2,"Zions Bank, A Division of",6.25,120.0,23.0,Active,False,True,2026-06-30
Financial advisors,523940,Portfolio Management and Investment Advice,Plattehaven Solutions Llc,Omaha,NE,2026-04-03,2026,350000,1,Live Oak Banking Company,11.25,120.0,3.0,Active,False,False,2026-06-30
Advertising & marketing agencies,541810,Advertising Agencies,Matyx Agency Llc,Rhinebeck,NY,2026-04-08,2026,3468000,1,Byline Bank,9.25,120.0,28.0,Active,False,False,2026-06-30
Law firms,541191,Title Abstract and Settlement Offices,Aitkin County Abstract Company,Cloquet,MN,2026-04-09,2026,349900,1,Bell Bank,8.25,120.0,16.0,Active,False,False,2026-06-30
IT & software services,541511,Custom Computer Programming Services,Contractor Tools Llc,Mckinney,TX,2026-04-09,2026,5000000,1,Pathward National Association,9.5,120.0,2.0,Not yet disbursed,False,False,2026-06-30
Insurance agencies,524210,Insurance Agencies and Brokerages,Jamison Insurance Agency Llc,Bensenville,IL,2026-04-09,2026,155000,1,Live Oak Banking Company,9.24,120.0,4.0,Active,False,False,2026-06-30
Advertising & marketing agencies,541613,Marketing Consulting Services,Turnkey Management Llc,Naperville,IL,2026-04-09,2026,1430000,1,Pathward National Association,9.5,120.0,2.0,Not yet disbursed,False,False,2026-06-30
"Accounting, tax & bookkeeping",541211,Offices of Certified Public Accountants,"Phillips Cpa, Pc",Nashville,TN,2026-04-10,2026,914500,2,The Huntington National Bank,8.75,120.0,2.0,Active,False,True,2026-06-30
"Accounting, tax & bookkeeping",541211,Offices of Certified Public Accountants,Alpine Mar Llc,Coral Springs,FL,2026-04-12,2026,1153000,1,Seacoast National Bank,7.75,120.0,32.0,Active,False,False,2026-06-30
"Accounting, tax & bookkeeping",541213,Tax Preparation Services,Bona Chance Llc,Spokane,WA,2026-04-12,2026,3600000,2,Pathward National Association,9.25,120.0,2.0,Active,False,True,2026-06-30
Management consulting,541614,"Process, Physical Distribution, and Logistics Consulting Services","Integrated Corporate Wellness Solutions, Llc",Lexington,KY,2026-04-12,2026,401300,1,Republic Bank & Trust Company,7.75,120.0,6.0,Active,False,False,2026-06-30
"Accounting, tax & bookkeeping",541211,Offices of Certified Public Accountants,"Villard Cpa Group, Apc",San Diego,CA,2026-04-12,2026,1750000,1,Live Oak Banking Company,8.25,120.0,7.0,Active,False,False,2026-06-30
Insurance agencies,524210,Insurance Agencies and Brokerages,Idr Llc,Biloxi,MS,2026-04-14,2026,117000,1,The Huntington National Bank,9.5,120.0,5.0,Not yet disbursed,False,False,2026-06-30
Advertising & marketing agencies,541430,Graphic Design Services,Jml Studios Llc,Saginaw,MI,2026-04-14,2026,81000,1,1st State Bank,8.25,84.0,9.0,Active,True,False,2026-06-30
Architecture & engineering,541330,Engineering Services,"Fathom 4,Llc",Charleston,SC,2026-04-15,2026,3080000,1,"Bank of America, National Association",5.85,84.0,90.0,Active,False,False,2026-06-30
Advertising & marketing agencies,541613,Marketing Consulting Services,Constant Pursuit Marketing Llc,Gilbert,AZ,2026-04-16,2026,278000,1,OneAZ CU,8.75,120.0,3.0,Active,False,False,2026-06-30
Architecture & engineering,541370,Surveying and Mapping (except Geophysical) Services,"Snipes Engineering, Inc.",La Mesa,CA,2026-04-17,2026,1963700,1,Western Alliance Bank,8.5,120.0,21.0,Active,False,False,2026-06-30
Advertising & marketing agencies,541613,Marketing Consulting Services,Tje Growth Partners Llc,Salem,UT,2026-04-17,2026,350000,1,Live Oak Banking Company,10.5,120.0,1.0,Active,False,False,2026-06-30
Insurance agencies,524210,Insurance Agencies and Brokerages,Rosales Agency Inc.,Agoura Hills,CA,2026-04-19,2026,5000000,1,Port 51 Lending LLC,9.5,120.0,5.0,Not yet disbursed,False,False,2026-06-30
IT & software services,541512,Computer Systems Design Services,Upside Services Inc.,Arlington Heights,IL,2026-04-19,2026,1000000,1,Live Oak Banking Company,8.08,120.0,30.0,Active,False,False,2026-06-30
Insurance agencies,524210,Insurance Agencies and Brokerages,Umbrella Insurance Agency Llc,Ann Arbor,MI,2026-04-25,2026,295000,1,DFCU Financial,9.25,120.0,6.0,Not yet disbursed,False,False,2026-06-30
Architecture & engineering,541330,Engineering Services,Enviropfas,Winter Haven,FL,2026-04-29,2026,399700,2,The Huntington National Bank,9.25,120.0,6.0,Active,False,True,2026-06-30
Architecture & engineering,541310,Architectural Services,Jh Design And Construction Llc,Rye,NY,2026-04-29,2026,4290000,1,Happen Bank,9.0,180.0,24.0,Not yet disbursed,False,False,2026-06-30
"Accounting, tax & bookkeeping",541219,Other Accounting Services,Finaccurate Llc,Woburn,MA,2026-04-30,2026,2493000,1,United Midwest Savings Bank National Association,8.75,120.0,7.0,Active,False,False,2026-06-30
Management consulting,541611,Administrative Management and General Management Consulting Services,"Proactive Billing And Consulting Agency, Llc",Panorama City,CA,2026-05-01,2026,2156300,1,First-Citizens Bank & Trust Company,8.75,120.0,4.0,Not yet disbursed,False,False,2026-06-30
"Accounting, tax & bookkeeping",541211,Offices of Certified Public Accountants,"Umpqua Valley Financial, Llc",Roseburg,OR,2026-05-04,2026,1502500,2,"T Bank, National Association",8.75,120.0,16.0,Active,False,False,2026-06-30
"Accounting, tax & bookkeeping",541211,Offices of Certified Public Accountants,Mitchell J. Howard Cpa P.A.,Hollywood,FL,2026-05-05,2026,2233000,1,"Amerant Bank, National Association",8.75,120.0,8.0,Not yet disbursed,False,False,2026-06-30
Insurance agencies,524210,Insurance Agencies and Brokerages,Smith Insurance & Risk Management Llc,Sarasota,FL,2026-05-05,2026,2190000,1,Gulfside Bank,9.35,300.0,5.0,Active,False,False,2026-06-30
Architecture & engineering,541310,Architectural Services,La Group Design Studio Llc,Calabasas,CA,2026-05-06,2026,795000,2,The Huntington National Bank,9.5,120.0,5.0,Not yet disbursed,False,True,2026-06-30
Advertising & marketing agencies,541613,Marketing Consulting Services,"Megel & O'Connell Enterprises, Llc",Elmhurst,IL,2026-05-08,2026,2650500,1,CIBC Bank USA,8.75,120.0,23.0,Active,False,False,2026-06-30
"Accounting, tax & bookkeeping",541211,Offices of Certified Public Accountants,Creative Advising Llc,Post Falls,ID,2026-05-11,2026,799000,1,Live Oak Banking Company,8.75,120.0,3.0,Active,False,False,2026-06-30
Insurance agencies,524210,Insurance Agencies and Brokerages,"Co Insurance Specialist, Llc",Wheat Ridge,CO,2026-05-14,2026,729000,1,"Community Banks of Colorado, A Division of NBH Bank",6.75,120.0,0.0,Not yet disbursed,False,False,2026-06-30
Law firms,541191,Title Abstract and Settlement Offices,Key Settlement Services Llc,Du Bois,PA,2026-05-20,2026,400000,1,Enterprise Bank,9.75,120.0,2.0,Not yet disbursed,False,False,2026-06-30
Insurance agencies,524210,Insurance Agencies and Brokerages,Sterling Shield Insurance Llc,Sparks,NV,2026-05-20,2026,1305000,1,United Midwest Savings Bank National Association,9.5,120.0,1.0,Active,False,False,2026-06-30
Insurance agencies,524210,Insurance Agencies and Brokerages,El Tigre De Los Seguros Llc,Charlotte,NC,2026-05-21,2026,265000,1,Live Oak Banking Company,10.24,120.0,6.0,Not yet disbursed,False,False,2026-06-30
Insurance agencies,524210,Insurance Agencies and Brokerages,Henson And Sons Insurance Agency Llc,Edmond,OK,2026-05-22,2026,890000,1,Live Oak Banking Company,8.0,120.0,5.0,Not yet disbursed,False,False,2026-06-30
Insurance agencies,524210,Insurance Agencies and Brokerages,Paragon Insurance Group Llc,Media,PA,2026-05-26,2026,1080000,1,Meridian Bank,8.75,120.0,3.0,Not yet disbursed,False,False,2026-06-30
"Accounting, tax & bookkeeping",541219,Other Accounting Services,Bennett & Company Llc,Chesterfiled,MI,2026-05-27,2026,1163000,2,The Huntington National Bank,7.75,120.0,2.0,Not yet disbursed,False,True,2026-06-30
Architecture & engineering,541310,Architectural Services,Cresanti Incorporated,Portland,OR,2026-05-27,2026,1244900,1,Truliant FCU,9.75,120.0,10.0,Not yet disbursed,False,False,2026-06-30
Advertising & marketing agencies,541890,Other Services Related to Advertising,Greener Legacy Group Corp.,Naples,FL,2026-05-27,2026,686000,1,Byline Bank,9.5,120.0,6.0,Not yet disbursed,False,False,2026-06-30
Architecture & engineering,541310,Architectural Services,"Baysinger Architects, Pllc",Marion,IL,2026-05-29,2026,3430000,1,Peoples National Bank National Association,7.25,120.0,16.0,Not yet disbursed,False,False,2026-06-30
"Accounting, tax & bookkeeping",541211,Offices of Certified Public Accountants,"Four Points Accounting & Advisory, Llc",Mt Zion,IL,2026-05-29,2026,202000,1,"First Mid Bank & Trust, National Association",8.25,120.0,1.0,Not yet disbursed,False,False,2026-06-30
Advertising & marketing agencies,541810,Advertising Agencies,"Marathon Media Services, Llc",Charles City,IA,2026-06-01,2026,350000,1,First Security Bank & Trust Company,9.5,120.0,1.0,Not yet disbursed,False,False,2026-06-30
IT & software services,541511,Custom Computer Programming Services,Mamm Llc,San Anselmo,CA,2026-06-02,2026,780000,1,Bankwell Bank,9.5,120.0,4.0,Not yet disbursed,False,False,2026-06-30
Architecture & engineering,541330,Engineering Services,"Northmark, Llc",Troutman,NC,2026-06-02,2026,572100,1,The Fidelity Bank,8.75,120.0,4.0,Not yet disbursed,False,False,2026-06-30
IT & software services,541512,Computer Systems Design Services,Projitz Llc,Nashua,NH,2026-06-02,2026,2000000,2,Bangor Savings Bank,6.7,84.0,14.0,Not yet disbursed,False,True,2026-06-30
Advertising & marketing agencies,541810,Advertising Agencies,"Promotion Experiential Marketing, Inc.",Chesterfield,MO,2026-06-02,2026,4135900,1,"T Bank, National Association",8.75,120.0,3.0,Not yet disbursed,False,False,2026-06-30
Insurance agencies,524210,Insurance Agencies and Brokerages,"Trusummit Holdings, Llc",Concord,CA,2026-06-02,2026,1530000,1,Live Oak Banking Company,7.75,120.0,1.0,Not yet disbursed,False,False,2026-06-30
Management consulting,541614,"Process, Physical Distribution, and Logistics Consulting Services",Yg Logistics Llc,Mc Lean,VA,2026-06-02,2026,1000000,1,Lafayette Federal Credit Union,8.75,120.0,8.0,Not yet disbursed,False,False,2026-06-30
Architecture & engineering,541310,Architectural Services,"C&J Design, Llc",Conway,SC,2026-06-03,2026,483000,2,First Internet Bank of Indiana,8.25,120.0,1.0,Not yet disbursed,False,True,2026-06-30
Advertising & marketing agencies,541810,Advertising Agencies,"Stephens Advertising, Inc",Kettering,OH,2026-06-03,2026,4600000,2,The Huntington National Bank,7.99,120.0,41.0,Not yet disbursed,False,True,2026-06-30
"Accounting, tax & bookkeeping",541219,Other Accounting Services,"A & B Professional Service, Inc.",Oklahoma City,OK,2026-06-04,2026,1187000,1,"T Bank, National Association",9.25,120.0,11.0,Not yet disbursed,False,False,2026-06-30
Advertising & marketing agencies,541810,Advertising Agencies,Augmenta Group Llc,Summit,NJ,2026-06-05,2026,1409400,1,Provident Bank,9.5,120.0,3.0,Not yet disbursed,False,False,2026-06-30
Advertising & marketing agencies,541810,Advertising Agencies,Blackthorn Holdings Llc,Philadelphia,PA,2026-06-05,2026,790000,1,HomeTrust Bank,9.5,120.0,12.0,Not yet disbursed,False,False,2026-06-30
Architecture & engineering,541360,Geophysical Surveying and Mapping Services,Eastern Topographics & Lakes Region Survey Service,Wolfeboro,NH,2026-06-05,2026,1600000,1,First Internet Bank of Indiana,9.5,120.0,3.0,Not yet disbursed,False,False,2026-06-30
Insurance agencies,524210,Insurance Agencies and Brokerages,Najjar Second Agency Llc,Indianapolis,IN,2026-06-05,2026,747000,1,United Midwest Savings Bank National Association,9.25,120.0,2.0,Active,False,False,2026-06-30
Architecture & engineering,541380,Testing Laboratories and Services,Precision Dental Studio,San Luis Obispo,CA,2026-06-05,2026,380000,1,The Bancorp Bank National Association,7.75,120.0,4.0,Not yet disbursed,False,False,2026-06-30
Management consulting,541612,Human Resources Consulting Services,Corso Ventures Llc,Mount Joy,PA,2026-06-08,2026,1331900,2,The Huntington National Bank,8.25,120.0,15.0,Not yet disbursed,False,True,2026-06-30
Management consulting,541690,Other Scientific and Technical Consulting Services,North Slope Industries Llc,Springville,UT,2026-06-08,2026,301500,2,The Huntington National Bank,9.5,120.0,6.0,Not yet disbursed,False,True,2026-06-30
IT & software services,541512,Computer Systems Design Services,A.I.M. Technical Consultants Inc.,Hampton,VA,2026-06-10,2026,3667000,1,First Merchants Bank,9.5,120.0,20.0,Not yet disbursed,False,False,2026-06-30
IT & software services,541519,Other Computer Related Services,Aptclarity Systems Llc,Walnut Creek,CA,2026-06-10,2026,2740700,2,The Huntington National Bank,8.5,120.0,1.0,Not yet disbursed,False,True,2026-06-30
Advertising & marketing agencies,541810,Advertising Agencies,Silver Peak Kb4 Sw Llc,Renton,WA,2026-06-10,2026,1541500,1,The Huntington National Bank,8.5,120.0,2.0,Not yet disbursed,False,False,2026-06-30
Insurance agencies,524210,Insurance Agencies and Brokerages,"Insursmart Insurance Services, Inc.",Glendale,CA,2026-06-12,2026,1280000,1,Live Oak Banking Company,8.24,120.0,2.0,Not yet disbursed,False,False,2026-06-30
"Accounting, tax & bookkeeping",541211,Offices of Certified Public Accountants,Legacy Park Advisors,San Diego,CA,2026-06-12,2026,3727000,1,First Business Bank,8.75,120.0,30.0,Not yet disbursed,False,False,2026-06-30
Advertising & marketing agencies,541810,Advertising Agencies,Netto Services Co.,Atlanta,GA,2026-06-12,2026,535000,1,Celtic Bank Corporation,9.75,120.0,1.0,Not yet disbursed,False,False,2026-06-30
Insurance agencies,524210,Insurance Agencies and Brokerages,"David S. White, Inc.",Raleigh,NC,2026-06-15,2026,100000,1,Live Oak Banking Company,10.24,120.0,3.0,Not yet disbursed,False,False,2026-06-30
Insurance agencies,524210,Insurance Agencies and Brokerages,"Delafuente Insurance Services 2, Inc.",El Paso,TX,2026-06-15,2026,208500,1,Live Oak Banking Company,9.24,120.0,10.0,Not yet disbursed,False,False,2026-06-30
Insurance agencies,524210,Insurance Agencies and Brokerages,Leigh A. Mccloskey,Needham Heights,MA,2026-06-16,2026,1660000,1,Live Oak Banking Company,7.15,120.0,3.0,Not yet disbursed,False,False,2026-06-30
Law firms,541110,Offices of Lawyers,"Steven Wiggs, Pc",Phoenix,AZ,2026-06-17,2026,359000,1,America First Federal Credit Union,7.0,120.0,4.0,Not yet disbursed,False,False,2026-06-30
Architecture & engineering,541330,Engineering Services,"Synergy Earth Systems, L.L.C.",Daphne,AL,2026-06-17,2026,5000000,1,Bankwell Bank,9.25,120.0,36.0,Not yet disbursed,False,False,2026-06-30
Management consulting,541612,Human Resources Consulting Services,Ciel Advisory Llc,Gilbert,AZ,2026-06-18,2026,905000,1,"VelocitySBA, LLC",9.0,120.0,7.0,Not yet disbursed,False,False,2026-06-30
Management consulting,541611,Administrative Management and General Management Consulting Services,Global Consulting Services Group,Somerville,NJ,2026-06-18,2026,2030000,2,First Internet Bank of Indiana,9.25,120.0,20.0,Not yet disbursed,False,True,2026-06-30
IT & software services,541519,Other Computer Related Services,It Practice Holdings Llc,Raleigh,NC,2026-06-18,2026,4348000,1,TowneBank,7.75,120.0,15.0,Not yet disbursed,False,False,2026-06-30
Insurance agencies,524210,Insurance Agencies and Brokerages,Wilson'S Insurance Agency Llc,Highland,IN,2026-06-18,2026,814000,1,First Bank of Central Ohio,8.75,120.0,4.0,Not yet disbursed,False,False,2026-06-30
Management consulting,541618,Other Management Consulting Services,Doug Rasmussen Consulting Llc,Saint Louis,MO,2026-06-22,2026,1141000,1,Midwest Regional Bank,9.0,120.0,21.0,Not yet disbursed,False,False,2026-06-30
Insurance agencies,524210,Insurance Agencies and Brokerages,"Newport Advisory Group, Llc",Providence,UT,2026-06-22,2026,250000,1,Live Oak Banking Company,8.75,120.0,4.0,Not yet disbursed,True,True,2026-06-30
"Accounting, tax & bookkeeping",541219,Other Accounting Services,Trace Advisory Group Llc,Encino,CA,2026-06-22,2026,898600,1,United Midwest Savings Bank National Association,9.0,120.0,3.0,Active,False,False,2026-06-30
"Accounting, tax & bookkeeping",541211,Offices of Certified Public Accountants,Pacific Consulting Services,Vienna,VA,2026-06-23,2026,700000,2,Live Oak Banking Company,8.75,120.0,2.0,Not yet disbursed,False,True,2026-06-30
Insurance agencies,524210,Insurance Agencies and Brokerages,Powell Agency Llc,Spartanburg,SC,2026-06-23,2026,584500,1,TowneBank,9.5,120.0,0.0,Not yet disbursed,False,False,2026-06-30
Management consulting,541690,Other Scientific and Technical Consulting Services,"Sumerlan Management Group, Llc",Saratoga Springs,UT,2026-06-23,2026,740000,1,"UMB Bank, National Association",6.99,84.0,2.0,Not yet disbursed,False,False,2026-06-30
IT & software services,541519,Other Computer Related Services,"Reese Infrastructure Group, Llc Dba Techvar",Conroe,TX,2026-06-24,2026,371000,1,Colony Bank,9.0,120.0,5.0,Not yet disbursed,False,False,2026-06-30
Architecture & engineering,541330,Engineering Services,"Spangler Engineering, Llc",Hammond,LA,2026-06-24,2026,1170000,1,Gulf Coast Bank and Trust Company,9.5,120.0,11.0,Not yet disbursed,False,False,2026-06-30
Advertising & marketing agencies,541890,Other Services Related to Advertising,Ajs Business Solutions Llc,Apopka,FL,2026-06-25,2026,940000,1,Fifth Third Bank,9.75,120.0,5.0,Not yet disbursed,False,False,2026-06-30
IT & software services,541519,Other Computer Related Services,"Genex Systems, Llc",Newport News,VA,2026-06-25,2026,5000000,1,Seacoast National Bank,9.0,120.0,6.0,Not yet disbursed,False,False,2026-06-30
Architecture & engineering,541330,Engineering Services,"Koru Group, Inc.",El Cajon,CA,2026-06-25,2026,3298000,1,Fifth Third Bank,6.75,120.0,14.0,Not yet disbursed,False,False,2026-06-30
Advertising & marketing agencies,541840,Media Representatives,Localmagnifier Inc.,Columbia,MD,2026-06-25,2026,590000,2,Pinnacle Bank,9.0,120.0,2.0,Not yet disbursed,False,True,2026-06-30
Management consulting,541620,Environmental Consulting Services,Echo Rdm Llc,Gilbert,AZ,2026-06-26,2026,350000,1,Live Oak Banking Company,10.24,120.0,2.0,Not yet disbursed,False,False,2026-06-30
"Accounting, tax & bookkeeping",541211,Offices of Certified Public Accountants,Nhec Llc,Bel Air,MD,2026-06-26,2026,1950000,1,Grasshopper Bank National Association,9.25,120.0,16.0,Not yet disbursed,False,False,2026-06-30
"Accounting, tax & bookkeeping",541211,Offices of Certified Public Accountants,Basso Cpas Pllc,Des Plaines,IL,2026-06-29,2026,350000,1,Live Oak Banking Company,10.24,120.0,2.0,Not yet disbursed,False,False,2026-06-30
"Accounting, tax & bookkeeping",541211,Offices of Certified Public Accountants,College Hill Tax Preparation Llc,Stroudsburg,PA,2026-06-30,2026,107500,2,Wayne Bank,8.25,120.0,5.0,Not yet disbursed,False,False,2026-06-30
"Accounting, tax & bookkeeping",541219,Other Accounting Services,Global Strategies Holdings Llc,Houston,TX,2026-06-30,2026,1415000,1,"VelocitySBA, LLC",9.25,120.0,11.0,Not yet disbursed,False,False,2026-06-30
Insurance agencies,524210,Insurance Agencies and Brokerages,Mrl Insurance Agency Llc,Saratoga,CA,2026-06-30,2026,443000,1,United Midwest Savings Bank National Association,9.5,120.0,2.0,Not yet disbursed,False,False,2026-06-30
